2;USA;Idaho;Ada;;W116.126;N43.4167;9;
2;USA;Idaho;Adams;;W116.629;N45.2528;9;
2;USA;Idaho;Bannock;;W112.212;N42.6508;9;
2;USA;Idaho;Bear Lake;;W111.314;N42.3125;9;
2;USA;Idaho;Benewah;;W116.626;N47.2083;9;
2;USA;Idaho;Bingham;;W112.312;N43.1742;9;
2;USA;Idaho;Blaine;;W114.876;N43.9167;9;
2;USA;Idaho;Boise;;W115.376;N44.2917;9;
2;USA;Idaho;Bonner;;W117.001;N48.8333;9;
2;USA;Idaho;Bonneville;;W111.501;N43.4167;9;
2;USA;Idaho;Boundary;;W117.001;N48.9583;9;
2;USA;Idaho;Butte;;W113.376;N44.1667;9;
2;USA;Idaho;Camas;;W114.812;N43.4389;9;
2;USA;Idaho;Canyon;;W116.959;N43.8753;9;
2;USA;Idaho;Caribou;;W111.579;N42.7456;9;
2;USA;Idaho;Cassia;;W113.564;N42.3192;9;
2;USA;Idaho;Clark;;W112.709;N44.5003;9;
2;USA;Idaho;Clearwater;;W115.376;N46.5417;9;
2;USA;Idaho;Custer;;W114.222;N44.8753;9;
2;USA;Idaho;Elmore;;W115.439;N43.3122;9;
2;USA;Idaho;Franklin;;W111.817;N42.1853;9;
2;USA;Idaho;Fremont;;W111.376;N44.7503;9;
2;USA;Idaho;Gem;;W116.209;N44.5003;9;
2;USA;Idaho;Gooding;;W114.751;N42.9167;9;
2;USA;Idaho;Idaho;;W114.626;N45.9583;9;
2;USA;Idaho;Jefferson;;W112.626;N44.0417;9;
2;USA;Idaho;Jerome;;W114.501;N42.7917;9;
2;USA;Idaho;Kootenai;;W116.626;N47.7083;9;
2;USA;Idaho;Latah;;W117.001;N47.1253;9;
2;USA;Idaho;Lemhi;;W114.001;N45.6667;9;
2;USA;Idaho;Lewis;;W116.626;N46.1667;9;
2;USA;Idaho;Lincoln;;W114.104;N43.0206;9;
2;USA;Idaho;Madison;;W111.876;N43.9167;9;
2;USA;Idaho;Minidoka;;W113.626;N43.1667;9;
2;USA;Idaho;Nez Perce;;W116.626;N46.6253;9;
2;USA;Idaho;Oneida;;W112.504;N42.235;9;
2;USA;Idaho;Owyhee;;W116.062;N42.5597;9;
2;USA;Idaho;Payette;;W116.879;N44.1278;9;
2;USA;Idaho;Power;;W112.818;N42.6933;9;
2;USA;Idaho;Shoshone;;W115.968;N47.3333;9;
2;USA;Idaho;Teton;;W111.376;N43.9167;9;
2;USA;Idaho;Twin Falls;;W114.644;N42.3506;9;
2;USA;Idaho;Valley;;W116.126;N45.1278;9;
2;USA;Idaho;Washington;;W117.001;N44.7503;9;
3;USA;Idaho;Ada;Barber;W116.113;N43.5653;12;
3;USA;Idaho;Ada;Beatty;W116.341;N43.6083;12;
3;USA;Idaho;Ada;Blacks Creek;W116.138;N43.4778;12;
3;USA;Idaho;Ada;Boise Hills Village;W116.19;N43.6325;12;
3;USA;Idaho;Ada;Boise Junction;W116.257;N43.605;12;
3;USA;Idaho;Ada;Boise;W116.203;N43.6136;12;
3;USA;Idaho;Ada;Cloverdale;W116.334;N43.6197;12;
3;USA;Idaho;Ada;Eagle;W116.354;N43.6956;12;
3;USA;Idaho;Ada;Garden City;W116.238;N43.6222;12;
3;USA;Idaho;Ada;Highlands;W116.194;N43.6461;12;
3;USA;Idaho;Ada;Hillcrest;W116.183;N43.5636;12;
3;USA;Idaho;Ada;Kuna;W116.42;N43.4919;12;
3;USA;Idaho;Ada;Leone;W116.094;N43.4078;12;
3;USA;Idaho;Ada;Meridian;W116.391;N43.6122;12;
3;USA;Idaho;Ada;Mora;W116.353;N43.4597;12;
3;USA;Idaho;Ada;Orchard;W116.026;N43.3147;12;
3;USA;Idaho;Ada;Owyhee;W116.201;N43.4183;12;
3;USA;Idaho;Ada;Perkins;W116.274;N43.605;12;
3;USA;Idaho;Ada;Pleasant Valley;W116.247;N43.4447;12;
3;USA;Idaho;Ada;Regina;W115.992;N43.3903;12;
3;USA;Idaho;Ada;Sonna;W116.457;N43.6097;12;
3;USA;Idaho;Ada;Star;W116.493;N43.6922;12;
3;USA;Idaho;Ada;Swan Falls;W116.374;N43.2417;12;
3;USA;Idaho;Ada;Ustick;W116.322;N43.6336;12;
3;USA;Idaho;Ada;Vernon;W116.161;N43.5886;12;
3;USA;Idaho;Adams;Alpine;W116.495;N44.5936;12;
3;USA;Idaho;Adams;Bacon;W116.548;N44.6361;12;
3;USA;Idaho;Adams;Bear;W116.672;N45.0244;12;
3;USA;Idaho;Adams;Beer Bottle Crossing;W116.231;N44.6086;12;
3;USA;Idaho;Adams;Council;W116.438;N44.73;12;
3;USA;Idaho;Adams;Cuprum;W116.689;N45.0867;12;
3;USA;Idaho;Adams;Devils Ladder;W116.435;N45.1783;12;
3;USA;Idaho;Adams;Evergreen;W116.39;N44.8903;12;
3;USA;Idaho;Adams;Fruitvale;W116.44;N44.8153;12;
3;USA;Idaho;Adams;Glendale;W116.407;N44.8347;12;
3;USA;Idaho;Adams;Goodrich;W116.558;N44.6536;12;
3;USA;Idaho;Adams;Helena;W116.653;N45.1703;12;
3;USA;Idaho;Adams;Hoover;W116.442;N44.7525;12;
3;USA;Idaho;Adams;Indian Valley;W116.434;N44.5572;12;
3;USA;Idaho;Adams;Landore;W116.629;N45.1233;12;
3;USA;Idaho;Adams;Meadows;W116.244;N44.9611;12;
3;USA;Idaho;Adams;Mesa;W116.451;N44.6289;12;
3;USA;Idaho;Adams;New Meadows;W116.284;N44.9714;12;
3;USA;Idaho;Adams;Pine Ridge;W116.382;N44.9389;12;
3;USA;Idaho;Adams;Pinehurst;W116.334;N45.2528;12;
3;USA;Idaho;Adams;Rankin Mill;W116.546;N45.2664;12;
3;USA;Idaho;Adams;Rubicon;W116.369;N44.9822;12;
3;USA;Idaho;Adams;Starkey;W116.449;N44.8506;12;
3;USA;Idaho;Adams;Stevens;W116.379;N44.8486;12;
3;USA;Idaho;Adams;Tamarack;W116.386;N44.9553;12;
3;USA;Idaho;Adams;Wildhorse;W116.832;N44.8556;12;
3;USA;Idaho;Adams;Woodland;W116.383;N44.9303;12;
3;USA;Idaho;Bannock;Arimo;W112.171;N42.56;12;
3;USA;Idaho;Bannock;Blackrock;W112.327;N42.7969;12;
3;USA;Idaho;Bannock;Cambridge;W112.117;N42.4506;12;
3;USA;Idaho;Bannock;Chubbuck;W112.466;N42.9208;12;
3;USA;Idaho;Bannock;Downata Hot Springs;W112.089;N42.3886;12;
3;USA;Idaho;Bannock;Downey;W112.124;N42.4286;12;
3;USA;Idaho;Bannock;Hawkins;W112.342;N42.5436;12;
3;USA;Idaho;Bannock;Inkom;W112.254;N42.7964;12;
3;USA;Idaho;Bannock;Lava Hot Springs;W112.011;N42.6194;12;
3;USA;Idaho;Bannock;Marsh Valley;W112.156;N42.5178;12;
3;USA;Idaho;Bannock;McCammon;W112.193;N42.6506;12;
3;USA;Idaho;Bannock;Pocatello;W112.446;N42.8714;12;
3;USA;Idaho;Bannock;Portneuf;W112.364;N42.795;12;
3;USA;Idaho;Bannock;Red Rock Junction;W112.05;N42.3544;12;
3;USA;Idaho;Bannock;Robin;W112.247;N42.5772;12;
3;USA;Idaho;Bannock;Swan Lake;W111.999;N42.3078;12;
3;USA;Idaho;Bannock;Swanlake;W112.004;N42.3131;12;
3;USA;Idaho;Bannock;Tyhee;W112.466;N42.9517;12;
3;USA;Idaho;Bannock;Virginia;W112.166;N42.4942;12;
3;USA;Idaho;Bannock;Zenda;W112.059;N42.3778;12;
3;USA;Idaho;Bear Lake;Alton;W111.152;N42.2275;12;
3;USA;Idaho;Bear Lake;Bear Lake Hot Springs;W111.265;N42.1086;12;
3;USA;Idaho;Bear Lake;Bear Lake Sands;W111.254;N42.0517;12;
3;USA;Idaho;Bear Lake;Bennington;W111.322;N42.3911;12;
3;USA;Idaho;Bear Lake;Bern;W111.386;N42.3397;12;
3;USA;Idaho;Bear Lake;Bloomington;W111.401;N42.1919;12;
3;USA;Idaho;Bear Lake;Border;W111.047;N42.1831;12;
3;USA;Idaho;Bear Lake;Chausse;W111.084;N42.1808;12;
3;USA;Idaho;Bear Lake;Dingle;W111.268;N42.2194;12;
3;USA;Idaho;Bear Lake;Fish Haven;W111.396;N42.0369;12;
3;USA;Idaho;Bear Lake;Geneva;W111.065;N42.3586;12;
3;USA;Idaho;Bear Lake;Georgetown;W111.371;N42.4822;12;
3;USA;Idaho;Bear Lake;Giveout;W111.159;N42.4186;12;
3;USA;Idaho;Bear Lake;Glencoe;W111.408;N42.0111;12;
3;USA;Idaho;Bear Lake;Harer;W111.172;N42.1894;12;
3;USA;Idaho;Bear Lake;Lanark;W111.429;N42.2817;12;
3;USA;Idaho;Bear Lake;Liberty;W111.452;N42.3172;12;
3;USA;Idaho;Bear Lake;Lifton;W111.313;N42.1233;12;
3;USA;Idaho;Bear Lake;Lindsayville;W111.422;N42.43;12;
3;USA;Idaho;Bear Lake;Manson;W111.499;N42.5697;12;
3;USA;Idaho;Bear Lake;Montpelier;W111.298;N42.3222;12;
3;USA;Idaho;Bear Lake;Nounan;W111.451;N42.4778;12;
3;USA;Idaho;Bear Lake;Novene;W111.413;N42.4972;12;
3;USA;Idaho;Bear Lake;Ovid;W111.398;N42.2889;12;
3;USA;Idaho;Bear Lake;Paris;W111.401;N42.2272;12;
3;USA;Idaho;Bear Lake;Pegram;W111.129;N42.1428;12;
3;USA;Idaho;Bear Lake;Raymond;W111.059;N42.2747;12;
3;USA;Idaho;Bear Lake;Saint Charles;W111.389;N42.1139;12;
3;USA;Idaho;Bear Lake;Sharon;W111.479;N42.3506;12;
3;USA;Idaho;Bear Lake;Turnpike;W111.264;N42.11;12;
3;USA;Idaho;Bear Lake;Wardboro;W111.277;N42.2558;12;
3;USA;Idaho;Bear Lake;Wooleys;W111.387;N42.4519;12;
3;USA;Idaho;Benewah;Alder Creek;W116.608;N47.2228;12;
3;USA;Idaho;Benewah;Benewah;W116.784;N47.2278;12;
3;USA;Idaho;Benewah;Cardwell;W116.564;N47.2092;12;
3;USA;Idaho;Benewah;Chat'u'washa'lqs Bluff;W116.603;N47.3342;12;
3;USA;Idaho;Benewah;Chatcolet;W116.764;N47.3722;12;
3;USA;Idaho;Benewah;De Smet;W116.916;N47.1461;12;
3;USA;Idaho;Benewah;Emida;W116.598;N47.1158;12;
3;USA;Idaho;Benewah;Fernwood;W116.393;N47.1122;12;
3;USA;Idaho;Benewah;Flat Creek;W116.491;N47.2322;12;
3;USA;Idaho;Benewah;Hawleys Landing;W116.768;N47.3558;12;
3;USA;Idaho;Benewah;Lotus;W116.618;N47.23;12;
3;USA;Idaho;Benewah;Mashburn;W116.496;N47.1792;12;
3;USA;Idaho;Benewah;Meadowhurst;W116.561;N47.3222;12;
3;USA;Idaho;Benewah;Milltown;W116.543;N47.3242;12;
3;USA;Idaho;Benewah;Mowry;W116.996;N47.3094;12;
3;USA;Idaho;Benewah;North South Ski Bowl;W116.66;N47.1167;12;
3;USA;Idaho;Benewah;Omega;W116.479;N47.3339;12;
3;USA;Idaho;Benewah;Parkline;W116.687;N47.3383;12;
3;USA;Idaho;Benewah;Pedee;W116.775;N47.3511;12;
3;USA;Idaho;Benewah;Plummer Junction;W116.87;N47.34;12;
3;USA;Idaho;Benewah;Plummer;W116.889;N47.3353;12;
3;USA;Idaho;Benewah;Ramsdell;W116.677;N47.3528;12;
3;USA;Idaho;Benewah;Renfrew;W116.439;N47.1442;12;
3;USA;Idaho;Benewah;Riverdale;W116.556;N47.3297;12;
3;USA;Idaho;Benewah;Rocky Point;W116.746;N47.3558;12;
3;USA;Idaho;Benewah;Rover;W116.576;N47.2033;12;
3;USA;Idaho;Benewah;Saint Joe;W116.353;N47.3111;12;
3;USA;Idaho;Benewah;Saint Maries;W116.563;N47.3144;12;
3;USA;Idaho;Benewah;Sanders;W116.796;N47.1064;12;
3;USA;Idaho;Benewah;Santa;W116.449;N47.1503;12;
3;USA;Idaho;Benewah;Silvertip Landing;W116.693;N47.3617;12;
3;USA;Idaho;Benewah;Tensed;W116.922;N47.16;12;
3;USA;Idaho;Benewah;Tyson Creek Station;W116.414;N47.1339;12;
3;USA;Idaho;Benewah;Wayland;W116.47;N47.1692;12;
3;USA;Idaho;Benewah;Willard;W117.039;N47.2406;12;
3;USA;Idaho;Bingham;Aberdeen Junction;W112.471;N43.2231;12;
3;USA;Idaho;Bingham;Aberdeen;W112.838;N42.9442;12;
3;USA;Idaho;Bingham;Aiken;W112.407;N43.2092;12;
3;USA;Idaho;Bingham;Alridge;W112.005;N43.2114;12;
3;USA;Idaho;Bingham;Atomic City;W112.813;N43.445;12;
3;USA;Idaho;Bingham;Basalt;W112.164;N43.3156;12;
3;USA;Idaho;Bingham;Blackfoot;W112.345;N43.1906;12;
3;USA;Idaho;Bingham;Cerro Grande;W112.933;N43.4411;12;
3;USA;Idaho;Bingham;Clarkson;W112.419;N43.2117;12;
3;USA;Idaho;Bingham;Coffee Point;W112.968;N43.1564;12;
3;USA;Idaho;Bingham;Collins;W112.376;N43.2022;12;
3;USA;Idaho;Bingham;Cox;W112.054;N43.3736;12;
3;USA;Idaho;Bingham;Fingal;W112.81;N42.9681;12;
3;USA;Idaho;Bingham;Firth;W112.183;N43.3053;12;
3;USA;Idaho;Bingham;Fort Hall;W112.438;N43.0333;12;
3;USA;Idaho;Bingham;Fullmer;W112.67;N43.3086;12;
3;USA;Idaho;Bingham;Gay;W112.118;N43.0483;12;
3;USA;Idaho;Bingham;Gibson;W112.418;N43.1006;12;
3;USA;Idaho;Bingham;Goshen Junction;W112.179;N43.3083;12;
3;USA;Idaho;Bingham;Goshen;W112.083;N43.3097;12;
3;USA;Idaho;Bingham;Grandview;W112.788;N43.0531;12;
3;USA;Idaho;Bingham;Groveland;W112.373;N43.22;12;
3;USA;Idaho;Bingham;Havens;W112.591;N43.2706;12;
3;USA;Idaho;Bingham;Kimball;W112.219;N43.2736;12;
3;USA;Idaho;Bingham;Liberty;W112.555;N43.1689;12;
3;USA;Idaho;Bingham;McDonaldville;W112.375;N43.26;12;
3;USA;Idaho;Bingham;Mitchell;W112.111;N43.3972;12;
3;USA;Idaho;Bingham;Moreland;W112.442;N43.2228;12;
3;USA;Idaho;Bingham;Morgan;W111.927;N43.0606;12;
3;USA;Idaho;Bingham;Olsen;W112.622;N43.2853;12;
3;USA;Idaho;Bingham;Pingree;W112.599;N43.1167;12;
3;USA;Idaho;Bingham;Rising River;W112.332;N43.3239;12;
3;USA;Idaho;Bingham;Riverside;W112.435;N43.1969;12;
3;USA;Idaho;Bingham;Rockford;W112.535;N43.1897;12;
3;USA;Idaho;Bingham;Rose;W112.326;N43.2544;12;
3;USA;Idaho;Bingham;Rouse;W112.479;N43.2267;12;
3;USA;Idaho;Bingham;Shelley;W112.123;N43.3814;12;
3;USA;Idaho;Bingham;Springfield;W112.682;N43.0817;12;
3;USA;Idaho;Bingham;Sterling;W112.732;N43.0381;12;
3;USA;Idaho;Bingham;Taber;W112.689;N43.3181;12;
3;USA;Idaho;Bingham;Thomas;W112.505;N43.1828;12;
3;USA;Idaho;Bingham;Wapello;W112.257;N43.2469;12;
3;USA;Idaho;Bingham;Wolverine;W111.936;N43.2814;12;
3;USA;Idaho;Bingham;Woodville;W112.143;N43.4169;12;
3;USA;Idaho;Blaine;Barite;W114.326;N43.5564;12;
3;USA;Idaho;Blaine;Bellevue;W114.261;N43.4636;12;
3;USA;Idaho;Blaine;Boulder;W114.506;N43.8406;12;
3;USA;Idaho;Blaine;Broadford;W114.28;N43.4697;12;
3;USA;Idaho;Blaine;Bullion;W114.377;N43.4728;12;
3;USA;Idaho;Blaine;Carey;W113.945;N43.3078;12;
3;USA;Idaho;Blaine;Cathedral Pines;W114.527;N43.7775;12;
3;USA;Idaho;Blaine;Clarendon Hot Springs;W114.415;N43.5594;12;
3;USA;Idaho;Blaine;Cream Can Junction;W113.386;N42.9386;12;
3;USA;Idaho;Blaine;DeWoff;W113.261;N42.7067;12;
3;USA;Idaho;Blaine;Doniphan;W114.484;N43.4108;12;
3;USA;Idaho;Blaine;Easley Hot Springs;W114.543;N43.7806;12;
3;USA;Idaho;Blaine;Elkhorn Village;W114.332;N43.6794;12;
3;USA;Idaho;Blaine;Galena;W114.657;N43.8714;12;
3;USA;Idaho;Blaine;Gannett;W114.176;N43.36;12;
3;USA;Idaho;Blaine;Gimlet;W114.35;N43.6042;12;
3;USA;Idaho;Blaine;Hailey;W114.315;N43.5197;12;
3;USA;Idaho;Blaine;Hawley;W113.396;N42.7342;12;
3;USA;Idaho;Blaine;Ketchum;W114.364;N43.6808;12;
3;USA;Idaho;Blaine;Magic City;W114.366;N43.2906;12;
3;USA;Idaho;Blaine;Magic Resort;W114.39;N43.2825;12;
3;USA;Idaho;Blaine;Picabo;W114.068;N43.3058;12;
3;USA;Idaho;Blaine;Sawtooth City;W114.84;N43.8967;12;
3;USA;Idaho;Blaine;Smith Springs;W113.311;N42.6375;12;
3;USA;Idaho;Blaine;Stanton Crossing;W114.312;N43.3278;12;
3;USA;Idaho;Blaine;Sun Valley;W114.352;N43.6972;12;
3;USA;Idaho;Blaine;Tikura;W114.013;N43.2147;12;
3;USA;Idaho;Blaine;Triumph;W114.254;N43.645;12;
3;USA;Idaho;Blaine;Wapi;W113.183;N42.7156;12;
3;USA;Idaho;Boise;Banks;W116.124;N44.0806;12;
3;USA;Idaho;Boise;Banner;W115.536;N44.02;12;
3;USA;Idaho;Boise;Bear Creek Summer Home Area;W115.194;N44.1667;12;
3;USA;Idaho;Boise;Big Eddy;W116.107;N44.2161;12;
3;USA;Idaho;Boise;Brownlee;W116.245;N44.0089;12;
3;USA;Idaho;Boise;Camp Creek Summer Home Area;W115.222;N44.1739;12;
3;USA;Idaho;Boise;Centerville;W115.892;N43.9128;12;
3;USA;Idaho;Boise;Crouch;W115.971;N44.1153;12;
3;USA;Idaho;Boise;Garden Valley;W115.952;N44.09;12;
3;USA;Idaho;Boise;Gardena;W116.191;N43.9758;12;
3;USA;Idaho;Boise;Granite;W115.968;N43.9408;12;
3;USA;Idaho;Boise;Grimes Pass;W115.857;N44.0447;12;
3;USA;Idaho;Boise;Horseshoe Bend;W116.198;N43.9147;12;
3;USA;Idaho;Boise;Idaho City;W115.834;N43.8286;12;
3;USA;Idaho;Boise;Long Creek Summit Home;W115.578;N44.1328;12;
3;USA;Idaho;Boise;Lowman;W115.621;N44.0836;12;
3;USA;Idaho;Boise;New Centerville;W115.91;N43.8811;12;
3;USA;Idaho;Boise;Pioneerville;W115.847;N43.9689;12;
3;USA;Idaho;Boise;Placerville;W115.947;N43.9433;12;
3;USA;Idaho;Boise;Quartzburg;W115.988;N43.9611;12;
3;USA;Idaho;Boise;Star Ranch Summer Home Area;W115.968;N43.9128;12;
3;USA;Idaho;Boise;Tenmile Summer Home Area;W115.714;N43.8972;12;
3;USA;Idaho;Boise;Twin Springs;W115.701;N43.6694;12;
3;USA;Idaho;Boise;Washington Mill;W115.758;N43.8922;12;
3;USA;Idaho;Bonner;Algoma;W116.572;N48.1969;12;
3;USA;Idaho;Bonner;Blacktail;W116.486;N48.1206;12;
3;USA;Idaho;Bonner;Blanchard;W116.984;N48.0169;12;
3;USA;Idaho;Bonner;Boyer;W116.444;N48.3231;12;
3;USA;Idaho;Bonner;Bronx;W116.547;N48.3519;12;
3;USA;Idaho;Bonner;Broten;W116.418;N48.2211;12;
3;USA;Idaho;Bonner;Cabinet;W116.074;N48.0844;12;
3;USA;Idaho;Bonner;Careywood;W116.643;N48.0347;12;
3;USA;Idaho;Bonner;Cedar Creek;W116.446;N48.0183;12;
3;USA;Idaho;Bonner;Clagstone;W116.807;N48.0197;12;
3;USA;Idaho;Bonner;Clark Fork;W116.176;N48.1453;12;
3;USA;Idaho;Bonner;Cocolalla;W116.618;N48.1081;12;
3;USA;Idaho;Bonner;Colburn;W116.535;N48.3972;12;
3;USA;Idaho;Bonner;Coleman;W116.907;N48.0042;12;
3;USA;Idaho;Bonner;Coolin;W116.849;N48.4797;12;
3;USA;Idaho;Bonner;Culver;W116.456;N48.3189;12;
3;USA;Idaho;Bonner;Denton;W116.248;N48.2028;12;
3;USA;Idaho;Bonner;Dickensheet Junction;W116.908;N48.4519;12;
3;USA;Idaho;Bonner;Dover;W116.611;N48.2517;12;
3;USA;Idaho;Bonner;Dufort;W116.597;N48.1653;12;
3;USA;Idaho;Bonner;East Hope;W116.296;N48.2419;12;
3;USA;Idaho;Bonner;Edgemere;W116.815;N48.0758;12;
3;USA;Idaho;Bonner;Elmira;W116.463;N48.4797;12;
3;USA;Idaho;Bonner;Evans Landing;W116.532;N48.0756;12;
3;USA;Idaho;Bonner;Four Corners;W116.99;N48.2883;12;
3;USA;Idaho;Bonner;Garfield;W116.429;N48.1842;12;
3;USA;Idaho;Bonner;Glengary;W116.375;N48.2219;12;
3;USA;Idaho;Bonner;Granite;W116.426;N48.0878;12;
3;USA;Idaho;Bonner;Granite;W116.671;N48.0106;12;
3;USA;Idaho;Bonner;Harlem;W116.812;N48.0392;12;
3;USA;Idaho;Bonner;Hope;W116.307;N48.2478;12;
3;USA;Idaho;Bonner;Kelso;W116.707;N48.0119;12;
3;USA;Idaho;Bonner;Kootenai;W116.514;N48.3103;12;
3;USA;Idaho;Bonner;Laclede;W116.756;N48.1703;12;
3;USA;Idaho;Bonner;Lakeview;W116.447;N47.9703;12;
3;USA;Idaho;Bonner;Lamb Creek;W116.927;N48.5164;12;
3;USA;Idaho;Bonner;Lignite;W116.541;N48.2289;12;
3;USA;Idaho;Bonner;Morton;W116.692;N48.2014;12;
3;USA;Idaho;Bonner;Newman;W116.435;N48.2078;12;
3;USA;Idaho;Bonner;Nordman;W116.946;N48.6339;12;
3;USA;Idaho;Bonner;Oden;W116.413;N48.3222;12;
3;USA;Idaho;Bonner;Oldtown;W117.038;N48.1789;12;
3;USA;Idaho;Bonner;Outlet Bay;W116.893;N48.4944;12;
3;USA;Idaho;Bonner;Ponderay;W116.534;N48.3056;12;
3;USA;Idaho;Bonner;Priest River;W116.909;N48.1808;12;
3;USA;Idaho;Bonner;Sagle;W116.548;N48.2025;12;
3;USA;Idaho;Bonner;Samuels;W116.494;N48.4294;12;
3;USA;Idaho;Bonner;Sandpoint;W116.553;N48.2767;12;
3;USA;Idaho;Bonner;Sawyer;W116.756;N48.1444;12;
3;USA;Idaho;Bonner;Selle;W116.49;N48.3569;12;
3;USA;Idaho;Bonner;Seneacquoteen;W116.756;N48.1517;12;
3;USA;Idaho;Bonner;Sherwood Beach;W116.841;N48.4967;12;
3;USA;Idaho;Bonner;Sunnyside;W116.397;N48.2803;12;
3;USA;Idaho;Bonner;Talache Landing;W116.479;N48.1286;12;
3;USA;Idaho;Bonner;Talache;W116.485;N48.1408;12;
3;USA;Idaho;Bonner;Thama;W116.848;N48.1533;12;
3;USA;Idaho;Bonner;Trestle Creek;W116.351;N48.2833;12;
3;USA;Idaho;Bonner;Vans Corner;W116.939;N48.5253;12;
3;USA;Idaho;Bonner;Vay;W116.778;N48.1156;12;
3;USA;Idaho;Bonner;Westmond;W116.604;N48.14;12;
3;USA;Idaho;Bonner;Wrencoe;W116.703;N48.2289;12;
3;USA;Idaho;Bonneville;Ammon;W111.967;N43.4697;12;
3;USA;Idaho;Bonneville;Beachs Corner;W111.964;N43.5425;12;
3;USA;Idaho;Bonneville;Bone;W111.795;N43.3125;12;
3;USA;Idaho;Bonneville;Caribou City;W111.265;N43.1031;12;
3;USA;Idaho;Bonneville;Coltman;W112.012;N43.6178;12;
3;USA;Idaho;Bonneville;Cotton;W112.088;N43.4264;12;
3;USA;Idaho;Bonneville;Dehlin;W111.71;N43.3844;12;
3;USA;Idaho;Bonneville;Gerrard;W112.04;N43.3844;12;
3;USA;Idaho;Bonneville;Gray;W111.379;N43.05;12;
3;USA;Idaho;Bonneville;Guyaz;W111.647;N43.4817;12;
3;USA;Idaho;Bonneville;Herman;W111.431;N43.1406;12;
3;USA;Idaho;Bonneville;Idaho Falls;W112.034;N43.4667;12;
3;USA;Idaho;Bonneville;Iona;W111.933;N43.5264;12;
3;USA;Idaho;Bonneville;Irwin;W111.299;N43.4086;12;
3;USA;Idaho;Bonneville;Keenan City;W111.34;N43.1408;12;
3;USA;Idaho;Bonneville;Lincoln;W111.964;N43.5131;12;
3;USA;Idaho;Bonneville;Milo;W111.884;N43.6108;12;
3;USA;Idaho;Bonneville;Orvin;W112.009;N43.5333;12;
3;USA;Idaho;Bonneville;Osgood;W112.103;N43.5703;12;
3;USA;Idaho;Bonneville;Palisades;W111.218;N43.3519;12;
3;USA;Idaho;Bonneville;Payne;W112.053;N43.5728;12;
3;USA;Idaho;Bonneville;Poplar;W111.686;N43.6203;12;
3;USA;Idaho;Bonneville;Swan Valley;W111.342;N43.4561;12;
3;USA;Idaho;Bonneville;Taylorville;W112.037;N43.3828;12;
3;USA;Idaho;Bonneville;Ucon;W111.964;N43.5964;12;
3;USA;Idaho;Boundary;Addie;W116.166;N48.9536;12;
3;USA;Idaho;Boundary;Allens Spur;W116.366;N48.7406;12;
3;USA;Idaho;Boundary;Bonners Ferry;W116.316;N48.6914;12;
3;USA;Idaho;Boundary;Burns;W116.395;N48.6261;12;
3;USA;Idaho;Boundary;Copeland;W116.389;N48.9022;12;
3;USA;Idaho;Boundary;Crossport;W116.221;N48.7011;12;
3;USA;Idaho;Boundary;Deep Creek;W116.393;N48.6233;12;
3;USA;Idaho;Boundary;Eastport;W116.181;N48.9994;12;
3;USA;Idaho;Boundary;Eileen;W116.164;N48.7764;12;
3;USA;Idaho;Boundary;Good Grief;W116.177;N48.9494;12;
3;USA;Idaho;Boundary;Katka;W116.136;N48.6897;12;
3;USA;Idaho;Boundary;Leonia;W116.05;N48.6167;12;
3;USA;Idaho;Boundary;Mc Arthur;W116.434;N48.5236;12;
3;USA;Idaho;Boundary;Meadow Creek;W116.157;N48.82;12;
3;USA;Idaho;Boundary;Moravia;W116.379;N48.6483;12;
3;USA;Idaho;Boundary;Moyie Springs;W116.189;N48.7264;12;
3;USA;Idaho;Boundary;Naples;W116.392;N48.5711;12;
3;USA;Idaho;Boundary;Porthill;W116.498;N48.9983;12;
3;USA;Idaho;Boundary;Ritz;W116.37;N48.7789;12;
3;USA;Idaho;Boundary;Schnoors;W116.34;N48.6897;12;
3;USA;Idaho;Boundary;Shiloh;W116.396;N48.545;12;
3;USA;Idaho;Boundary;Sinclair;W116.177;N48.9292;12;
3;USA;Idaho;Boundary;Threemile Corner;W116.3;N48.7314;12;
3;USA;Idaho;Butte;Arco;W113.3;N43.6367;12;
3;USA;Idaho;Butte;Berenice;W112.974;N43.8278;12;
3;USA;Idaho;Butte;Butte City;W113.244;N43.61;12;
3;USA;Idaho;Butte;Clyde;W113.247;N44.1358;12;
3;USA;Idaho;Butte;Darlington;W113.415;N43.8136;12;
3;USA;Idaho;Butte;Era;W113.579;N43.5806;12;
3;USA;Idaho;Butte;Howe;W113.005;N43.7836;12;
3;USA;Idaho;Butte;Lost River;W113.371;N43.6892;12;
3;USA;Idaho;Butte;Martin;W113.567;N43.5189;12;
3;USA;Idaho;Butte;Moore;W113.366;N43.7358;12;
3;USA;Idaho;Butte;Scoville;W112.996;N43.4806;12;
3;USA;Idaho;Butte;Smith Corrals;W113.246;N43.3267;12;
3;USA;Idaho;Camas;Blaine;W114.596;N43.3425;12;
3;USA;Idaho;Camas;Carrietown;W114.7;N43.605;12;
3;USA;Idaho;Camas;Fairfield;W114.792;N43.3467;12;
3;USA;Idaho;Camas;Hill City;W115.051;N43.3006;12;
3;USA;Idaho;Camas;Indian Head Rock;W114.801;N43.5553;12;
3;USA;Idaho;Camas;Macon;W114.545;N43.3267;12;
3;USA;Idaho;Camas;Magic;W114.387;N43.2553;12;
3;USA;Idaho;Camas;Punkin Corner;W114.91;N43.3133;12;
3;USA;Idaho;Camas;Rands;W114.653;N43.3444;12;
3;USA;Idaho;Camas;Selby;W114.711;N43.3439;12;
3;USA;Idaho;Camas;Soldier;W114.792;N43.3703;12;
3;USA;Idaho;Canyon;Allendale;W116.875;N43.6764;12;
3;USA;Idaho;Canyon;Amsco;W116.649;N43.7647;12;
3;USA;Idaho;Canyon;Apple Valley;W116.997;N43.84;12;
3;USA;Idaho;Canyon;Bowmont;W116.541;N43.4561;12;
3;USA;Idaho;Canyon;Caldwell;W116.687;N43.6631;12;
3;USA;Idaho;Canyon;Central Cove;W116.863;N43.6072;12;
3;USA;Idaho;Canyon;Deal;W116.541;N43.5067;12;
3;USA;Idaho;Canyon;Doles;W116.784;N43.6697;12;
3;USA;Idaho;Canyon;Enrose;W116.747;N43.7017;12;
3;USA;Idaho;Canyon;Fischer;W116.584;N43.6194;12;
3;USA;Idaho;Canyon;Greenleaf;W116.816;N43.6714;12;
3;USA;Idaho;Canyon;Huston;W116.783;N43.6103;12;
3;USA;Idaho;Canyon;Josephson;W116.638;N43.7489;12;
3;USA;Idaho;Canyon;Karcher Junction;W116.603;N43.5861;12;
3;USA;Idaho;Canyon;Kings Corner;W116.534;N43.5181;12;
3;USA;Idaho;Canyon;Knowlton Heights;W116.773;N43.5453;12;
3;USA;Idaho;Canyon;Maddens;W116.598;N43.6619;12;
3;USA;Idaho;Canyon;Melba;W116.529;N43.3756;12;
3;USA;Idaho;Canyon;Middleton;W116.62;N43.7069;12;
3;USA;Idaho;Canyon;Midway;W116.632;N43.6256;12;
3;USA;Idaho;Canyon;Moss;W116.62;N43.6158;12;
3;USA;Idaho;Canyon;Nampa;W116.563;N43.5408;12;
3;USA;Idaho;Canyon;Notus;W116.801;N43.7256;12;
3;USA;Idaho;Canyon;Parma;W116.943;N43.7853;12;
3;USA;Idaho;Canyon;Riverside;W116.767;N43.5019;12;
3;USA;Idaho;Canyon;Rookstool Corner;W116.854;N43.7783;12;
3;USA;Idaho;Canyon;Roswell;W116.962;N43.7492;12;
3;USA;Idaho;Canyon;Simplot;W116.734;N43.6697;12;
3;USA;Idaho;Canyon;Sunnyslope;W116.793;N43.5886;12;
3;USA;Idaho;Canyon;Swartz Corner;W116.555;N43.5014;12;
3;USA;Idaho;Canyon;Tiegs Corner;W116.514;N43.5139;12;
3;USA;Idaho;Canyon;Underkoflers Corner;W116.672;N43.6192;12;
3;USA;Idaho;Canyon;Walters Ferry;W116.599;N43.3406;12;
3;USA;Idaho;Canyon;Warrens;W116.54;N43.3286;12;
3;USA;Idaho;Canyon;Weitz;W116.76;N43.6694;12;
3;USA;Idaho;Canyon;Westma;W116.542;N43.4158;12;
3;USA;Idaho;Canyon;Wilder;W116.912;N43.6767;12;
3;USA;Idaho;Caribou;Alexander;W111.709;N42.6511;12;
3;USA;Idaho;Caribou;Bancroft;W111.886;N42.7203;12;
3;USA;Idaho;Caribou;Bench;W111.68;N42.5036;12;
3;USA;Idaho;Caribou;Central;W111.812;N42.635;12;
3;USA;Idaho;Caribou;Chesterfield;W111.902;N42.8669;12;
3;USA;Idaho;Caribou;China Hill;W111.828;N42.5528;12;
3;USA;Idaho;Caribou;Conda;W111.532;N42.7283;12;
3;USA;Idaho;Caribou;Freedom;W111.044;N42.9828;12;
3;USA;Idaho;Caribou;Grace;W111.731;N42.5761;12;
3;USA;Idaho;Caribou;Hatch;W111.852;N42.8194;12;
3;USA;Idaho;Caribou;Henry;W111.531;N42.9069;12;
3;USA;Idaho;Caribou;Kinport;W111.942;N42.7544;12;
3;USA;Idaho;Caribou;Lago;W111.697;N42.4514;12;
3;USA;Idaho;Caribou;Lund;W111.889;N42.6428;12;
3;USA;Idaho;Caribou;Meadowville;W111.604;N42.7636;12;
3;USA;Idaho;Caribou;Niter;W111.731;N42.5036;12;
3;USA;Idaho;Caribou;Pebble;W112.001;N42.7442;12;
3;USA;Idaho;Caribou;Rose;W111.538;N42.6036;12;
3;USA;Idaho;Caribou;Soda Springs;W111.605;N42.6544;12;
3;USA;Idaho;Caribou;Talmage;W111.787;N42.6789;12;
3;USA;Idaho;Caribou;Telluride;W111.78;N42.5367;12;
3;USA;Idaho;Caribou;Turner;W111.819;N42.5767;12;
3;USA;Idaho;Caribou;Wayan;W111.377;N42.9783;12;
3;USA;Idaho;Cassia;Albion;W113.578;N42.4128;12;
3;USA;Idaho;Cassia;Almo;W113.634;N42.1003;12;
3;USA;Idaho;Cassia;Basin;W113.784;N42.2456;12;
3;USA;Idaho;Cassia;Beetville;W113.831;N42.4886;12;
3;USA;Idaho;Cassia;Bridge;W113.343;N42.1294;12;
3;USA;Idaho;Cassia;Burley;W113.793;N42.5358;12;
3;USA;Idaho;Cassia;Conant;W113.45;N42.2761;12;
3;USA;Idaho;Cassia;Connor;W113.501;N42.2811;12;
3;USA;Idaho;Cassia;Cotterel;W113.459;N42.5172;12;
3;USA;Idaho;Cassia;Declo;W113.628;N42.5183;12;
3;USA;Idaho;Cassia;Elba;W113.561;N42.2483;12;
3;USA;Idaho;Cassia;Garrard Ranch;W114.002;N42.3167;12;
3;USA;Idaho;Cassia;Heglar;W113.147;N42.4736;12;
3;USA;Idaho;Cassia;Hobson;W113.924;N42.5319;12;
3;USA;Idaho;Cassia;Idahome;W113.4;N42.4156;12;
3;USA;Idaho;Cassia;Iversons;W114.011;N42.3047;12;
3;USA;Idaho;Cassia;Jackson;W113.571;N42.6339;12;
3;USA;Idaho;Cassia;Kelso;W113.314;N42.0686;12;
3;USA;Idaho;Cassia;Kenyon;W113.87;N42.4156;12;
3;USA;Idaho;Cassia;Keogh;W113.334;N42.2233;12;
3;USA;Idaho;Cassia;Malta;W113.369;N42.3064;12;
3;USA;Idaho;Cassia;Marion;W113.911;N42.2867;12;
3;USA;Idaho;Cassia;Naf;W113.286;N42.0103;12;
3;USA;Idaho;Cassia;North Kenyon;W113.861;N42.4322;12;
3;USA;Idaho;Cassia;Oakley;W113.882;N42.2433;12;
3;USA;Idaho;Cassia;Pella;W113.839;N42.4753;12;
3;USA;Idaho;Cassia;Raft River;W113.236;N42.5972;12;
3;USA;Idaho;Cassia;Ruby;W113.823;N42.5039;12;
3;USA;Idaho;Cassia;Springdale;W113.691;N42.5156;12;
3;USA;Idaho;Cassia;Strevell;W113.204;N42.0061;12;
3;USA;Idaho;Cassia;Sublett;W113.137;N42.3122;12;
3;USA;Idaho;Cassia;Trout;W113.901;N42.3225;12;
3;USA;Idaho;Cassia;Unity;W113.743;N42.5186;12;
3;USA;Idaho;Cassia;View;W113.697;N42.4508;12;
3;USA;Idaho;Clark;Blue Dome;W112.911;N44.1603;12;
3;USA;Idaho;Clark;Dubois;W112.231;N44.1764;12;
3;USA;Idaho;Clark;Eighteenmile;W111.903;N44.3003;12;
3;USA;Idaho;Clark;Highbridge;W112.213;N44.2833;12;
3;USA;Idaho;Clark;Humphrey;W112.234;N44.4883;12;
3;USA;Idaho;Clark;Idmon;W111.912;N44.3608;12;
3;USA;Idaho;Clark;Jones Crossing;W112.219;N44.0869;12;
3;USA;Idaho;Clark;Kilgore;W111.894;N44.4022;12;
3;USA;Idaho;Clark;Lidy Hot Springs;W112.55;N44.1264;12;
3;USA;Idaho;Clark;Lone Pine;W112.935;N44.1861;12;
3;USA;Idaho;Clark;Old Beaver;W112.197;N44.4106;12;
3;USA;Idaho;Clark;Spencer;W112.187;N44.3606;12;
3;USA;Idaho;Clark;Winsper;W112.515;N44.1306;12;
3;USA;Idaho;Clearwater;Ahsahka;W116.324;N46.5022;12;
3;USA;Idaho;Clearwater;Best Corner;W116.151;N46.5619;12;
3;USA;Idaho;Clearwater;Bingo Creek Landing;W115.737;N46.7572;12;
3;USA;Idaho;Clearwater;Blake;W116.178;N46.4733;12;
3;USA;Idaho;Clearwater;Boehls;W115.906;N46.8747;12;
3;USA;Idaho;Clearwater;Bruce Eddy;W116.291;N46.5136;12;
3;USA;Idaho;Clearwater;Brunning;W116.144;N46.4842;12;
3;USA;Idaho;Clearwater;Cardiff Mill;W115.795;N46.4708;12;
3;USA;Idaho;Clearwater;Cardiff;W115.812;N46.5744;12;
3;USA;Idaho;Clearwater;Cayuse Junction;W114.854;N46.5992;12;
3;USA;Idaho;Clearwater;Cooper;W116.055;N46.4467;12;
3;USA;Idaho;Clearwater;Cow Creek;W115.933;N46.4958;12;
3;USA;Idaho;Clearwater;Cully Moores;W115.992;N46.5306;12;
3;USA;Idaho;Clearwater;Dent;W116.203;N46.6239;12;
3;USA;Idaho;Clearwater;Elk River;W116.18;N46.7836;12;
3;USA;Idaho;Clearwater;Five Corners;W116.173;N46.64;12;
3;USA;Idaho;Clearwater;Fraser;W116.139;N46.3911;12;
3;USA;Idaho;Clearwater;Greer;W116.175;N46.39;12;
3;USA;Idaho;Clearwater;Haley;W115.925;N46.4953;12;
3;USA;Idaho;Clearwater;Hansberg;W116.141;N46.5381;12;
3;USA;Idaho;Clearwater;Headquarters;W115.809;N46.63;12;
3;USA;Idaho;Clearwater;Hollywood;W115.837;N46.5553;12;
3;USA;Idaho;Clearwater;Isabella Landing;W115.629;N46.8497;12;
3;USA;Idaho;Clearwater;Jaype;W115.83;N46.5303;12;
3;USA;Idaho;Clearwater;Johnson;W115.917;N46.4269;12;
3;USA;Idaho;Clearwater;Johnson;W116.086;N46.5728;12;
3;USA;Idaho;Clearwater;Johnsons Mill;W115.918;N46.4272;12;
3;USA;Idaho;Clearwater;Judge Town;W115.797;N46.4756;12;
3;USA;Idaho;Clearwater;Kameron;W116.254;N46.7725;12;
3;USA;Idaho;Clearwater;Konkolville;W116.198;N46.4956;12;
3;USA;Idaho;Clearwater;Moose City;W115.108;N46.7869;12;
3;USA;Idaho;Clearwater;Musselshell;W115.744;N46.3572;12;
3;USA;Idaho;Clearwater;Neva;W116.298;N46.7986;12;
3;USA;Idaho;Clearwater;Omill;W115.927;N46.4939;12;
3;USA;Idaho;Clearwater;Orofino;W116.255;N46.4794;12;
3;USA;Idaho;Clearwater;Peck;W116.434;N46.4989;12;
3;USA;Idaho;Clearwater;Pierce;W115.799;N46.4911;12;
3;USA;Idaho;Clearwater;Riverside;W116.297;N46.4956;12;
3;USA;Idaho;Clearwater;Rudo;W116.012;N46.4892;12;
3;USA;Idaho;Clearwater;Slocum;W116.016;N46.5556;12;
3;USA;Idaho;Clearwater;Teakean;W116.381;N46.5511;12;
3;USA;Idaho;Clearwater;The Cedars;W115.077;N46.8728;12;
3;USA;Idaho;Clearwater;Weippe;W115.938;N46.3761;12;
3;USA;Idaho;Custer;Bayhorse;W114.312;N44.3978;12;
3;USA;Idaho;Custer;Bonanza;W114.728;N44.3706;12;
3;USA;Idaho;Custer;Casto;W114.849;N44.5681;12;
3;USA;Idaho;Custer;Challis;W114.232;N44.5047;12;
3;USA;Idaho;Custer;Chilly;W113.879;N44.0778;12;
3;USA;Idaho;Custer;Clayton;W114.402;N44.2594;12;
3;USA;Idaho;Custer;Custer;W114.696;N44.3875;12;
3;USA;Idaho;Custer;Dickey;W113.905;N44.1344;12;
3;USA;Idaho;Custer;Ellis;W114.048;N44.6919;12;
3;USA;Idaho;Custer;Goldburg;W113.646;N44.3856;12;
3;USA;Idaho;Custer;Grandjean;W115.168;N44.1603;12;
3;USA;Idaho;Custer;Grouse;W113.612;N43.6883;12;
3;USA;Idaho;Custer;Houston;W113.577;N43.8831;12;
3;USA;Idaho;Custer;Leslie;W113.468;N43.8658;12;
3;USA;Idaho;Custer;Lower Stanley;W114.929;N44.2269;12;
3;USA;Idaho;Custer;Mackay;W113.613;N43.9147;12;
3;USA;Idaho;Custer;Obsidian;W114.847;N44.0789;12;
3;USA;Idaho;Custer;Robinson Bar;W114.677;N44.2469;12;
3;USA;Idaho;Custer;Rothas;W113.536;N43.8875;12;
3;USA;Idaho;Custer;Stanley;W114.946;N44.2114;12;
3;USA;Idaho;Custer;Sunbeam;W114.734;N44.2711;12;
3;USA;Idaho;Custer;Torreys;W114.602;N44.2536;12;
3;USA;Idaho;Elmore;Atlanta;W115.127;N43.8017;12;
3;USA;Idaho;Elmore;Castle Rocks;W115.314;N43.3283;12;
3;USA;Idaho;Elmore;Chalk Cut;W115.533;N42.9811;12;
3;USA;Idaho;Elmore;Cleft;W115.851;N43.2394;12;
3;USA;Idaho;Elmore;Dixie;W115.447;N43.3172;12;
3;USA;Idaho;Elmore;Emigrant Crossing;W115.286;N43.0481;12;
3;USA;Idaho;Elmore;Featherville;W115.258;N43.61;12;
3;USA;Idaho;Elmore;Glenns Ferry;W115.301;N42.955;12;
3;USA;Idaho;Elmore;Hammett;W115.466;N42.9458;12;
3;USA;Idaho;Elmore;King Hill;W115.204;N43.0042;12;
3;USA;Idaho;Elmore;Mayfield;W115.901;N43.4181;12;
3;USA;Idaho;Elmore;Mountain Home;W115.691;N43.1331;12;
3;USA;Idaho;Elmore;Paradise Hot Springs;W115.274;N43.5539;12;
3;USA;Idaho;Elmore;Pine;W115.312;N43.4842;12;
3;USA;Idaho;Elmore;Prairie;W115.574;N43.505;12;
3;USA;Idaho;Elmore;Reclamation Village;W115.489;N43.3356;12;
3;USA;Idaho;Elmore;Reverse;W115.607;N43.0258;12;
3;USA;Idaho;Elmore;Rocky Bar;W115.29;N43.6892;12;
3;USA;Idaho;Elmore;Sebree;W115.791;N43.1858;12;
3;USA;Idaho;Elmore;Steamboat Rock;W115.627;N43.4483;12;
3;USA;Idaho;Elmore;Stout Crossing;W115.31;N43.1544;12;
3;USA;Idaho;Franklin;Anderson;W111.957;N42.0206;12;
3;USA;Idaho;Franklin;Banida;W111.942;N42.2311;12;
3;USA;Idaho;Franklin;Cherryville;W111.749;N42.0406;12;
3;USA;Idaho;Franklin;Cleveland;W111.713;N42.34;12;
3;USA;Idaho;Franklin;Clifton;W112.008;N42.19;12;
3;USA;Idaho;Franklin;Coulam;W111.983;N42.2275;12;
3;USA;Idaho;Franklin;Dayton;W111.994;N42.1131;12;
3;USA;Idaho;Franklin;Egypt;W111.838;N42.0967;12;
3;USA;Idaho;Franklin;Fairview;W111.877;N42.0133;12;
3;USA;Idaho;Franklin;Franklin;W111.807;N42.0136;12;
3;USA;Idaho;Franklin;Glendale;W111.705;N42.13;12;
3;USA;Idaho;Franklin;Mapleton;W111.749;N42.0839;12;
3;USA;Idaho;Franklin;Mink Creek;W111.716;N42.2283;12;
3;USA;Idaho;Franklin;Mound Valley;W111.713;N42.3572;12;
3;USA;Idaho;Franklin;Nashville;W111.809;N42.0494;12;
3;USA;Idaho;Franklin;Oxford;W112.021;N42.2589;12;
3;USA;Idaho;Franklin;Preston;W111.877;N42.0964;12;
3;USA;Idaho;Franklin;Riverdale;W111.838;N42.1614;12;
3;USA;Idaho;Franklin;Silver Star;W111.955;N42.0819;12;
3;USA;Idaho;Franklin;Thatcher;W111.727;N42.4089;12;
3;USA;Idaho;Franklin;Thorenson;W111.993;N42.0833;12;
3;USA;Idaho;Franklin;Treasureton;W111.846;N42.2653;12;
3;USA;Idaho;Franklin;Weston;W111.979;N42.0372;12;
3;USA;Idaho;Franklin;Whitney;W111.838;N42.0658;12;
3;USA;Idaho;Franklin;Winder;W111.916;N42.1764;12;
3;USA;Idaho;Fremont;Ashton;W111.448;N44.0717;12;
3;USA;Idaho;Fremont;Bedstead Corner;W111.793;N44.2758;12;
3;USA;Idaho;Fremont;Big Springs;W111.256;N44.4983;12;
3;USA;Idaho;Fremont;Box Canyon;W111.406;N44.3789;12;
3;USA;Idaho;Fremont;Chester;W111.57;N43.9994;12;
3;USA;Idaho;Fremont;Drummond;W111.345;N43.9986;12;
3;USA;Idaho;Fremont;Eccles;W111.302;N44.3269;12;
3;USA;Idaho;Fremont;Egin;W111.838;N43.9367;12;
3;USA;Idaho;Fremont;Farnum;W111.41;N43.9986;12;
3;USA;Idaho;Fremont;Flat Rock;W111.336;N44.5006;12;
3;USA;Idaho;Fremont;France;W111.275;N43.9725;12;
3;USA;Idaho;Fremont;Gerrit;W111.271;N44.2086;12;
3;USA;Idaho;Fremont;Grainville;W111.368;N44.0272;12;
3;USA;Idaho;Fremont;Heman;W111.797;N43.9564;12;
3;USA;Idaho;Fremont;Island Park;W111.371;N44.4244;12;
3;USA;Idaho;Fremont;Jenkins Will;W111.961;N44.0767;12;
3;USA;Idaho;Fremont;Lake;W111.394;N44.6669;12;
3;USA;Idaho;Fremont;Lamont;W111.216;N43.9697;12;
3;USA;Idaho;Fremont;Last Chance;W111.402;N44.3667;12;
3;USA;Idaho;Fremont;Macks Inn Post Office;W111.338;N44.4992;12;
3;USA;Idaho;Fremont;Marysville;W111.42;N44.0714;12;
3;USA;Idaho;Fremont;Newdale;W111.606;N43.8833;12;
3;USA;Idaho;Fremont;Ora;W111.533;N44.0861;12;
3;USA;Idaho;Fremont;Parker;W111.758;N43.9594;12;
3;USA;Idaho;Fremont;Pineview;W111.311;N44.2864;12;
3;USA;Idaho;Fremont;Pyke;W111.724;N43.9594;12;
3;USA;Idaho;Fremont;Rea;W111.435;N44.4697;12;
3;USA;Idaho;Fremont;Saint Anthony;W111.682;N43.9664;12;
3;USA;Idaho;Fremont;Sarilda;W111.574;N44.1103;12;
3;USA;Idaho;Fremont;Squirrel;W111.299;N44.0272;12;
3;USA;Idaho;Fremont;Staley Springs;W111.435;N44.6603;12;
3;USA;Idaho;Fremont;Teton;W111.678;N43.8867;12;
3;USA;Idaho;Fremont;Trude;W111.346;N44.4611;12;
3;USA;Idaho;Fremont;Twin Groves;W111.628;N43.9744;12;
3;USA;Idaho;Fremont;Warm River;W111.321;N44.115;12;
3;USA;Idaho;Fremont;Wilford;W111.678;N43.9128;12;
3;USA;Idaho;Gem;Black Canyon;W116.442;N43.9267;12;
3;USA;Idaho;Gem;Bramwell;W116.583;N43.8383;12;
3;USA;Idaho;Gem;Del Monte;W116.543;N43.8689;12;
3;USA;Idaho;Gem;Emmett;W116.499;N43.8736;12;
3;USA;Idaho;Gem;Gross;W116.308;N44.3133;12;
3;USA;Idaho;Gem;Jenness;W116.625;N43.8322;12;
3;USA;Idaho;Gem;Letha;W116.648;N43.8944;12;
3;USA;Idaho;Gem;Little Rock;W116.694;N43.9169;12;
3;USA;Idaho;Gem;Montour;W116.329;N43.925;12;
3;USA;Idaho;Gem;Ola;W116.293;N44.1783;12;
3;USA;Idaho;Gem;Pearl;W116.317;N43.8558;12;
3;USA;Idaho;Gem;Plaza;W116.433;N43.9114;12;
3;USA;Idaho;Gem;Sweet;W116.324;N43.9731;12;
3;USA;Idaho;Gooding;Appleton;W114.635;N42.7481;12;
3;USA;Idaho;Gooding;Bliss;W114.949;N42.9269;12;
3;USA;Idaho;Gooding;Fuller;W114.823;N42.9294;12;
3;USA;Idaho;Gooding;Gooding;W114.713;N42.9389;12;
3;USA;Idaho;Gooding;Hagerman;W114.899;N42.8122;12;
3;USA;Idaho;Gooding;Tuttle;W114.84;N42.8583;12;
3;USA;Idaho;Gooding;Wendell;W114.704;N42.7758;12;
3;USA;Idaho;Idaho;Asbestos Point;W115.941;N45.8181;12;
3;USA;Idaho;Idaho;Big Cedar;W115.814;N46.0811;12;
3;USA;Idaho;Idaho;Boles;W116.504;N45.9106;12;
3;USA;Idaho;Idaho;Burgdorf;W115.913;N45.2772;12;
3;USA;Idaho;Idaho;Cable Car Crossing;W115.943;N45.4539;12;
3;USA;Idaho;Idaho;Calendar;W115.67;N45.6242;12;
3;USA;Idaho;Idaho;Canfield;W116.372;N45.8378;12;
3;USA;Idaho;Idaho;Caribel;W115.945;N46.2581;12;
3;USA;Idaho;Idaho;Clark Tree;W115.711;N46.2969;12;
3;USA;Idaho;Idaho;Clearwater;W115.891;N46.0225;12;
3;USA;Idaho;Idaho;Concord;W115.684;N45.5847;12;
3;USA;Idaho;Idaho;Copperville;W116.324;N45.7531;12;
3;USA;Idaho;Idaho;Cottonwood;W116.35;N46.0486;12;
3;USA;Idaho;Idaho;Cross Trails;W115.692;N45.4764;12;
3;USA;Idaho;Idaho;Davidson;W116.596;N45.8431;12;
3;USA;Idaho;Idaho;Denver;W116.236;N45.9983;12;
3;USA;Idaho;Idaho;DeVeny Place;W116.395;N45.3575;12;
3;USA;Idaho;Idaho;Dixie;W115.461;N45.5542;12;
3;USA;Idaho;Idaho;Dryden;W116.202;N46.1361;12;
3;USA;Idaho;Idaho;East Kamiah;W116.008;N46.2028;12;
3;USA;Idaho;Idaho;Elk City;W115.437;N45.8269;12;
3;USA;Idaho;Idaho;Elk Summit;W114.65;N46.3239;12;
3;USA;Idaho;Idaho;Fall Creek;W115.653;N45.8122;12;
3;USA;Idaho;Idaho;Fenn;W116.256;N45.9633;12;
3;USA;Idaho;Idaho;Ferdinand;W116.389;N46.1525;12;
3;USA;Idaho;Idaho;Florence;W116.028;N45.5011;12;
3;USA;Idaho;Idaho;Fourway Junction;W115.363;N45.3328;12;
3;USA;Idaho;Idaho;French Creek;W116.027;N45.4233;12;
3;USA;Idaho;Idaho;Gibler;W115.389;N45.7381;12;
3;USA;Idaho;Idaho;Glenwood;W115.833;N46.2442;12;
3;USA;Idaho;Idaho;Gold Point;W115.394;N45.7831;12;
3;USA;Idaho;Idaho;Golden;W115.68;N45.8122;12;
3;USA;Idaho;Idaho;Grangeville;W116.123;N45.9267;12;
3;USA;Idaho;Idaho;Green;W115.947;N45.4522;12;
3;USA;Idaho;Idaho;Greencreek;W116.264;N46.1072;12;
3;USA;Idaho;Idaho;Harpster;W115.964;N45.9867;12;
3;USA;Idaho;Idaho;Harrisburg;W116.026;N46.2969;12;
3;USA;Idaho;Idaho;Jim Moore Place;W115.339;N45.4864;12;
3;USA;Idaho;Idaho;Joseph;W116.478;N45.7972;12;
3;USA;Idaho;Idaho;Keuterville;W116.442;N46.0342;12;
3;USA;Idaho;Idaho;Kooskia;W115.978;N46.145;12;
3;USA;Idaho;Idaho;Leprouse;W115.39;N45.7436;12;
3;USA;Idaho;Idaho;Lightfoot;W115.361;N45.7186;12;
3;USA;Idaho;Idaho;Lowell;W115.596;N46.1442;12;
3;USA;Idaho;Idaho;Lucile;W116.31;N45.5353;12;
3;USA;Idaho;Idaho;Mackay Bar;W115.506;N45.3761;12;
3;USA;Idaho;Idaho;McCrea Place;W116.477;N45.3039;12;
3;USA;Idaho;Idaho;Mexican Place;W116.507;N45.8128;12;
3;USA;Idaho;Idaho;Midasville;W115.47;N45.5603;12;
3;USA;Idaho;Idaho;Mount Idaho;W116.082;N45.9039;12;
3;USA;Idaho;Idaho;Mud Springs;W115.586;N45.8636;12;
3;USA;Idaho;Idaho;Newsome;W115.63;N45.9075;12;
3;USA;Idaho;Idaho;Old Golden;W115.654;N45.7892;12;
3;USA;Idaho;Idaho;Orogrande;W115.543;N45.7056;12;
3;USA;Idaho;Idaho;Pardee Corner;W116.097;N46.3147;12;
3;USA;Idaho;Idaho;Pardee;W116.126;N46.2986;12;
3;USA;Idaho;Idaho;Pollock;W116.359;N45.3125;12;
3;USA;Idaho;Idaho;Potter Place;W116.441;N45.3078;12;
3;USA;Idaho;Idaho;Powell Junction;W114.719;N46.5792;12;
3;USA;Idaho;Idaho;Red River Hot Springs;W115.2;N45.7878;12;
3;USA;Idaho;Idaho;Riggins Hot Springs;W116.172;N45.4169;12;
3;USA;Idaho;Idaho;Riggins;W116.315;N45.4222;12;
3;USA;Idaho;Idaho;Sampson;W116.008;N45.5178;12;
3;USA;Idaho;Idaho;Seaburg;W116.031;N45.4761;12;
3;USA;Idaho;Idaho;Shells Lick;W116.128;N45.7067;12;
3;USA;Idaho;Idaho;Slate Creek;W116.28;N45.6383;12;
3;USA;Idaho;Idaho;Stites;W115.976;N46.0917;12;
3;USA;Idaho;Idaho;Syringa;W115.727;N46.1508;12;
3;USA;Idaho;Idaho;Tahoe;W115.807;N46.0964;12;
3;USA;Idaho;Idaho;Taylor;W116.384;N45.6856;12;
3;USA;Idaho;Idaho;Tramway;W116.108;N46.2847;12;
3;USA;Idaho;Idaho;Turner;W115.938;N45.4564;12;
3;USA;Idaho;Idaho;Upper Crossing;W114.707;N45.6444;12;
3;USA;Idaho;Idaho;Warren;W115.676;N45.2642;12;
3;USA;Idaho;Idaho;Westlake;W116.507;N46.1219;12;
3;USA;Idaho;Idaho;Whipsaw Saddle;W116.349;N45.7928;12;
3;USA;Idaho;Idaho;White Bird;W116.301;N45.7617;12;
3;USA;Idaho;Idaho;Winona;W116.108;N46.1322;12;
3;USA;Idaho;Idaho;Woodland;W116.069;N46.3111;12;
3;USA;Idaho;Idaho;York;W115.479;N45.9092;12;
3;USA;Idaho;Jefferson;Annis;W111.936;N43.7283;12;
3;USA;Idaho;Jefferson;Barlow;W112.013;N43.6711;12;
3;USA;Idaho;Jefferson;Bassett;W112.088;N43.6511;12;
3;USA;Idaho;Jefferson;Camas;W112.221;N44.0075;12;
3;USA;Idaho;Jefferson;Garfield;W111.964;N43.6353;12;
3;USA;Idaho;Jefferson;Grant;W112.013;N43.6408;12;
3;USA;Idaho;Jefferson;Hamer;W112.206;N43.9272;12;
3;USA;Idaho;Jefferson;Hawgood;W112.151;N43.8697;12;
3;USA;Idaho;Jefferson;Heise;W111.684;N43.6419;12;
3;USA;Idaho;Jefferson;Labelle;W111.861;N43.7033;12;
3;USA;Idaho;Jefferson;Lewisville;W112.011;N43.6958;12;
3;USA;Idaho;Jefferson;Lorenzo;W111.871;N43.7283;12;
3;USA;Idaho;Jefferson;Menan;W111.99;N43.7208;12;
3;USA;Idaho;Jefferson;Midway;W112.005;N43.7069;12;
3;USA;Idaho;Jefferson;Monteview;W112.536;N43.9719;12;
3;USA;Idaho;Jefferson;Mud Lake;W112.476;N43.8414;12;
3;USA;Idaho;Jefferson;Rigby;W111.915;N43.6725;12;
3;USA;Idaho;Jefferson;Ririe;W111.774;N43.6319;12;
3;USA;Idaho;Jefferson;Roberts;W112.126;N43.7203;12;
3;USA;Idaho;Jefferson;Rudy;W111.833;N43.6567;12;
3;USA;Idaho;Jefferson;Sage Junction;W112.195;N43.8308;12;
3;USA;Idaho;Jefferson;Terreton;W112.436;N43.8417;12;
3;USA;Idaho;Jerome;Barrymore;W114.463;N42.6808;12;
3;USA;Idaho;Jerome;Eden;W114.211;N42.6058;12;
3;USA;Idaho;Jerome;Falls City;W114.424;N42.6806;12;
3;USA;Idaho;Jerome;Greenwood;W114.049;N42.5767;12;
3;USA;Idaho;Jerome;Hazelton;W114.136;N42.5964;12;
3;USA;Idaho;Jerome;Hunt;W114.25;N42.6783;12;
3;USA;Idaho;Jerome;Hydra;W114.519;N42.6994;12;
3;USA;Idaho;Jerome;Jerome;W114.519;N42.7242;12;
3;USA;Idaho;Jerome;McHenry;W114.052;N42.5956;12;
3;USA;Idaho;Jerome;Perrine;W114.317;N42.6539;12;
3;USA;Idaho;Jerome;Schodde;W113.991;N42.6072;12;
3;USA;Idaho;Jerome;Sugar Loaf;W114.378;N42.6814;12;
3;USA;Idaho;Jerome;Tipperary Corner;W114.296;N42.5789;12;
3;USA;Idaho;Kootenai;Athol;W116.708;N47.9481;12;
3;USA;Idaho;Kootenai;Atlas;W116.83;N47.7006;12;
3;USA;Idaho;Kootenai;Bayview;W116.56;N47.9803;12;
3;USA;Idaho;Kootenai;Bellgrove;W116.915;N47.5339;12;
3;USA;Idaho;Kootenai;Belmont;W116.64;N47.9261;12;
3;USA;Idaho;Kootenai;Blackwell;W116.808;N47.6978;12;
3;USA;Idaho;Kootenai;Canyon;W116.413;N47.5753;12;
3;USA;Idaho;Kootenai;Ch≈Ç'ach'alqw Landing;W116.824;N47.4597;12;
3;USA;Idaho;Kootenai;Chilco;W116.747;N47.8639;12;
3;USA;Idaho;Kootenai;Clarksville;W116.733;N47.7539;12;
3;USA;Idaho;Kootenai;Coeur d'Alene Junction;W116.912;N47.7567;12;
3;USA;Idaho;Kootenai;Coeur d'Alene;W116.781;N47.6778;12;
3;USA;Idaho;Kootenai;Conkling Park;W116.758;N47.4044;12;
3;USA;Idaho;Kootenai;Corbin Junction;W116.721;N47.8911;12;
3;USA;Idaho;Kootenai;Dalton Gardens;W116.77;N47.7297;12;
3;USA;Idaho;Kootenai;Dudley;W116.424;N47.5419;12;
3;USA;Idaho;Kootenai;East Greenacres;W116.97;N47.7525;12;
3;USA;Idaho;Kootenai;Echo Beach;W116.877;N47.8878;12;
3;USA;Idaho;Kootenai;Eddyville;W116.732;N47.6161;12;
3;USA;Idaho;Kootenai;English point;W116.71;N47.7867;12;
3;USA;Idaho;Kootenai;Excelsior Beach;W116.877;N47.8803;12;
3;USA;Idaho;Kootenai;Fernan Lake Village;W116.746;N47.6739;12;
3;USA;Idaho;Kootenai;Fir Grove;W116.91;N47.8944;12;
3;USA;Idaho;Kootenai;Garwood;W116.778;N47.8319;12;
3;USA;Idaho;Kootenai;Gibbs;W116.804;N47.6908;12;
3;USA;Idaho;Kootenai;Grand Junction;W116.974;N47.7292;12;
3;USA;Idaho;Kootenai;Harris Landing;W116.703;N47.785;12;
3;USA;Idaho;Kootenai;Harrison;W116.786;N47.4544;12;
3;USA;Idaho;Kootenai;Hauser;W117.028;N47.7731;12;
3;USA;Idaho;Kootenai;Haycrop;W116.894;N47.7664;12;
3;USA;Idaho;Kootenai;Hayden Lake;W116.757;N47.7589;12;
3;USA;Idaho;Kootenai;Hayden;W116.787;N47.7661;12;
3;USA;Idaho;Kootenai;Howelltown;W116.981;N47.7858;12;
3;USA;Idaho;Kootenai;Huetter;W116.851;N47.7011;12;
3;USA;Idaho;Kootenai;Lacon;W116.745;N47.4392;12;
3;USA;Idaho;Kootenai;Lane;W116.536;N47.5069;12;
3;USA;Idaho;Kootenai;Len Landing;W116.839;N47.5292;12;
3;USA;Idaho;Kootenai;McGuire;W116.991;N47.7125;12;
3;USA;Idaho;Kootenai;Medimont;W116.604;N47.4761;12;
3;USA;Idaho;Kootenai;Mica;W116.871;N47.6206;12;
3;USA;Idaho;Kootenai;Mozart;W116.937;N47.4111;12;
3;USA;Idaho;Kootenai;North Pole;W116.742;N47.9044;12;
3;USA;Idaho;Kootenai;Pleasant View;W117.013;N47.6869;12;
3;USA;Idaho;Kootenai;Post Falls;W116.952;N47.7181;12;
3;USA;Idaho;Kootenai;Ramsey;W116.808;N47.8644;12;
3;USA;Idaho;Kootenai;Rathdrum;W116.897;N47.8125;12;
3;USA;Idaho;Kootenai;Rockaway Beach;W116.7;N47.7886;12;
3;USA;Idaho;Kootenai;Rockford Bay;W116.879;N47.5053;12;
3;USA;Idaho;Kootenai;Rose Lake;W116.472;N47.5389;12;
3;USA;Idaho;Kootenai;Setters;W117.008;N47.4681;12;
3;USA;Idaho;Kootenai;Silver Beach;W116.892;N47.9483;12;
3;USA;Idaho;Kootenai;Silver Sands Beach;W116.885;N47.8922;12;
3;USA;Idaho;Kootenai;Spirit Lake;W116.869;N47.9664;12;
3;USA;Idaho;Kootenai;Springston;W116.733;N47.4783;12;
3;USA;Idaho;Kootenai;State Line Village;W117.037;N47.7044;12;
3;USA;Idaho;Kootenai;Sturgeon;W116.861;N47.8497;12;
3;USA;Idaho;Kootenai;Twin Beaches;W116.798;N47.62;12;
3;USA;Idaho;Kootenai;Twinlow;W116.856;N47.8772;12;
3;USA;Idaho;Kootenai;Wolf Lodge;W116.617;N47.6414;12;
3;USA;Idaho;Kootenai;Worley;W116.917;N47.4008;12;
3;USA;Idaho;Latah;Aspendale;W116.498;N46.6769;12;
3;USA;Idaho;Latah;Avon;W116.614;N46.8261;12;
3;USA;Idaho;Latah;Blaine;W116.949;N46.6572;12;
3;USA;Idaho;Latah;Bovill;W116.394;N46.8589;12;
3;USA;Idaho;Latah;Cora;W116.965;N47.0039;12;
3;USA;Idaho;Latah;Cornwall;W116.866;N46.7089;12;
3;USA;Idaho;Latah;Crescent;W116.426;N46.6433;12;
3;USA;Idaho;Latah;Deary;W116.556;N46.7994;12;
3;USA;Idaho;Latah;Estes;W117.02;N46.7778;12;
3;USA;Idaho;Latah;Freeze;W116.943;N46.9619;12;
3;USA;Idaho;Latah;Genesee;W116.926;N46.5508;12;
3;USA;Idaho;Latah;Hampton;W116.849;N46.9144;12;
3;USA;Idaho;Latah;Harvard;W116.73;N46.9175;12;
3;USA;Idaho;Latah;Helmer;W116.47;N46.8008;12;
3;USA;Idaho;Latah;Howell;W116.817;N46.7358;12;
3;USA;Idaho;Latah;Joel;W116.878;N46.7106;12;
3;USA;Idaho;Latah;Juliaetta;W116.706;N46.5789;12;
3;USA;Idaho;Latah;Kendrick;W116.647;N46.6142;12;
3;USA;Idaho;Latah;Lenville;W116.841;N46.6383;12;
3;USA;Idaho;Latah;Linden;W116.498;N46.6708;12;
3;USA;Idaho;Latah;Moscow;W117;N46.7325;12;
3;USA;Idaho;Latah;Nora;W116.702;N46.7639;12;
3;USA;Idaho;Latah;Onaway;W116.891;N46.9283;12;
3;USA;Idaho;Latah;Potlatch Junction;W116.934;N46.9294;12;
3;USA;Idaho;Latah;Potlatch;W116.898;N46.9217;12;
3;USA;Idaho;Latah;Princeton;W116.834;N46.9142;12;
3;USA;Idaho;Latah;Sherwin;W116.348;N46.9478;12;
3;USA;Idaho;Latah;Slabtown;W116.394;N46.8728;12;
3;USA;Idaho;Latah;Stanford;W116.645;N46.8328;12;
3;USA;Idaho;Latah;Troy;W116.77;N46.7369;12;
3;USA;Idaho;Latah;Vassar;W116.617;N46.8292;12;
3;USA;Idaho;Latah;Viola;W117.025;N46.8386;12;
3;USA;Idaho;Lemhi;Baker;W113.734;N45.0947;12;
3;USA;Idaho;Lemhi;Blackbird;W114.22;N45.1133;12;
3;USA;Idaho;Lemhi;Carmen;W113.893;N45.2425;12;
3;USA;Idaho;Lemhi;Cobalt;W114.232;N45.0931;12;
3;USA;Idaho;Lemhi;Elk Bend;W113.969;N44.8844;12;
3;USA;Idaho;Lemhi;Forney;W114.336;N44.9997;12;
3;USA;Idaho;Lemhi;Gibbonsville;W113.923;N45.5556;12;
3;USA;Idaho;Lemhi;Gilmore;W113.27;N44.4589;12;
3;USA;Idaho;Lemhi;Hahn;W113.218;N44.3722;12;
3;USA;Idaho;Lemhi;Junction;W113.371;N44.7008;12;
3;USA;Idaho;Lemhi;Leadore;W113.358;N44.6803;12;
3;USA;Idaho;Lemhi;Leadville;W113.308;N44.7058;12;
3;USA;Idaho;Lemhi;Leesburg;W114.114;N45.2239;12;
3;USA;Idaho;Lemhi;Lemhi;W113.62;N44.8517;12;
3;USA;Idaho;Lemhi;May;W113.912;N44.6044;12;
3;USA;Idaho;Lemhi;Nicholia;W113.012;N44.36;12;
3;USA;Idaho;Lemhi;North Fork;W113.994;N45.4061;12;
3;USA;Idaho;Lemhi;Patterson;W113.712;N44.5236;12;
3;USA;Idaho;Lemhi;Salmon;W113.896;N45.1758;12;
3;USA;Idaho;Lemhi;Shoup;W114.277;N45.3769;12;
3;USA;Idaho;Lemhi;Tendoy;W113.645;N44.9594;12;
3;USA;Idaho;Lemhi;Williams Lake Resort;W113.966;N45.0119;12;
3;USA;Idaho;Lemhi;Yellowjacket;W114.532;N44.9797;12;
3;USA;Idaho;Lewis;Clicks;W116.535;N46.2803;12;
3;USA;Idaho;Lewis;Craig Junction;W116.534;N46.2756;12;
3;USA;Idaho;Lewis;Craigmont;W116.467;N46.2414;12;
3;USA;Idaho;Lewis;Fletcher;W116.411;N46.2894;12;
3;USA;Idaho;Lewis;Forest;W116.658;N46.1481;12;
3;USA;Idaho;Lewis;Howard;W116.298;N46.2764;12;
3;USA;Idaho;Lewis;Kamiah;W116.029;N46.2272;12;
3;USA;Idaho;Lewis;Kippen;W116.55;N46.3111;12;
3;USA;Idaho;Lewis;Mohler;W116.346;N46.2897;12;
3;USA;Idaho;Lewis;Morrow;W116.524;N46.1269;12;
3;USA;Idaho;Lewis;Nezperce;W116.241;N46.235;12;
3;USA;Idaho;Lewis;Reubens;W116.543;N46.3222;12;
3;USA;Idaho;Lewis;Slickpoo;W116.711;N46.3169;12;
3;USA;Idaho;Lewis;Vollmer;W116.466;N46.2428;12;
3;USA;Idaho;Lewis;Winchester;W116.624;N46.24;12;
3;USA;Idaho;Lincoln;Besslen;W114.174;N42.9086;12;
3;USA;Idaho;Lincoln;Burmah;W114.26;N43.1294;12;
3;USA;Idaho;Lincoln;Dietrich;W114.265;N42.9094;12;
3;USA;Idaho;Lincoln;Kimama;W113.796;N42.8381;12;
3;USA;Idaho;Lincoln;Marley;W114.231;N43.0156;12;
3;USA;Idaho;Lincoln;Owinza;W114.057;N42.8994;12;
3;USA;Idaho;Lincoln;Pagari;W114.073;N43.1181;12;
3;USA;Idaho;Lincoln;Richfield;W114.156;N43.0486;12;
3;USA;Idaho;Lincoln;Shoshone;W114.406;N42.9361;12;
3;USA;Idaho;Lincoln;Tunupa;W114.579;N42.955;12;
3;USA;Idaho;Madison;Archer;W111.783;N43.7136;12;
3;USA;Idaho;Madison;Burton;W111.858;N43.7975;12;
3;USA;Idaho;Madison;Byrne;W111.747;N43.6919;12;
3;USA;Idaho;Madison;Edmonds;W111.881;N43.9131;12;
3;USA;Idaho;Madison;Gale;W111.719;N43.7653;12;
3;USA;Idaho;Madison;Hart;W111.739;N43.8842;12;
3;USA;Idaho;Madison;Herbert;W111.66;N43.7064;12;
3;USA;Idaho;Madison;Hibbard;W111.839;N43.8553;12;
3;USA;Idaho;Madison;Hinckley;W111.858;N43.865;12;
3;USA;Idaho;Madison;Jensen;W111.747;N43.7428;12;
3;USA;Idaho;Madison;Jolley;W111.778;N43.8422;12;
3;USA;Idaho;Madison;Lyman;W111.818;N43.7392;12;
3;USA;Idaho;Madison;Mark;W111.832;N43.7753;12;
3;USA;Idaho;Madison;Moody;W111.635;N43.8369;12;
3;USA;Idaho;Madison;Parkinson;W111.659;N43.8161;12;
3;USA;Idaho;Madison;Plano;W111.892;N43.8911;12;
3;USA;Idaho;Madison;Rexburg;W111.79;N43.8261;12;
3;USA;Idaho;Madison;Salem;W111.773;N43.8767;12;
3;USA;Idaho;Madison;Sugar City;W111.748;N43.8731;12;
3;USA;Idaho;Madison;Sunnydell;W111.755;N43.6844;12;
3;USA;Idaho;Madison;Thornton;W111.845;N43.7583;12;
3;USA;Idaho;Madison;Walker;W111.709;N43.7722;12;
3;USA;Idaho;Madison;Woods Crossing;W111.631;N43.7742;12;
3;USA;Idaho;Minidoka;Acequia;W113.597;N42.6681;12;
3;USA;Idaho;Minidoka;Adelaide;W113.722;N42.8072;12;
3;USA;Idaho;Minidoka;Amalga;W113.725;N42.5769;12;
3;USA;Idaho;Minidoka;Budge;W113.824;N42.6089;12;
3;USA;Idaho;Minidoka;Heyburn;W113.764;N42.5586;12;
3;USA;Idaho;Minidoka;Hynes;W113.892;N42.6122;12;
3;USA;Idaho;Minidoka;Minidoka;W113.49;N42.7539;12;
3;USA;Idaho;Minidoka;Myers;W113.755;N42.6089;12;
3;USA;Idaho;Minidoka;Norland;W113.673;N42.7947;12;
3;USA;Idaho;Minidoka;Paul;W113.783;N42.6081;12;
3;USA;Idaho;Minidoka;Rupert;W113.677;N42.6192;12;
3;USA;Idaho;Minidoka;Schow;W113.711;N42.5869;12;
3;USA;Idaho;Minidoka;Travers;W113.737;N42.6092;12;
3;USA;Idaho;Nez Perce;Agatha;W116.577;N46.5108;12;
3;USA;Idaho;Nez Perce;Arrow;W116.768;N46.4781;12;
3;USA;Idaho;Nez Perce;Beeman;W116.525;N46.4056;12;
3;USA;Idaho;Nez Perce;Big George;W116.493;N46.5028;12;
3;USA;Idaho;Nez Perce;Bundy;W116.757;N46.3614;12;
3;USA;Idaho;Nez Perce;Cameron;W116.572;N46.6058;12;
3;USA;Idaho;Nez Perce;Cavendish;W116.434;N46.5603;12;
3;USA;Idaho;Nez Perce;Cherrylane;W116.682;N46.5161;12;
3;USA;Idaho;Nez Perce;Chesley;W116.553;N46.3492;12;
3;USA;Idaho;Nez Perce;Culdesac;W116.673;N46.3747;12;
3;USA;Idaho;Nez Perce;Eugene;W116.552;N46.4444;12;
3;USA;Idaho;Nez Perce;Forebay;W116.96;N46.4236;12;
3;USA;Idaho;Nez Perce;German Settlement;W116.502;N46.4186;12;
3;USA;Idaho;Nez Perce;Gifford;W116.557;N46.4433;12;
3;USA;Idaho;Nez Perce;Gurney;W116.952;N46.4264;12;
3;USA;Idaho;Nez Perce;Hatwai;W116.968;N46.4364;12;
3;USA;Idaho;Nez Perce;Jacques;W116.728;N46.3717;12;
3;USA;Idaho;Nez Perce;Joseph;W116.827;N46.4478;12;
3;USA;Idaho;Nez Perce;Lapwai;W116.805;N46.405;12;
3;USA;Idaho;Nez Perce;Leland;W116.607;N46.5781;12;
3;USA;Idaho;Nez Perce;Lenore;W116.551;N46.5086;12;
3;USA;Idaho;Nez Perce;Leon;W117.04;N46.5319;12;
3;USA;Idaho;Nez Perce;Lewiston Orchards;W116.976;N46.3806;12;
3;USA;Idaho;Nez Perce;Lewiston;W117.018;N46.4167;12;
3;USA;Idaho;Nez Perce;Melrose;W116.455;N46.4083;12;
3;USA;Idaho;Nez Perce;Myrtle;W116.726;N46.4969;12;
3;USA;Idaho;Nez Perce;North Lapwai;W116.836;N46.4439;12;
3;USA;Idaho;Nez Perce;North Lewiston;W117.004;N46.4247;12;
3;USA;Idaho;Nez Perce;Peck;W116.424;N46.4753;12;
3;USA;Idaho;Nez Perce;Southwick;W116.472;N46.6036;12;
3;USA;Idaho;Nez Perce;Spalding;W116.817;N46.4469;12;
3;USA;Idaho;Nez Perce;Sweetwater;W116.793;N46.3725;12;
3;USA;Idaho;Nez Perce;Taplin;W116.931;N46.1522;12;
3;USA;Idaho;Nez Perce;Transfer;W117.031;N46.4292;12;
3;USA;Idaho;Nez Perce;Valley View Heights;W116.971;N46.4233;12;
3;USA;Idaho;Nez Perce;Waha;W116.852;N46.2133;12;
3;USA;Idaho;Nez Perce;Webb;W116.833;N46.3439;12;
3;USA;Idaho;Nez Perce;Willola;W116.57;N46.505;12;
3;USA;Idaho;Nez Perce;Woodside;W116.619;N46.2064;12;
3;USA;Idaho;Nez Perce;Zaza;W116.846;N46.0622;12;
3;USA;Idaho;Oneida;Black Pine;W112.98;N42.0725;12;
3;USA;Idaho;Oneida;Buist;W112.606;N42.3272;12;
3;USA;Idaho;Oneida;Cedarhill;W112.731;N42.2669;12;
3;USA;Idaho;Oneida;Cherry Creek;W112.229;N42.0983;12;
3;USA;Idaho;Oneida;Dairy Creek;W112.43;N42.4625;12;
3;USA;Idaho;Oneida;Daniels;W112.413;N42.3731;12;
3;USA;Idaho;Oneida;Gwenford;W112.33;N42.1364;12;
3;USA;Idaho;Oneida;Holbrook Summit;W112.454;N42.1653;12;
3;USA;Idaho;Oneida;Holbrook;W112.654;N42.1619;12;
3;USA;Idaho;Oneida;Ireland Springs;W112.496;N42.165;12;
3;USA;Idaho;Oneida;Juniper;W112.97;N42.1533;12;
3;USA;Idaho;Oneida;Malad City;W112.251;N42.1917;12;
3;USA;Idaho;Oneida;Pleasantview;W112.338;N42.1561;12;
3;USA;Idaho;Oneida;Ridgedale;W112.48;N42.0231;12;
3;USA;Idaho;Oneida;Roy Summit;W112.802;N42.3175;12;
3;USA;Idaho;Oneida;Saint Johns;W112.292;N42.2139;12;
3;USA;Idaho;Oneida;Samaria;W112.337;N42.1178;12;
3;USA;Idaho;Oneida;Stone;W112.695;N42.0164;12;
3;USA;Idaho;Oneida;Woodruff;W112.215;N42.0361;12;
3;USA;Idaho;Owyhee;Bengoechea Place;W115.848;N42.3047;12;
3;USA;Idaho;Owyhee;Bruneau;W115.797;N42.8806;12;
3;USA;Idaho;Owyhee;Buncel Place;W116.024;N42.5503;12;
3;USA;Idaho;Owyhee;China Hat;W115.94;N42.1017;12;
3;USA;Idaho;Owyhee;Claytonia;W116.833;N43.5675;12;
3;USA;Idaho;Owyhee;Cliffs;W116.98;N42.6392;12;
3;USA;Idaho;Owyhee;Collier Place;W116.24;N42.5792;12;
3;USA;Idaho;Owyhee;Comical Turn;W116.144;N42.5614;12;
3;USA;Idaho;Owyhee;Crill Place;W116.454;N42.8258;12;
3;USA;Idaho;Owyhee;Dans Place;W115.832;N42.2725;12;
3;USA;Idaho;Owyhee;De Lamar;W116.831;N43.0244;12;
3;USA;Idaho;Owyhee;Democrat;W116.775;N43.0964;12;
3;USA;Idaho;Owyhee;Dew Drop Place;W115.945;N42.0244;12;
3;USA;Idaho;Owyhee;Dewey;W116.762;N43.0403;12;
3;USA;Idaho;Owyhee;Dickens Place;W115.972;N42.1497;12;
3;USA;Idaho;Owyhee;Dickshooter;W116.502;N42.3917;12;
3;USA;Idaho;Owyhee;Doyle Place;W116.334;N42.8453;12;
3;USA;Idaho;Owyhee;Dry Forty;W116.413;N42.4511;12;
3;USA;Idaho;Owyhee;Fairylawn;W116.989;N42.5697;12;
3;USA;Idaho;Owyhee;Flint;W116.783;N42.9167;12;
3;USA;Idaho;Owyhee;Four Corners;W116.608;N42.1053;12;
3;USA;Idaho;Owyhee;Frost Place;W115.941;N42.1925;12;
3;USA;Idaho;Owyhee;Givens Hot Springs;W116.715;N43.4222;12;
3;USA;Idaho;Owyhee;Grand View;W116.093;N42.9897;12;
3;USA;Idaho;Owyhee;Grasmere;W115.882;N42.3767;12;
3;USA;Idaho;Owyhee;Guffey;W116.547;N43.2972;12;
3;USA;Idaho;Owyhee;Harvey Place;W116.078;N42.5128;12;
3;USA;Idaho;Owyhee;Homedale;W116.934;N43.6178;12;
3;USA;Idaho;Owyhee;Hot Springs;W115.718;N42.7919;12;
3;USA;Idaho;Owyhee;James Place;W115.78;N42.2769;12;
3;USA;Idaho;Owyhee;Little Sugar Loaf;W116.704;N43.0961;12;
3;USA;Idaho;Owyhee;Marsing;W116.813;N43.5456;12;
3;USA;Idaho;Owyhee;Miller Creek Settlement;W116.128;N42.0817;12;
3;USA;Idaho;Owyhee;Morgan Place;W116.275;N43.1081;12;
3;USA;Idaho;Owyhee;Murphy Hot Springs;W115.369;N42.0303;12;
3;USA;Idaho;Owyhee;Murphy;W116.552;N43.2183;12;
3;USA;Idaho;Owyhee;Oreana;W116.395;N43.0536;12;
3;USA;Idaho;Owyhee;Owyhee Heights;W116.991;N43.6247;12;
3;USA;Idaho;Owyhee;Petersons Crossing;W116.876;N43.1225;12;
3;USA;Idaho;Owyhee;Pleasant Valley Place;W116.837;N42.5406;12;
3;USA;Idaho;Owyhee;Reynolds;W116.744;N43.2014;12;
3;USA;Idaho;Owyhee;Rickard Crossing;W116.683;N42.2589;12;
3;USA;Idaho;Owyhee;Riddle;W116.11;N42.1869;12;
3;USA;Idaho;Owyhee;Rockville;W117.001;N43.3428;12;
3;USA;Idaho;Owyhee;Silver City;W116.733;N43.0169;12;
3;USA;Idaho;Owyhee;Slacks Corner;W116.742;N43.0819;12;
3;USA;Idaho;Owyhee;South Mountain;W116.923;N42.7522;12;
3;USA;Idaho;Owyhee;Spiry Place;W116.407;N42.9103;12;
3;USA;Idaho;Owyhee;Telegraph Hill;W116.748;N43.0156;12;
3;USA;Idaho;Owyhee;Three Creek;W115.159;N42.0714;12;
3;USA;Idaho;Owyhee;Triangle;W116.625;N42.7839;12;
3;USA;Idaho;Owyhee;Wickahoney;W115.983;N42.46;12;
3;USA;Idaho;Owyhee;Wilson;W116.653;N43.3614;12;
3;USA;Idaho;Payette;Buckingham;W116.894;N43.9892;12;
3;USA;Idaho;Payette;Eiffie;W116.918;N44.0256;12;
3;USA;Idaho;Payette;Fort Wilson;W116.845;N44.0292;12;
3;USA;Idaho;Payette;French Corner;W116.581;N44.0575;12;
3;USA;Idaho;Payette;Fruitland;W116.917;N44.0078;12;
3;USA;Idaho;Payette;Gayway Corner;W116.924;N44.0258;12;
3;USA;Idaho;Payette;Hamilton Corner;W116.772;N43.9528;12;
3;USA;Idaho;Payette;Ingard;W116.923;N44.0336;12;
3;USA;Idaho;Payette;New Plymouth;W116.819;N43.97;12;
3;USA;Idaho;Payette;Palisades Corner;W116.913;N43.9753;12;
3;USA;Idaho;Payette;Payette Heights;W116.915;N44.0719;12;
3;USA;Idaho;Payette;Payette;W116.934;N44.0783;12;
3;USA;Idaho;Payette;Ramey;W116.938;N44.0028;12;
3;USA;Idaho;Payette;Sand Hollow;W116.749;N43.8078;12;
3;USA;Idaho;Payette;Washoe;W116.948;N44.0544;12;
3;USA;Idaho;Payette;Wood;W116.907;N44.1256;12;
3;USA;Idaho;Power;American Falls;W112.854;N42.7861;12;
3;USA;Idaho;Power;Arbon;W112.568;N42.4558;12;
3;USA;Idaho;Power;Bannock;W112.723;N42.8614;12;
3;USA;Idaho;Power;Crystal;W112.496;N42.6539;12;
3;USA;Idaho;Power;Don;W112.53;N42.9094;12;
3;USA;Idaho;Power;Fairview;W112.869;N42.8503;12;
3;USA;Idaho;Power;Lone Rock;W112.821;N42.7675;12;
3;USA;Idaho;Power;Michaud;W112.614;N42.8903;12;
3;USA;Idaho;Power;Neeley;W112.915;N42.7336;12;
3;USA;Idaho;Power;Pauline;W112.56;N42.5708;12;
3;USA;Idaho;Power;Quigley;W113.07;N42.7383;12;
3;USA;Idaho;Power;Rockland;W112.877;N42.5733;12;
3;USA;Idaho;Power;Roy;W112.831;N42.3639;12;
3;USA;Idaho;Power;Schiller;W112.658;N42.8797;12;
3;USA;Idaho;Shoshone;Adair;W115.612;N47.3422;12;
3;USA;Idaho;Shoshone;Avery;W115.805;N47.2506;12;
3;USA;Idaho;Shoshone;Black Bear;W115.853;N47.5161;12;
3;USA;Idaho;Shoshone;Blackcloud;W115.905;N47.5047;12;
3;USA;Idaho;Shoshone;Bogle;W115.738;N47.3531;12;
3;USA;Idaho;Shoshone;Bradley;W116.161;N47.5464;12;
3;USA;Idaho;Shoshone;Bunn;W115.899;N47.5111;12;
3;USA;Idaho;Shoshone;Burke;W115.82;N47.5203;12;
3;USA;Idaho;Shoshone;Calder;W116.191;N47.2778;12;
3;USA;Idaho;Shoshone;Carbon Center;W115.901;N47.5583;12;
3;USA;Idaho;Shoshone;Cataldo;W116.33;N47.5489;12;
3;USA;Idaho;Shoshone;Clarkia;W116.253;N47.0108;12;
3;USA;Idaho;Shoshone;Cornwall;W115.838;N47.5186;12;
3;USA;Idaho;Shoshone;Delta;W115.941;N47.6078;12;
3;USA;Idaho;Shoshone;Eagle;W115.918;N47.6436;12;
3;USA;Idaho;Shoshone;Elizabeth Park;W116.093;N47.5297;12;
3;USA;Idaho;Shoshone;Elk Creek;W116.058;N47.5339;12;
3;USA;Idaho;Shoshone;Emerald Creek;W116.328;N47.0719;12;
3;USA;Idaho;Shoshone;Enaville;W116.25;N47.5625;12;
3;USA;Idaho;Shoshone;Erlmo;W116.05;N47.2597;12;
3;USA;Idaho;Shoshone;Ethelton;W115.906;N47.255;12;
3;USA;Idaho;Shoshone;Falcon;W115.675;N47.3489;12;
3;USA;Idaho;Shoshone;Ferguson;W115.924;N47.56;12;
3;USA;Idaho;Shoshone;Frisco;W115.859;N47.5122;12;
3;USA;Idaho;Shoshone;Gem;W115.868;N47.5083;12;
3;USA;Idaho;Shoshone;Gentry;W115.895;N47.4742;12;
3;USA;Idaho;Shoshone;Golconda;W115.871;N47.4747;12;
3;USA;Idaho;Shoshone;Gold Creek;W115.408;N47.1372;12;
3;USA;Idaho;Shoshone;Herrick;W116.107;N47.2728;12;
3;USA;Idaho;Shoshone;Horsecamp;W115.882;N47.1914;12;
3;USA;Idaho;Shoshone;Hoyt;W115.918;N47.2531;12;
3;USA;Idaho;Shoshone;Keeler;W116.308;N46.9572;12;
3;USA;Idaho;Shoshone;Kellogg;W116.119;N47.5383;12;
3;USA;Idaho;Shoshone;Kingston;W116.271;N47.5492;12;
3;USA;Idaho;Shoshone;Larson;W115.747;N47.4708;12;
3;USA;Idaho;Shoshone;Linfor;W116.236;N47.6083;12;
3;USA;Idaho;Shoshone;Mace;W115.822;N47.5183;12;
3;USA;Idaho;Shoshone;Marble Creek;W116.032;N47.2528;12;
3;USA;Idaho;Shoshone;McCarthy;W115.91;N47.4931;12;
3;USA;Idaho;Shoshone;McDonalds;W115.152;N47.0344;12;
3;USA;Idaho;Shoshone;Mullan;W115.802;N47.4703;12;
3;USA;Idaho;Shoshone;Murray;W115.859;N47.6272;12;
3;USA;Idaho;Shoshone;Nuckols;W115.938;N47.5189;12;
3;USA;Idaho;Shoshone;Olsons;W115.13;N47.0028;12;
3;USA;Idaho;Shoshone;Osburn;W115.999;N47.5061;12;
3;USA;Idaho;Shoshone;Page;W116.204;N47.5328;12;
3;USA;Idaho;Shoshone;Pearson;W115.73;N47.3544;12;
3;USA;Idaho;Shoshone;Pine Creek;W116.222;N47.5486;12;
3;USA;Idaho;Shoshone;Pinehurst;W116.237;N47.5389;12;
3;USA;Idaho;Shoshone;Pocono;W116.049;N47.2467;12;
3;USA;Idaho;Shoshone;Prichard;W115.976;N47.6564;12;
3;USA;Idaho;Shoshone;Roland;W115.669;N47.38;12;
3;USA;Idaho;Shoshone;Silverton;W115.956;N47.4931;12;
3;USA;Idaho;Shoshone;Smelter Heights;W116.16;N47.5392;12;
3;USA;Idaho;Shoshone;Smelterville;W116.182;N47.5428;12;
3;USA;Idaho;Shoshone;Steamboat Rocks;W116.127;N47.9147;12;
3;USA;Idaho;Shoshone;Stetson;W115.774;N47.285;12;
3;USA;Idaho;Shoshone;Stull;W115.865;N47.4722;12;
3;USA;Idaho;Shoshone;Sweeney;W116.17;N47.5403;12;
3;USA;Idaho;Shoshone;Tammany;W115.652;N47.4333;12;
3;USA;Idaho;Shoshone;Thiard;W115.905;N47.6156;12;
3;USA;Idaho;Shoshone;Wallace;W115.928;N47.4742;12;
3;USA;Idaho;Shoshone;Wardner;W116.134;N47.5228;12;
3;USA;Idaho;Shoshone;Webb;W115.892;N47.4883;12;
3;USA;Idaho;Shoshone;Woodland Park;W115.902;N47.4861;12;
3;USA;Idaho;Teton;Bates;W111.201;N43.6917;12;
3;USA;Idaho;Teton;Cache;W111.163;N43.7881;12;
3;USA;Idaho;Teton;Cedron;W111.191;N43.6222;12;
3;USA;Idaho;Teton;Chapin;W111.111;N43.6433;12;
3;USA;Idaho;Teton;Clawson;W111.111;N43.7981;12;
3;USA;Idaho;Teton;Clementsville;W111.37;N43.8767;12;
3;USA;Idaho;Teton;Darby;W111.066;N43.6942;12;
3;USA;Idaho;Teton;Driggs;W111.111;N43.7233;12;
3;USA;Idaho;Teton;Felt;W111.185;N43.8731;12;
3;USA;Idaho;Teton;Fox Creek;W111.111;N43.6506;12;
3;USA;Idaho;Teton;Judkins;W111.15;N43.9219;12;
3;USA;Idaho;Teton;Sam;W111.304;N43.7192;12;
3;USA;Idaho;Teton;Tetonia;W111.163;N43.8192;12;
3;USA;Idaho;Teton;The String;W111.089;N43.5847;12;
3;USA;Idaho;Teton;Twin Forks;W111.194;N43.7319;12;
3;USA;Idaho;Teton;Two Forks;W111.177;N43.7131;12;
3;USA;Idaho;Teton;Victor;W111.111;N43.6028;12;
3;USA;Idaho;Twin Falls;Amsterdam;W114.585;N42.2958;12;
3;USA;Idaho;Twin Falls;Anderson Place;W114.951;N42.2447;12;
3;USA;Idaho;Twin Falls;Artesian City;W114.161;N42.4172;12;
3;USA;Idaho;Twin Falls;Berger;W114.575;N42.4697;12;
3;USA;Idaho;Twin Falls;Bergstrom Place;W114.937;N42.1944;12;
3;USA;Idaho;Twin Falls;Bills;W114.286;N42.5322;12;
3;USA;Idaho;Twin Falls;Buhl;W114.759;N42.5992;12;
3;USA;Idaho;Twin Falls;Castleford;W114.868;N42.5208;12;
3;USA;Idaho;Twin Falls;Cedar;W114.706;N42.5939;12;
3;USA;Idaho;Twin Falls;Clover;W114.688;N42.5142;12;
3;USA;Idaho;Twin Falls;Curry;W114.555;N42.5639;12;
3;USA;Idaho;Twin Falls;Deep Creek;W114.846;N42.5936;12;
3;USA;Idaho;Twin Falls;Duncan Place;W114.81;N42.0356;12;
3;USA;Idaho;Twin Falls;Fairview;W114.79;N42.535;12;
3;USA;Idaho;Twin Falls;Filer;W114.608;N42.5703;12;
3;USA;Idaho;Twin Falls;Godwin;W114.575;N42.5128;12;
3;USA;Idaho;Twin Falls;Greys Landing;W114.729;N42.1328;12;
3;USA;Idaho;Twin Falls;Hand Place;W114.969;N42.1447;12;
3;USA;Idaho;Twin Falls;Hansen;W114.306;N42.5297;12;
3;USA;Idaho;Twin Falls;Harrell Place;W114.786;N42.0775;12;
3;USA;Idaho;Twin Falls;Hoelzle Place;W114.953;N42.2006;12;
3;USA;Idaho;Twin Falls;Hollister;W114.575;N42.3533;12;
3;USA;Idaho;Twin Falls;Indian Jim Place;W114.914;N42.1678;12;
3;USA;Idaho;Twin Falls;Kimberly;W114.365;N42.5339;12;
3;USA;Idaho;Twin Falls;Knull;W114.555;N42.5264;12;
3;USA;Idaho;Twin Falls;May Place;W114.891;N42.2011;12;
3;USA;Idaho;Twin Falls;McMillan;W114.421;N42.5433;12;
3;USA;Idaho;Twin Falls;Milner;W114.023;N42.5186;12;
3;USA;Idaho;Twin Falls;Murtaugh;W114.162;N42.4925;12;
3;USA;Idaho;Twin Falls;Peavey;W114.653;N42.5836;12;
3;USA;Idaho;Twin Falls;Player Place;W114.817;N42.02;12;
3;USA;Idaho;Twin Falls;Rock Creek;W114.306;N42.4322;12;
3;USA;Idaho;Twin Falls;Rock House Place;W114.781;N42.1728;12;
3;USA;Idaho;Twin Falls;Rogerson;W114.594;N42.2181;12;
3;USA;Idaho;Twin Falls;Roseworth;W114.922;N42.3669;12;
3;USA;Idaho;Twin Falls;Striker;W114.305;N42.475;12;
3;USA;Idaho;Twin Falls;Threemile Crossing;W114.865;N42.2478;12;
3;USA;Idaho;Twin Falls;Twin Falls;W114.461;N42.5631;12;
3;USA;Idaho;Twin Falls;Vosburg Place;W114.817;N42.1911;12;
3;USA;Idaho;Valley;Abstein Place;W115.487;N44.9708;12;
3;USA;Idaho;Valley;Alpha;W116.008;N44.3911;12;
3;USA;Idaho;Valley;Archabal;W116.122;N44.8469;12;
3;USA;Idaho;Valley;Arling;W116.05;N44.6253;12;
3;USA;Idaho;Valley;Belvidere;W116.033;N44.4756;12;
3;USA;Idaho;Valley;Big Creek;W115.324;N45.1272;12;
3;USA;Idaho;Valley;Cabarton;W116.04;N44.4356;12;
3;USA;Idaho;Valley;Cascade;W116.042;N44.5164;12;
3;USA;Idaho;Valley;Donnelly;W116.081;N44.7317;12;
3;USA;Idaho;Valley;Eagle Nest;W115.943;N44.6072;12;
3;USA;Idaho;Valley;Edwardsburg;W115.326;N45.1189;12;
3;USA;Idaho;Valley;Fritser Ford;W115.629;N45.0867;12;
3;USA;Idaho;Valley;High Valley;W116.155;N44.2242;12;
3;USA;Idaho;Valley;Kinney Point Summer Home Area;W115.674;N44.6386;12;
3;USA;Idaho;Valley;Lake Fork;W116.085;N44.8328;12;
3;USA;Idaho;Valley;Lakeshore Summer Home Area;W115.662;N44.6461;12;
3;USA;Idaho;Valley;Landmark;W115.545;N44.6564;12;
3;USA;Idaho;Valley;Lawman Ford;W115.61;N45.11;12;
3;USA;Idaho;Valley;McCall;W116.099;N44.9111;12;
3;USA;Idaho;Valley;Midnight;W115.331;N44.9231;12;
3;USA;Idaho;Valley;Norwood;W116.103;N44.8086;12;
3;USA;Idaho;Valley;Old Fort;W116.157;N44.8117;12;
3;USA;Idaho;Valley;Paradise Valley Summer Home Area;W115.659;N44.6697;12;
3;USA;Idaho;Valley;Roseberry;W116.05;N44.7308;12;
3;USA;Idaho;Valley;Shoreline Drive Summer Home Area;W115.677;N44.6475;12;
3;USA;Idaho;Valley;Smiths Ferry;W116.089;N44.3014;12;
3;USA;Idaho;Valley;Spink;W116.048;N44.7903;12;
3;USA;Idaho;Valley;Stibnite;W115.339;N44.8983;12;
3;USA;Idaho;Valley;Warm Lake;W115.668;N44.6542;12;
3;USA;Idaho;Valley;Williams Creek Summit Home Area;W116.121;N44.1636;12;
3;USA;Idaho;Valley;Yellow Pine;W115.494;N44.965;12;
3;USA;Idaho;Washington;Barton;W116.8;N44.3844;12;
3;USA;Idaho;Washington;Cambridge;W116.676;N44.5728;12;
3;USA;Idaho;Washington;Concrete;W116.796;N44.3553;12;
3;USA;Idaho;Washington;Crystal;W116.891;N44.1672;12;
3;USA;Idaho;Washington;Diamond;W116.776;N44.4142;12;
3;USA;Idaho;Washington;Eaton;W117.081;N44.2758;12;
3;USA;Idaho;Washington;Feltham;W116.931;N44.2072;12;
3;USA;Idaho;Washington;Heath;W116.882;N44.7561;12;
3;USA;Idaho;Washington;Jonathan;W117.054;N44.2675;12;
3;USA;Idaho;Washington;Midvale;W116.735;N44.4714;12;
3;USA;Idaho;Washington;Mineral;W117.078;N44.5653;12;
3;USA;Idaho;Washington;Rebecca;W116.858;N44.2408;12;
3;USA;Idaho;Washington;Salubria;W116.666;N44.5636;12;
3;USA;Idaho;Washington;Weiser;W116.969;N44.2511;12;
3;USA;Utah;Box Elder;Standrod;W113.419;N41.9939;12;
3;USA;Utah;Cache;Utida;W111.975;N41.9992;12;
3;USA;Washington;Whitman;Leon;W117.039;N46.5319;12;
