2;USA;Montana;Beaverhead;;W112.918;N45.1667;9;
2;USA;Montana;Big Horn;;W107.467;N45.45;9;
2;USA;Montana;Blaine;;W109.034;N48.4167;9;
2;USA;Montana;Broadwater;;W111.484;N46.35;9;
2;USA;Montana;Carbon;;W109.067;N45.2167;9;
2;USA;Montana;Carter;;W104.551;N45.4667;9;
2;USA;Montana;Cascade;;W111.368;N47.3;9;
2;USA;Montana;Chouteau;;W110.468;N47.8667;9;
2;USA;Montana;Custer;;W105.584;N46.2833;9;
2;USA;Montana;Daniels;;W105.534;N48.7833;9;
2;USA;Montana;Dawson;;W104.901;N47.2667;9;
2;USA;Montana;Deer Lodge;;W113.034;N46.05;9;
2;USA;Montana;Fallon;;W104.451;N46.35;9;
2;USA;Montana;Fergus;;W109.267;N47.3;9;
2;USA;Montana;Flathead;;W114.251;N48.3333;9;
2;USA;Montana;Gallatin;;W111.201;N45.6667;9;
2;USA;Montana;Garfield;;W106.967;N47.3;9;
2;USA;Montana;Glacier;;W112.968;N48.65;9;
2;USA;Montana;Golden Valley;;W109.184;N46.3667;9;
2;USA;Montana;Granite;;W113.468;N46.4;9;
2;USA;Montana;Hill;;W110.101;N48.65;9;
2;USA;Montana;Jefferson;;W112.168;N46.1833;9;
2;USA;Montana;Judith Basin;;W110.301;N47.0167;9;
2;USA;Montana;Lake;;W114.084;N47.6667;9;
2;USA;Montana;Lewis and Clark;;W112.484;N47.0333;9;
2;USA;Montana;Liberty;;W111.017;N48.55;9;
2;USA;Montana;Lincoln;;W115.384;N48.55;9;
2;USA;Montana;Madison;;W111.868;N45.2833;9;
2;USA;Montana;McCone;;W105.834;N47.6667;9;
2;USA;Montana;Meagher;;W110.834;N46.5833;9;
2;USA;Montana;Mineral;;W114.968;N47.1333;9;
2;USA;Montana;Missoula;;W113.801;N47.0167;9;
2;USA;Montana;Musselshell;;W108.384;N46.5167;9;
2;USA;Montana;Park;;W110.567;N45.4833;9;
2;USA;Montana;Petroleum;;W108.267;N47.15;9;
2;USA;Montana;Phillips;;W107.934;N48.2;9;
2;USA;Montana;Pondera;;W112.184;N48.2167;9;
2;USA;Montana;Powder River;;W105.651;N45.3833;9;
2;USA;Montana;Powell;;W112.968;N46.9;9;
2;USA;Montana;Prairie;;W105.367;N46.85;9;
2;USA;Montana;Ravalli;;W114.134;N46.1333;9;
2;USA;Montana;Richland;;W104.534;N47.7833;9;
2;USA;Montana;Roosevelt;;W105.134;N48.3;9;
2;USA;Montana;Rosebud;;W106.584;N46.3333;9;
2;USA;Montana;Sanders;;W115.168;N47.6667;9;
2;USA;Montana;Sheridan;;W104.401;N48.7167;9;
2;USA;Montana;Silver Bow;;W112.668;N45.9;9;
2;USA;Montana;Stillwater;;W109.301;N45.6667;9;
2;USA;Montana;Sweet Grass;;W109.901;N45.8667;9;
2;USA;Montana;Teton;;W112.267;N47.8;9;
2;USA;Montana;Toole;;W111.634;N48.65;9;
2;USA;Montana;Treasure;;W107.284;N46.2333;9;
2;USA;Montana;Valley;;W106.651;N48.4333;9;
2;USA;Montana;Wheatland;;W109.834;N46.45;9;
2;USA;Montana;Wibaux;;W104.184;N47.0167;9;
2;USA;Montana;Yellowstone;;W108.301;N45.9167;9;
3;USA;Montana;Beaverhead;Apex;W112.707;N45.3819;12;
3;USA;Montana;Beaverhead;Argenta;W112.862;N45.2797;12;
3;USA;Montana;Beaverhead;Bannack;W112.996;N45.1611;12;
3;USA;Montana;Beaverhead;Barretts;W112.741;N45.1314;12;
3;USA;Montana;Beaverhead;Bishop Place;W112.487;N45.225;12;
3;USA;Montana;Beaverhead;Bond;W112.666;N45.3058;12;
3;USA;Montana;Beaverhead;Chinatown;W113.196;N44.8828;12;
3;USA;Montana;Beaverhead;Dalys;W112.78;N45.0853;12;
3;USA;Montana;Beaverhead;Dell;W112.697;N44.7231;12;
3;USA;Montana;Beaverhead;Dewey;W112.855;N45.7772;12;
3;USA;Montana;Beaverhead;Dillon;W112.638;N45.2164;12;
3;USA;Montana;Beaverhead;Elkhorn Hot Springs;W113.11;N45.4556;12;
3;USA;Montana;Beaverhead;Elkhorn;W113.036;N45.4894;12;
3;USA;Montana;Beaverhead;Ermont Mill;W112.916;N45.2669;12;
3;USA;Montana;Beaverhead;Ford;W112.715;N45.1536;12;
3;USA;Montana;Beaverhead;Frenchie Place;W112.88;N45.1114;12;
3;USA;Montana;Beaverhead;Glen;W112.691;N45.4767;12;
3;USA;Montana;Beaverhead;Glendale;W112.773;N45.6419;12;
3;USA;Montana;Beaverhead;Gloss Place;W113.274;N45.3608;12;
3;USA;Montana;Beaverhead;Grant;W113.067;N45.0086;12;
3;USA;Montana;Beaverhead;Grayling;W112.821;N45.0467;12;
3;USA;Montana;Beaverhead;Guntner Place;W112.466;N45.1928;12;
3;USA;Montana;Beaverhead;Hildreth;W113.04;N44.6808;12;
3;USA;Montana;Beaverhead;Jackson;W113.409;N45.3681;12;
3;USA;Montana;Beaverhead;Kidd;W112.753;N44.8011;12;
3;USA;Montana;Beaverhead;Lakeview;W111.811;N44.5994;12;
3;USA;Montana;Beaverhead;Lima;W112.592;N44.6369;12;
3;USA;Montana;Beaverhead;Monida;W112.314;N44.5619;12;
3;USA;Montana;Beaverhead;Navy;W112.696;N45.4847;12;
3;USA;Montana;Beaverhead;Patterson Corner;W112.892;N45.7875;12;
3;USA;Montana;Beaverhead;Polaris;W113.119;N45.3697;12;
3;USA;Montana;Beaverhead;Red Rock;W112.819;N44.9006;12;
3;USA;Montana;Beaverhead;Sodak Mill;W112.601;N45.4283;12;
3;USA;Montana;Beaverhead;Wisdom;W113.451;N45.6181;12;
3;USA;Montana;Beaverhead;Wise River;W112.949;N45.7914;12;
3;USA;Montana;Big Horn;Aberdeen;W107.357;N45.0544;12;
3;USA;Montana;Big Horn;Benteen;W107.396;N45.4564;12;
3;USA;Montana;Big Horn;Busby;W106.956;N45.5372;12;
3;USA;Montana;Big Horn;Corinth;W107.965;N45.8558;12;
3;USA;Montana;Big Horn;Crow Agency;W107.461;N45.6017;12;
3;USA;Montana;Big Horn;Decker;W106.863;N45.0119;12;
3;USA;Montana;Big Horn;Dunmore;W107.504;N45.6786;12;
3;USA;Montana;Big Horn;Fort Smith;W107.937;N45.3128;12;
3;USA;Montana;Big Horn;Forty Mile Colony;W107.351;N45.27;12;
3;USA;Montana;Big Horn;Foster;W107.591;N45.925;12;
3;USA;Montana;Big Horn;Garryowen;W107.419;N45.5267;12;
3;USA;Montana;Big Horn;Hardin;W107.612;N45.7325;12;
3;USA;Montana;Big Horn;Kingley;W107.602;N45.8986;12;
3;USA;Montana;Big Horn;Kirby;W106.982;N45.3325;12;
3;USA;Montana;Big Horn;Lodge Grass;W107.363;N45.3144;12;
3;USA;Montana;Big Horn;Muddy;W106.76;N45.6219;12;
3;USA;Montana;Big Horn;Old Ford Place;W107.457;N45.9039;12;
3;USA;Montana;Big Horn;Pryor;W108.533;N45.4297;12;
3;USA;Montana;Big Horn;Quietus;W106.283;N45.0964;12;
3;USA;Montana;Big Horn;Rowley;W107.775;N45.7264;12;
3;USA;Montana;Big Horn;Saint Xavier;W107.722;N45.4611;12;
3;USA;Montana;Big Horn;Spear;W107.379;N45.1997;12;
3;USA;Montana;Big Horn;Toluca;W107.872;N45.7472;12;
3;USA;Montana;Big Horn;Wyola;W107.393;N45.1294;12;
3;USA;Montana;Blaine;Burns Trailer Court;W109.231;N48.59;12;
3;USA;Montana;Blaine;Cherry Ridge Ranch;W108.999;N48.9144;12;
3;USA;Montana;Blaine;Chinook;W109.231;N48.59;12;
3;USA;Montana;Blaine;Cleveland;W109.153;N48.2694;12;
3;USA;Montana;Blaine;Coburg;W108.439;N48.4514;12;
3;USA;Montana;Blaine;Dry Lake;W108.647;N48.0511;12;
3;USA;Montana;Blaine;Fort Belknap Agency;W108.766;N48.4825;12;
3;USA;Montana;Blaine;Fort Belknap;W108.767;N48.4831;12;
3;USA;Montana;Blaine;Harlem;W108.784;N48.5333;12;
3;USA;Montana;Blaine;Hays;W108.694;N47.9892;12;
3;USA;Montana;Blaine;Hogeland;W108.659;N48.8525;12;
3;USA;Montana;Blaine;Leroy;W109.319;N47.8742;12;
3;USA;Montana;Blaine;Lloyd;W109.362;N48.2903;12;
3;USA;Montana;Blaine;Lodge Pole;W108.533;N48.0347;12;
3;USA;Montana;Blaine;Lohman;W109.405;N48.5897;12;
3;USA;Montana;Blaine;Maddux;W109.418;N48.1406;12;
3;USA;Montana;Blaine;Newtown;W108.756;N48.4828;12;
3;USA;Montana;Blaine;North Fork;W109.111;N48.5861;12;
3;USA;Montana;Blaine;North Harlem Colony;W108.758;N48.5908;12;
3;USA;Montana;Blaine;Pine Grove;W108.681;N47.9994;12;
3;USA;Montana;Blaine;Rattlesnake;W109.049;N48.0981;12;
3;USA;Montana;Blaine;Savoy;W108.544;N48.4742;12;
3;USA;Montana;Blaine;Sprinkle Trailer Court;W109.231;N48.59;12;
3;USA;Montana;Blaine;Turner Colony;W108.435;N48.7583;12;
3;USA;Montana;Blaine;Turner;W108.407;N48.8436;12;
3;USA;Montana;Blaine;Zurich;W109.031;N48.5844;12;
3;USA;Montana;Broadwater;Barker;W111.489;N46.5344;12;
3;USA;Montana;Broadwater;Bedford;W111.551;N46.3631;12;
3;USA;Montana;Broadwater;Brewer;W111.401;N46.1381;12;
3;USA;Montana;Broadwater;Canton;W111.503;N46.4139;12;
3;USA;Montana;Broadwater;Copper City;W111.549;N45.9811;12;
3;USA;Montana;Broadwater;Diamond City;W111.424;N46.5972;12;
3;USA;Montana;Broadwater;Eustis;W111.467;N45.9897;12;
3;USA;Montana;Broadwater;Hassel;W111.665;N46.3053;12;
3;USA;Montana;Broadwater;Holker;W111.478;N46.2544;12;
3;USA;Montana;Broadwater;Lombard;W111.399;N46.1075;12;
3;USA;Montana;Broadwater;McMullan;W111.714;N46.3442;12;
3;USA;Montana;Broadwater;Noble;W111.487;N46.52;12;
3;USA;Montana;Broadwater;Parker;W111.608;N46.1797;12;
3;USA;Montana;Broadwater;Radersburg;W111.632;N46.1958;12;
3;USA;Montana;Broadwater;Three Forks Junction;W111.6;N45.8986;12;
3;USA;Montana;Broadwater;Toston;W111.441;N46.1728;12;
3;USA;Montana;Broadwater;Townsend;W111.521;N46.3192;12;
3;USA;Montana;Broadwater;Whites City;W111.443;N46.6342;12;
3;USA;Montana;Broadwater;Winston;W111.659;N46.4767;12;
3;USA;Montana;Carbon;Alex Boggio Place;W109.438;N45.3158;12;
3;USA;Montana;Carbon;Alpine;W109.641;N45.2014;12;
3;USA;Montana;Carbon;Bearcreek;W109.157;N45.1608;12;
3;USA;Montana;Carbon;Belfry;W109.006;N45.1419;12;
3;USA;Montana;Carbon;Berts Trailer Court;W108.907;N45.3922;12;
3;USA;Montana;Carbon;Bowler;W108.719;N45.205;12;
3;USA;Montana;Carbon;Boyd;W109.067;N45.4578;12;
3;USA;Montana;Carbon;Bridger;W108.914;N45.2958;12;
3;USA;Montana;Carbon;Chance;W109.063;N45.0119;12;
3;USA;Montana;Carbon;Edgar;W108.853;N45.4647;12;
3;USA;Montana;Carbon;Fox;W109.217;N45.2769;12;
3;USA;Montana;Carbon;Fromberg;W108.907;N45.3922;12;
3;USA;Montana;Carbon;George Place;W109.499;N45.3603;12;
3;USA;Montana;Carbon;Hillsboro;W108.233;N45.1;12;
3;USA;Montana;Carbon;Joliet;W108.971;N45.4853;12;
3;USA;Montana;Carbon;Luther;W109.429;N45.2844;12;
3;USA;Montana;Carbon;Montaqua;W108.901;N45.5092;12;
3;USA;Montana;Carbon;Mount Aqua Trailer Court;W108.862;N45.5225;12;
3;USA;Montana;Carbon;Mountain View Trailer Court;W109.248;N45.1958;12;
3;USA;Montana;Carbon;Peterson Place;W109.456;N45.3739;12;
3;USA;Montana;Carbon;Rankin Place;W109.493;N45.2617;12;
3;USA;Montana;Carbon;Red Lodge;W109.247;N45.1858;12;
3;USA;Montana;Carbon;Richel Lodge;W109.376;N45.0819;12;
3;USA;Montana;Carbon;Roberts;W109.168;N45.3597;12;
3;USA;Montana;Carbon;Robinsons Trailer Park;W109.248;N45.1958;12;
3;USA;Montana;Carbon;Rockvale;W108.862;N45.5225;12;
3;USA;Montana;Carbon;Roscoe;W109.497;N45.3497;12;
3;USA;Montana;Carbon;Selmes;W109.132;N45.3919;12;
3;USA;Montana;Carbon;Silesia;W108.842;N45.5567;12;
3;USA;Montana;Carbon;Simpkins Place;W109.408;N45.3133;12;
3;USA;Montana;Carbon;Stones Trailer Park;W108.974;N45.4028;12;
3;USA;Montana;Carbon;Wade;W108.819;N45.1586;12;
3;USA;Montana;Carbon;Warren;W108.658;N45.06;12;
3;USA;Montana;Carbon;Washoe;W109.213;N45.1639;12;
3;USA;Montana;Carter;Albion;W104.277;N45.1872;12;
3;USA;Montana;Carter;Alzada;W104.412;N45.0231;12;
3;USA;Montana;Carter;Belltower;W104.377;N45.6383;12;
3;USA;Montana;Carter;Boyes;W105.031;N45.2681;12;
3;USA;Montana;Carter;Capitol;W104.066;N45.4361;12;
3;USA;Montana;Carter;Ekalaka;W104.553;N45.8889;12;
3;USA;Montana;Carter;Hammond;W104.918;N45.2256;12;
3;USA;Montana;Carter;Mill Iron;W104.219;N45.8536;12;
3;USA;Montana;Carter;Ridge;W105.02;N45.0469;12;
3;USA;Montana;Carter;Ridgeway;W104.512;N45.4853;12;
3;USA;Montana;Cascade;Adel;W111.624;N47.0278;12;
3;USA;Montana;Cascade;Armington Junction;W110.894;N47.3481;12;
3;USA;Montana;Cascade;Armington;W110.904;N47.3664;12;
3;USA;Montana;Cascade;Ashuelot;W111.811;N47.5572;12;
3;USA;Montana;Cascade;Belt Creek;W110.957;N47.5531;12;
3;USA;Montana;Cascade;Belt;W110.926;N47.3861;12;
3;USA;Montana;Cascade;Big Stone Colony;W111.218;N47.4;12;
3;USA;Montana;Cascade;Black Eagle;W111.278;N47.5247;12;
3;USA;Montana;Cascade;Blythe;W110.829;N47.3014;12;
3;USA;Montana;Cascade;Calvert;W111.134;N47.1653;12;
3;USA;Montana;Cascade;Cascade Colony;W111.82;N47.44;12;
3;USA;Montana;Cascade;Cascade;W111.701;N47.2711;12;
3;USA;Montana;Cascade;Castner Falls;W111.496;N47.3067;12;
3;USA;Montana;Cascade;Centerville;W111.143;N47.3897;12;
3;USA;Montana;Cascade;Cooper;W111.137;N47.5222;12;
3;USA;Montana;Cascade;Countryside Village;W111.297;N47.5394;12;
3;USA;Montana;Cascade;Eden;W111.272;N47.27;12;
3;USA;Montana;Cascade;Emerson Junction;W111.37;N47.52;12;
3;USA;Montana;Cascade;Evans;W111.093;N47.1736;12;
3;USA;Montana;Cascade;Fair Haven Colony;W111.628;N47.4036;12;
3;USA;Montana;Cascade;Fields;W111.24;N47.4506;12;
3;USA;Montana;Cascade;Fife;W111.023;N47.4558;12;
3;USA;Montana;Cascade;Fort Shaw;W111.81;N47.5056;12;
3;USA;Montana;Cascade;Garrett Mobile Home Park;W111.351;N47.5056;12;
3;USA;Montana;Cascade;Gerber;W111.165;N47.4511;12;
3;USA;Montana;Cascade;Gibson Flats;W111.247;N47.4697;12;
3;USA;Montana;Cascade;Giffen;W111.187;N47.3139;12;
3;USA;Montana;Cascade;Gordon;W111.647;N47.6294;12;
3;USA;Montana;Cascade;Great Falls;W111.301;N47.5003;12;
3;USA;Montana;Cascade;Highwoods Mobile Home Park;W111.238;N47.5153;12;
3;USA;Montana;Cascade;Lowry;W112.01;N47.5125;12;
3;USA;Montana;Cascade;Manchester;W111.462;N47.5408;12;
3;USA;Montana;Cascade;Mid Canon;W111.888;N47.1322;12;
3;USA;Montana;Cascade;Millegan;W111.37;N47.0206;12;
3;USA;Montana;Cascade;Missouri Meadows Trailer Park;W111.312;N47.4761;12;
3;USA;Montana;Cascade;Monarch;W110.839;N47.0983;12;
3;USA;Montana;Cascade;Neihart;W110.736;N46.9333;12;
3;USA;Montana;Cascade;Number Seven;W111.152;N47.4036;12;
3;USA;Montana;Cascade;Olson Place;W112.01;N47.4714;12;
3;USA;Montana;Cascade;Pleasant Park Mobile Home Court;W111.308;N47.4783;12;
3;USA;Montana;Cascade;Pleasant Valley Colony;W111.084;N47.3569;12;
3;USA;Montana;Cascade;Portage;W111.125;N47.6528;12;
3;USA;Montana;Cascade;Rainbow;W111.2;N47.5383;12;
3;USA;Montana;Cascade;Riceville;W110.934;N47.2147;12;
3;USA;Montana;Cascade;Riverdale;W111.593;N47.3467;12;
3;USA;Montana;Cascade;Rivershore Mobile Home Park;W111.311;N47.4722;12;
3;USA;Montana;Cascade;Rogers;W110.996;N47.5433;12;
3;USA;Montana;Cascade;Saint Peter;W111.918;N47.3025;12;
3;USA;Montana;Cascade;Salem;W111.04;N47.5372;12;
3;USA;Montana;Cascade;Sand Coulee;W111.168;N47.3994;12;
3;USA;Montana;Cascade;Sheffels;W111.15;N47.5947;12;
3;USA;Montana;Cascade;Simms;W111.928;N47.4917;12;
3;USA;Montana;Cascade;Smelter Hill;W111.269;N47.5214;12;
3;USA;Montana;Cascade;Stockett;W111.165;N47.3567;12;
3;USA;Montana;Cascade;Sun Prairie;W111.481;N47.5369;12;
3;USA;Montana;Cascade;Sun River;W111.721;N47.5333;12;
3;USA;Montana;Cascade;Three Forks;W111.09;N47.2817;12;
3;USA;Montana;Cascade;Tracy;W111.154;N47.4131;12;
3;USA;Montana;Cascade;Truly;W111.441;N47.3558;12;
3;USA;Montana;Cascade;Ulm;W111.507;N47.4306;12;
3;USA;Montana;Cascade;Vaughn;W111.546;N47.5606;12;
3;USA;Montana;Cascade;Wayne;W110.959;N47.4419;12;
3;USA;Montana;Chouteau;Big Sag;W110.714;N47.5978;12;
3;USA;Montana;Chouteau;Big Sandy Trailer Court;W110.112;N48.1786;12;
3;USA;Montana;Chouteau;Big Sandy;W110.112;N48.1786;12;
3;USA;Montana;Chouteau;Boneau;W109.861;N48.2906;12;
3;USA;Montana;Chouteau;Carter;W110.956;N47.7811;12;
3;USA;Montana;Chouteau;Coal Banks Landing;W110.228;N48.0339;12;
3;USA;Montana;Chouteau;Eagleton;W109.782;N47.945;12;
3;USA;Montana;Chouteau;Floweree;W111.028;N47.7297;12;
3;USA;Montana;Chouteau;Fort Benton;W110.668;N47.8183;12;
3;USA;Montana;Chouteau;Geraldine;W110.266;N47.6036;12;
3;USA;Montana;Chouteau;Highwood;W110.79;N47.5836;12;
3;USA;Montana;Chouteau;Iliad;W109.786;N47.7986;12;
3;USA;Montana;Chouteau;Kenilworth;W110.441;N48.1756;12;
3;USA;Montana;Chouteau;Kershaw;W110.739;N47.8133;12;
3;USA;Montana;Chouteau;Lander Crossing;W110.933;N47.6431;12;
3;USA;Montana;Chouteau;Lippard;W110.391;N47.9517;12;
3;USA;Montana;Chouteau;Loma;W110.504;N47.9369;12;
3;USA;Montana;Chouteau;Montague;W110.454;N47.6792;12;
3;USA;Montana;Chouteau;Pack and Lacey Crossing;W110.9;N47.5447;12;
3;USA;Montana;Chouteau;Parker School;W109.737;N48.25;12;
3;USA;Montana;Chouteau;Rocky Crossing;W110.07;N48.2661;12;
3;USA;Montana;Chouteau;Shepherd Crossing;W110.893;N47.6069;12;
3;USA;Montana;Chouteau;Shonkin;W110.573;N47.6289;12;
3;USA;Montana;Chouteau;Square Butte;W110.198;N47.515;12;
3;USA;Montana;Chouteau;Stranahan;W110.321;N47.9956;12;
3;USA;Montana;Chouteau;Tunis;W110.843;N47.8069;12;
3;USA;Montana;Chouteau;Verona;W110.19;N48.1228;12;
3;USA;Montana;Chouteau;Virgelle;W110.251;N48.0153;12;
3;USA;Montana;Chouteau;Waltham;W110.891;N47.5697;12;
3;USA;Montana;Chouteau;Warrick;W109.606;N48.0717;12;
3;USA;Montana;Chouteau;Woods Crossing;W111.268;N47.8778;12;
3;USA;Montana;Custer;Beebe;W105.569;N46.0553;12;
3;USA;Montana;Custer;Bonfield;W105.571;N46.6328;12;
3;USA;Montana;Custer;Carbon Hill Trailer Court;W105.82;N46.3992;12;
3;USA;Montana;Custer;Cope Trailer Park;W105.828;N46.4;12;
3;USA;Montana;Custer;Garland;W105.931;N46.0483;12;
3;USA;Montana;Custer;Green Star Trailer Court;W105.823;N46.4092;12;
3;USA;Montana;Custer;Horton;W106.062;N46.3414;12;
3;USA;Montana;Custer;Ismay;W104.794;N46.4972;12;
3;USA;Montana;Custer;Kinsey;W105.657;N46.5708;12;
3;USA;Montana;Custer;Knowlton;W105.088;N46.3436;12;
3;USA;Montana;Custer;Miles City;W105.841;N46.4083;12;
3;USA;Montana;Custer;Mizpah;W105.267;N46.2447;12;
3;USA;Montana;Custer;Paragon;W106.003;N46.3653;12;
3;USA;Montana;Custer;Sheffield;W106.139;N46.3328;12;
3;USA;Montana;Custer;Shirley;W105.58;N46.5914;12;
3;USA;Montana;Custer;Smiths Trailer Court;W105.859;N46.4069;12;
3;USA;Montana;Custer;Tusler;W105.752;N46.4836;12;
3;USA;Montana;Custer;Ulmer;W105.929;N46.3544;12;
3;USA;Montana;Custer;Valley Drive Mobile Home Park;W105.826;N46.4181;12;
3;USA;Montana;Custer;Volborg;W105.681;N45.8428;12;
3;USA;Montana;Custer;Westwood Estates;W105.838;N46.4125;12;
3;USA;Montana;Daniels;Brenna Trailer Court;W105.416;N48.7894;12;
3;USA;Montana;Daniels;Butte Creek;W105.848;N48.8819;12;
3;USA;Montana;Daniels;Carbert;W105.811;N48.9758;12;
3;USA;Montana;Daniels;Flaxville;W105.173;N48.8039;12;
3;USA;Montana;Daniels;Four Buttes;W105.606;N48.8097;12;
3;USA;Montana;Daniels;Leibrands Trailer Court;W105.413;N48.79;12;
3;USA;Montana;Daniels;Madoc;W105.286;N48.8108;12;
3;USA;Montana;Daniels;Navajo;W105.06;N48.7922;12;
3;USA;Montana;Daniels;Peerless;W105.831;N48.7825;12;
3;USA;Montana;Daniels;Pleasant Prairie;W105.082;N48.5922;12;
3;USA;Montana;Daniels;Scobey;W105.421;N48.7925;12;
3;USA;Montana;Daniels;West Fork;W105.912;N48.6869;12;
3;USA;Montana;Daniels;Whitetail;W105.163;N48.895;12;
3;USA;Montana;Dawson;Allard;W104.567;N47.0389;12;
3;USA;Montana;Dawson;Bloomfield;W104.917;N47.4128;12;
3;USA;Montana;Dawson;Casitas Del Rio East Mobile Home Park;W104.727;N47.105;12;
3;USA;Montana;Dawson;Colgate;W104.756;N47.0106;12;
3;USA;Montana;Dawson;Curry;W104.627;N47.0903;12;
3;USA;Montana;Dawson;Forest Park;W104.758;N47.1047;12;
3;USA;Montana;Dawson;Glendive;W104.713;N47.1053;12;
3;USA;Montana;Dawson;Highland Mobile Home Park;W104.746;N47.1136;12;
3;USA;Montana;Dawson;Hodges;W104.388;N46.9836;12;
3;USA;Montana;Dawson;Hoyt;W104.855;N46.9297;12;
3;USA;Montana;Dawson;I-94 Trailer Park;W104.732;N47.105;12;
3;USA;Montana;Dawson;Intake;W104.522;N47.2939;12;
3;USA;Montana;Dawson;La Bree Mobile Homes Incorporated;W104.723;N47.105;12;
3;USA;Montana;Dawson;Lindsay;W105.154;N47.2189;12;
3;USA;Montana;Dawson;Marsh;W104.933;N46.8897;12;
3;USA;Montana;Dawson;Pleasant View;W104.93;N47.0361;12;
3;USA;Montana;Dawson;Red Top;W104.812;N47.4125;12;
3;USA;Montana;Dawson;Richey Trailer Court;W105.074;N47.6411;12;
3;USA;Montana;Dawson;Richey;W105.075;N47.6439;12;
3;USA;Montana;Dawson;Spring Grove Trailer Court;W104.739;N47.1061;12;
3;USA;Montana;Dawson;Stipek;W104.665;N47.2122;12;
3;USA;Montana;Dawson;West Glendive;W104.75;N47.1108;12;
3;USA;Montana;Deer Lodge;Anaconda Trailer Court;W112.986;N46.1458;12;
3;USA;Montana;Deer Lodge;Anaconda;W112.942;N46.1286;12;
3;USA;Montana;Deer Lodge;Crackerville;W112.805;N46.0647;12;
3;USA;Montana;Deer Lodge;Fishtrap;W113.229;N45.8722;12;
3;USA;Montana;Deer Lodge;French Town;W112.992;N45.9372;12;
3;USA;Montana;Deer Lodge;Galen;W112.776;N46.2356;12;
3;USA;Montana;Deer Lodge;Georgetown;W113.246;N46.1994;12;
3;USA;Montana;Deer Lodge;Hunters Trailer Court;W112.942;N46.1286;12;
3;USA;Montana;Deer Lodge;Lost Creek;W112.949;N46.1758;12;
3;USA;Montana;Deer Lodge;Mill Creek;W112.884;N46.1006;12;
3;USA;Montana;Deer Lodge;Mine Creek;W112.884;N46.1053;12;
3;USA;Montana;Deer Lodge;Morel;W112.768;N46.1506;12;
3;USA;Montana;Deer Lodge;Opportunity;W112.828;N46.1072;12;
3;USA;Montana;Deer Lodge;Staton;W112.875;N46.09;12;
3;USA;Montana;Deer Lodge;Stuart;W112.798;N46.0858;12;
3;USA;Montana;Deer Lodge;Stump Town;W113.041;N46.1508;12;
3;USA;Montana;Deer Lodge;Sunnyside;W112.994;N46.1156;12;
3;USA;Montana;Deer Lodge;Warm Springs;W112.785;N46.1814;12;
3;USA;Montana;Deer Lodge;West Valley;W113.022;N46.1519;12;
3;USA;Montana;Fallon;Baker;W104.285;N46.3669;12;
3;USA;Montana;Fallon;Cabin Creek;W104.422;N46.6133;12;
3;USA;Montana;Fallon;Ollie;W104.085;N46.5847;12;
3;USA;Montana;Fallon;Plevna;W104.521;N46.4181;12;
3;USA;Montana;Fallon;Webster;W104.247;N46.055;12;
3;USA;Montana;Fallon;Westmore;W104.645;N46.4742;12;
3;USA;Montana;Fallon;Willard;W104.37;N46.1939;12;
3;USA;Montana;Fergus;Amherst;W109.625;N47.1497;12;
3;USA;Montana;Fergus;Ayers Ranch Colony;W108.95;N47.0514;12;
3;USA;Montana;Fergus;Baxter;W109.44;N47.1506;12;
3;USA;Montana;Fergus;Beaver Creek;W109.505;N46.9722;12;
3;USA;Montana;Fergus;Becket;W108.924;N46.9919;12;
3;USA;Montana;Fergus;Bell Ranch Colony;W108.916;N47.1297;12;
3;USA;Montana;Fergus;Brooks;W109.421;N47.2042;12;
3;USA;Montana;Fergus;Buffalo;W109.829;N46.8211;12;
3;USA;Montana;Fergus;Christina;W109.324;N47.3819;12;
3;USA;Montana;Fergus;Coffee Creek;W110.082;N47.3478;12;
3;USA;Montana;Fergus;Cottonwood;W109.514;N47.0058;12;
3;USA;Montana;Fergus;Danvers;W109.717;N47.2253;12;
3;USA;Montana;Fergus;Deerfield Colony;W109.677;N47.2597;12;
3;USA;Montana;Fergus;Denton;W109.948;N47.3197;12;
3;USA;Montana;Fergus;Eddies Corner;W109.746;N46.9833;12;
3;USA;Montana;Fergus;Fergus;W109.067;N47.3308;12;
3;USA;Montana;Fergus;Forestgrove;W109.08;N46.9914;12;
3;USA;Montana;Fergus;Garneill;W109.753;N46.7525;12;
3;USA;Montana;Fergus;Giltedge;W109.202;N47.1269;12;
3;USA;Montana;Fergus;Glengarry;W109.548;N47.0269;12;
3;USA;Montana;Fergus;Grass Range;W108.805;N47.0261;12;
3;USA;Montana;Fergus;Hanover;W109.555;N47.1214;12;
3;USA;Montana;Fergus;Heath;W109.267;N46.9958;12;
3;USA;Montana;Fergus;Hilger;W109.36;N47.2539;12;
3;USA;Montana;Fergus;Hoosac;W109.84;N47.2758;12;
3;USA;Montana;Fergus;King Colony Ranch;W109.637;N47.0558;12;
3;USA;Montana;Fergus;Kingston;W109.597;N47.1297;12;
3;USA;Montana;Fergus;Lewistown Heights;W109.453;N47.0758;12;
3;USA;Montana;Fergus;Lewistown Junction;W109.417;N47.0536;12;
3;USA;Montana;Fergus;Lewistown;W109.428;N47.0625;12;
3;USA;Montana;Fergus;Maiden;W109.23;N47.1778;12;
3;USA;Montana;Fergus;McClave;W109.774;N46.8086;12;
3;USA;Montana;Fergus;Moore;W109.697;N46.9756;12;
3;USA;Montana;Fergus;Moulton;W109.355;N47.3458;12;
3;USA;Montana;Fergus;Mountain Acres Mobile Home Park;W109.431;N47.0725;12;
3;USA;Montana;Fergus;New Year;W109.291;N47.1719;12;
3;USA;Montana;Fergus;Piper;W109.201;N46.99;12;
3;USA;Montana;Fergus;Pownal;W110.195;N47.4125;12;
3;USA;Montana;Fergus;Ross Fork;W109.693;N47.0772;12;
3;USA;Montana;Fergus;Roy-Winifred Junction;W109.435;N47.0889;12;
3;USA;Montana;Fergus;Roy;W108.96;N47.3314;12;
3;USA;Montana;Fergus;Samples Crossing;W109.72;N47.2736;12;
3;USA;Montana;Fergus;Sawyers Trailer Park;W109.428;N47.0625;12;
3;USA;Montana;Fergus;Spring Creek Junction;W109.574;N47.1272;12;
3;USA;Montana;Fergus;Straw;W109.79;N46.8542;12;
3;USA;Montana;Fergus;Suffolk;W109.356;N47.4669;12;
3;USA;Montana;Fergus;Valentine;W108.422;N47.3117;12;
3;USA;Montana;Fergus;Valley View Castle Mobile Home Park;W109.442;N47.0736;12;
3;USA;Montana;Fergus;Ware;W109.668;N47.1844;12;
3;USA;Montana;Fergus;West Lewistown;W109.465;N47.0983;12;
3;USA;Montana;Fergus;Winifred;W109.375;N47.5578;12;
3;USA;Montana;Flathead;Alpine Mobile Manor;W114.301;N48.2;12;
3;USA;Montana;Flathead;Apgar;W113.993;N48.5278;12;
3;USA;Montana;Flathead;Batavia;W114.413;N48.1819;12;
3;USA;Montana;Flathead;Bear Creek Village;W113.979;N48.0778;12;
3;USA;Montana;Flathead;Big Mountain Trailer Park;W114.343;N48.425;12;
3;USA;Montana;Flathead;Big Sky Colonial Manor;W114.201;N48.3667;12;
3;USA;Montana;Flathead;Bigfork;W114.073;N48.0633;12;
3;USA;Montana;Flathead;Blacktail;W113.448;N48.2769;12;
3;USA;Montana;Flathead;Brenchley Mobile Home Park;W114.35;N48.4411;12;
3;USA;Montana;Flathead;Canyon Creek Boat Landing;W113.768;N48.2139;12;
3;USA;Montana;Flathead;Columbia Falls;W114.181;N48.3725;12;
3;USA;Montana;Flathead;Conkelley;W114.133;N48.3894;12;
3;USA;Montana;Flathead;Coram;W114.046;N48.4181;12;
3;USA;Montana;Flathead;Country Estates Mobile Home Park;W114.192;N48.3861;12;
3;USA;Montana;Flathead;Creston;W114.137;N48.1894;12;
3;USA;Montana;Flathead;Crystal Ford;W113.849;N48.6089;12;
3;USA;Montana;Flathead;Crystal Point;W113.787;N48.7517;12;
3;USA;Montana;Flathead;East Evergreen Mobile Home Park;W114.276;N48.225;12;
3;USA;Montana;Flathead;Essex;W113.612;N48.2781;12;
3;USA;Montana;Flathead;Evergreen;W114.276;N48.2258;12;
3;USA;Montana;Flathead;Ferndale Mobile Court;W114.006;N48.0519;12;
3;USA;Montana;Flathead;Ford;W114.378;N48.8756;12;
3;USA;Montana;Flathead;Forest Acres Mobile Home Park;W114.334;N48.3333;12;
3;USA;Montana;Flathead;Forest Hill Village;W114.258;N48.1181;12;
3;USA;Montana;Flathead;Foster Mobile Home Park;W114.131;N48.2264;12;
3;USA;Montana;Flathead;Half Moon Mobile Home Park;W114.247;N48.3847;12;
3;USA;Montana;Flathead;Halfmoon;W114.24;N48.3878;12;
3;USA;Montana;Flathead;Happy Haven;W114.335;N48.4156;12;
3;USA;Montana;Flathead;Holt;W114.11;N48.0822;12;
3;USA;Montana;Flathead;Hungry Horse;W114.061;N48.3858;12;
3;USA;Montana;Flathead;Jessup;W114.128;N48.2111;12;
3;USA;Montana;Flathead;Kalispell;W114.313;N48.1958;12;
3;USA;Montana;Flathead;Kila;W114.457;N48.1203;12;
3;USA;Montana;Flathead;La Salle;W114.244;N48.3131;12;
3;USA;Montana;Flathead;Lake McDonald;W113.872;N48.6208;12;
3;USA;Montana;Flathead;Lakeside;W114.224;N48.0194;12;
3;USA;Montana;Flathead;Lazy Day Court;W114.213;N48.3717;12;
3;USA;Montana;Flathead;Lupfer;W114.511;N48.4836;12;
3;USA;Montana;Flathead;Mar-Le Villa;W114.292;N48.1817;12;
3;USA;Montana;Flathead;Marion;W114.663;N48.1056;12;
3;USA;Montana;Flathead;Martin City;W114.038;N48.3917;12;
3;USA;Montana;Flathead;Meadow Manor Incorporated;W114.301;N48.2;12;
3;USA;Montana;Flathead;Meadowlark Mobile Home Park;W114.309;N48.1694;12;
3;USA;Montana;Flathead;Mountain View Mobile Home Park;W114.276;N48.2208;12;
3;USA;Montana;Flathead;Niarada;W114.604;N47.8142;12;
3;USA;Montana;Flathead;Nimrod;W113.568;N48.2389;12;
3;USA;Montana;Flathead;Northridge Heights;W114.333;N48.2181;12;
3;USA;Montana;Flathead;Nyack;W113.806;N48.4394;12;
3;USA;Montana;Flathead;Olney;W114.578;N48.5486;12;
3;USA;Montana;Flathead;Outback Mobile Home Settlement;W114.338;N48.4111;12;
3;USA;Montana;Flathead;Packers Roost;W113.78;N48.7458;12;
3;USA;Montana;Flathead;Pine Park;W114.184;N48.3694;12;
3;USA;Montana;Flathead;Pine Prairie;W114.705;N48.0289;12;
3;USA;Montana;Flathead;Pinnacle;W113.653;N48.3561;12;
3;USA;Montana;Flathead;Polebridge;W114.285;N48.7653;12;
3;USA;Montana;Flathead;Quintonkon;W113.707;N48.0264;12;
3;USA;Montana;Flathead;Radnor;W114.661;N48.61;12;
3;USA;Montana;Flathead;Rainbows End Mobile Home Park;W114.398;N48.1869;12;
3;USA;Montana;Flathead;Red Rock Point;W113.816;N48.6953;12;
3;USA;Montana;Flathead;Rhodes;W114.474;N48.2792;12;
3;USA;Montana;Flathead;Ridgewood Terrace;W114.283;N48.2306;12;
3;USA;Montana;Flathead;Rose Crossing;W114.276;N48.255;12;
3;USA;Montana;Flathead;Round Prairie;W114.432;N48.4011;12;
3;USA;Montana;Flathead;Shady Lane Mobile Home Park;W114.261;N48.2236;12;
3;USA;Montana;Flathead;Singleshot;W113.481;N48.2472;12;
3;USA;Montana;Flathead;Snowslip;W113.455;N48.2594;12;
3;USA;Montana;Flathead;Somers;W114.221;N48.0803;12;
3;USA;Montana;Flathead;Sperry Chalets;W113.786;N48.605;12;
3;USA;Montana;Flathead;Stipes Trailer Court;W114.061;N48.3858;12;
3;USA;Montana;Flathead;Three Forks;W113.309;N48.1136;12;
3;USA;Montana;Flathead;Trailcreek;W114.407;N48.9192;12;
3;USA;Montana;Flathead;Twin Acres Mobile Home Park;W114.29;N48.1717;12;
3;USA;Montana;Flathead;Vista;W114.394;N48.4633;12;
3;USA;Montana;Flathead;West Glacier;W113.979;N48.5;12;
3;USA;Montana;Flathead;Whitefish;W114.338;N48.4111;12;
3;USA;Montana;Flathead;Willow Creek Mobile Home Park;W114.289;N48.1694;12;
3;USA;Montana;Flathead;Wurtz Hill;W114.391;N48.9039;12;
3;USA;Montana;Gallatin;Accola;W111.185;N45.9497;12;
3;USA;Montana;Gallatin;Alpine Trailer Court;W111.023;N45.6806;12;
3;USA;Montana;Gallatin;Amsterdam;W111.32;N45.7581;12;
3;USA;Montana;Gallatin;Anceney;W111.355;N45.6486;12;
3;USA;Montana;Gallatin;Arnold;W111.355;N45.7144;12;
3;USA;Montana;Gallatin;Atkins;W111.197;N45.6214;12;
3;USA;Montana;Gallatin;Balmont;W111.105;N45.6281;12;
3;USA;Montana;Gallatin;Belgrade Junction;W111.28;N45.7797;12;
3;USA;Montana;Gallatin;Belgrade Trailer Court;W111.181;N45.7789;12;
3;USA;Montana;Gallatin;Belgrade Village Mobile Home Park;W111.17;N45.7742;12;
3;USA;Montana;Gallatin;Belgrade;W111.177;N45.7761;12;
3;USA;Montana;Gallatin;Big Sky Canyon Village;W111.254;N45.2639;12;
3;USA;Montana;Gallatin;Big Sky Meadow Village;W111.302;N45.2675;12;
3;USA;Montana;Gallatin;Big Sky Mobile Home Court;W111.331;N45.2661;12;
3;USA;Montana;Gallatin;Big Sky;W111.368;N45.2847;12;
3;USA;Montana;Gallatin;Bisel;W111.085;N45.7058;12;
3;USA;Montana;Gallatin;Blackwood;W111.146;N45.6419;12;
3;USA;Montana;Gallatin;Bozeman;W111.039;N45.6797;12;
3;USA;Montana;Gallatin;Bridger View Trailer Court;W111.022;N45.7028;12;
3;USA;Montana;Gallatin;Buell;W111.322;N45.7878;12;
3;USA;Montana;Gallatin;Bueno Vista Acres Trailer Court;W111.043;N45.85;12;
3;USA;Montana;Gallatin;Busch;W111.083;N45.8036;12;
3;USA;Montana;Gallatin;Camona;W111.081;N45.7658;12;
3;USA;Montana;Gallatin;Canyon View Trailer Court;W110.951;N45.6583;12;
3;USA;Montana;Gallatin;Carpenter;W111.464;N45.8914;12;
3;USA;Montana;Gallatin;Catron;W111.062;N45.7008;12;
3;USA;Montana;Gallatin;Celander Trailer Court;W111.034;N45.7019;12;
3;USA;Montana;Gallatin;Chestnut;W110.889;N45.6478;12;
3;USA;Montana;Gallatin;Church Hill;W111.304;N45.7508;12;
3;USA;Montana;Gallatin;Clarkston;W111.414;N46.03;12;
3;USA;Montana;Gallatin;Corette;W111.149;N44.6475;12;
3;USA;Montana;Gallatin;Country Court;W111.192;N45.6056;12;
3;USA;Montana;Gallatin;Covered Wagon Mobile Home Park;W111.056;N45.6917;12;
3;USA;Montana;Gallatin;Cowan;W111.185;N45.7236;12;
3;USA;Montana;Gallatin;Deer Park;W111.271;N46.1306;12;
3;USA;Montana;Gallatin;Edilou;W111.197;N45.8789;12;
3;USA;Montana;Gallatin;Eldridge Trailer Court;W111.053;N45.6783;12;
3;USA;Montana;Gallatin;Faith Mobile Home Court;W111.139;N45.7606;12;
3;USA;Montana;Gallatin;Forest Park Mobile Home and RV Park;W111.208;N45.675;12;
3;USA;Montana;Gallatin;Four Corners;W111.186;N45.6297;12;
3;USA;Montana;Gallatin;Francis;W111.089;N46.1458;12;
3;USA;Montana;Gallatin;Friendly Trailer Court;W111.184;N45.7631;12;
3;USA;Montana;Gallatin;Gallatin Gateway Inn Park;W111.198;N45.5917;12;
3;USA;Montana;Gallatin;Gallatin Gateway;W111.198;N45.5917;12;
3;USA;Montana;Gallatin;George Norman Trailer Court;W111.252;N45.2506;12;
3;USA;Montana;Gallatin;Gilroy;W111.165;N45.66;12;
3;USA;Montana;Gallatin;Grayling;W111.194;N44.8056;12;
3;USA;Montana;Gallatin;Greenwood;W111.212;N45.6772;12;
3;USA;Montana;Gallatin;Haley Subdivision Trailer Court;W111.18;N45.6111;12;
3;USA;Montana;Gallatin;Hidden Valley Mobile Estates;W111.095;N45.7194;12;
3;USA;Montana;Gallatin;Hiland Trailer Court;W111.019;N45.6806;12;
3;USA;Montana;Gallatin;Hillman;W111.198;N45.8892;12;
3;USA;Montana;Gallatin;Holland;W111.245;N45.7442;12;
3;USA;Montana;Gallatin;Horse Butte Acres Trailer Court;W111.184;N44.7583;12;
3;USA;Montana;Gallatin;Huletts Trailer Court;W111.332;N45.8567;12;
3;USA;Montana;Gallatin;Kerns;W111.145;N45.7117;12;
3;USA;Montana;Gallatin;King Arthur Park;W111.123;N45.6667;12;
3;USA;Montana;Gallatin;Korner Kourt;W111.186;N45.6728;12;
3;USA;Montana;Gallatin;Kountz Trailer Park;W111.095;N45.6694;12;
3;USA;Montana;Gallatin;Lakeshore Summer Home Area;W111.213;N44.7389;12;
3;USA;Montana;Gallatin;Lakeview;W111.241;N44.8047;12;
3;USA;Montana;Gallatin;Lexley Acres Mobile Home Park;W111.184;N45.7631;12;
3;USA;Montana;Gallatin;Logan;W111.427;N45.8844;12;
3;USA;Montana;Gallatin;Lonesome Hurst Summer Home Area;W111.237;N44.7389;12;
3;USA;Montana;Gallatin;Lux;W111.067;N45.7344;12;
3;USA;Montana;Gallatin;Manhattan;W111.332;N45.8567;12;
3;USA;Montana;Gallatin;Matthews;W111.084;N45.6278;12;
3;USA;Montana;Gallatin;Maudlow;W111.173;N46.1078;12;
3;USA;Montana;Gallatin;Menard Wye;W111.182;N45.9672;12;
3;USA;Montana;Gallatin;Menard;W111.174;N45.9739;12;
3;USA;Montana;Gallatin;Murphys Trailer Court;W111.552;N45.8917;12;
3;USA;Montana;Gallatin;Nelsons Trailer Court;W111.059;N45.6889;12;
3;USA;Montana;Gallatin;Northeast Annexation Trailer Court;W111.026;N45.7019;12;
3;USA;Montana;Gallatin;Patterson;W111.052;N45.6281;12;
3;USA;Montana;Gallatin;Pine Grove Trailer Court;W111.038;N45.6847;12;
3;USA;Montana;Gallatin;Ponderosa Trailer Court;W111.073;N45.6764;12;
3;USA;Montana;Gallatin;Potts Trailer Court;W111.177;N45.7761;12;
3;USA;Montana;Gallatin;Powers;W111.159;N45.7967;12;
3;USA;Montana;Gallatin;Railroad Summer Home Area;W111.146;N44.6561;12;
3;USA;Montana;Gallatin;Reed Trailer Court;W111.062;N45.7367;12;
3;USA;Montana;Gallatin;Reistad Trailer Court;W110.995;N45.6583;12;
3;USA;Montana;Gallatin;Riders Trailer Court;W111.324;N45.8619;12;
3;USA;Montana;Gallatin;Riverside Trailer Court;W111.208;N45.675;12;
3;USA;Montana;Gallatin;Riverside;W111.072;N44.6597;12;
3;USA;Montana;Gallatin;Rocky Creek Trailer Court;W111.004;N45.6847;12;
3;USA;Montana;Gallatin;Romsett Summer Home Area;W111.241;N44.7433;12;
3;USA;Montana;Gallatin;Sappington;W111.767;N45.795;12;
3;USA;Montana;Gallatin;Sedan;W110.851;N45.9589;12;
3;USA;Montana;Gallatin;Springhill Park;W111.062;N45.7333;12;
3;USA;Montana;Gallatin;Springhill;W111.035;N45.8394;12;
3;USA;Montana;Gallatin;Star Mobile Home Park;W111.177;N45.7761;12;
3;USA;Montana;Gallatin;Story;W111.082;N45.7269;12;
3;USA;Montana;Gallatin;Sunset Trailer Court;W111.047;N45.6869;12;
3;USA;Montana;Gallatin;Tee Pee Trailer Court;W111.066;N45.6806;12;
3;USA;Montana;Gallatin;Three Forks;W111.552;N45.8925;12;
3;USA;Montana;Gallatin;Trident;W111.477;N45.9475;12;
3;USA;Montana;Gallatin;Vincent;W111.36;N45.6958;12;
3;USA;Montana;Gallatin;Voegeles Trailer Court;W111.177;N45.7761;12;
3;USA;Montana;Gallatin;Wagon Wheel Trailer Court;W111.065;N45.6806;12;
3;USA;Montana;Gallatin;West College Park;W111.069;N45.6733;12;
3;USA;Montana;Gallatin;West End;W110.826;N45.6658;12;
3;USA;Montana;Gallatin;West Gallatin;W111.219;N45.7028;12;
3;USA;Montana;Gallatin;West Yellowstone;W111.104;N44.6622;12;
3;USA;Montana;Gallatin;Westlake;W111.341;N45.7294;12;
3;USA;Montana;Gallatin;Wheelers Trailer Court;W111.074;N45.6792;12;
3;USA;Montana;Gallatin;White;W111.324;N45.8108;12;
3;USA;Montana;Gallatin;Willow Creek;W111.645;N45.8253;12;
3;USA;Montana;Gallatin;Wisner Crossing;W111.082;N45.7769;12;
3;USA;Montana;Garfield;Benzien;W107.68;N47.2556;12;
3;USA;Montana;Garfield;Brusett;W107.267;N47.4253;12;
3;USA;Montana;Garfield;Chimney Crossing;W107.619;N47.0156;12;
3;USA;Montana;Garfield;Cohagen;W106.618;N47.0544;12;
3;USA;Montana;Garfield;Edwards;W107.334;N47.1403;12;
3;USA;Montana;Garfield;Haxby;W106.427;N47.77;12;
3;USA;Montana;Garfield;Hillside;W106.4;N46.9111;12;
3;USA;Montana;Garfield;Jordan;W106.91;N47.3208;12;
3;USA;Montana;Garfield;Mosby;W107.884;N46.9922;12;
3;USA;Montana;Garfield;Ross Hall;W107.938;N47.2094;12;
3;USA;Montana;Garfield;Sand Springs;W107.486;N47.1008;12;
3;USA;Montana;Garfield;Steve Forks;W107.334;N47.2708;12;
3;USA;Montana;Garfield;Van Norman;W106.387;N47.3533;12;
3;USA;Montana;Glacier;Babb;W113.437;N48.8603;12;
3;USA;Montana;Glacier;Big Sky Colony;W112.784;N48.8481;12;
3;USA;Montana;Glacier;Bison;W113.266;N48.3872;12;
3;USA;Montana;Glacier;Blackfoot;W112.877;N48.5753;12;
3;USA;Montana;Glacier;Browning;W113.013;N48.5569;12;
3;USA;Montana;Glacier;Cassidy Curve;W113.551;N48.8275;12;
3;USA;Montana;Glacier;Cut Bank;W112.326;N48.6331;12;
3;USA;Montana;Glacier;Del Bonita;W112.788;N48.9981;12;
3;USA;Montana;Glacier;Durham;W113.117;N48.5189;12;
3;USA;Montana;Glacier;East Glacier Park Village;W113.223;N48.4469;12;
3;USA;Montana;Glacier;East Glacier Park;W113.218;N48.4414;12;
3;USA;Montana;Glacier;False Summit;W113.279;N48.3719;12;
3;USA;Montana;Glacier;Fort Piegan;W112.647;N48.6306;12;
3;USA;Montana;Glacier;Glacier Colony;W112.219;N48.8328;12;
3;USA;Montana;Glacier;Glendale Colony;W112.545;N48.8444;12;
3;USA;Montana;Glacier;Gunsight;W112.462;N48.6372;12;
3;USA;Montana;Glacier;Hidden Lake Colony;W112.593;N48.5908;12;
3;USA;Montana;Glacier;Kiowa;W113.271;N48.5478;12;
3;USA;Montana;Glacier;Meriwether;W112.761;N48.6064;12;
3;USA;Montana;Glacier;North Browning;W113.009;N48.5703;12;
3;USA;Montana;Glacier;Piegan;W112.694;N48.4347;12;
3;USA;Montana;Glacier;Rising Sun;W113.518;N48.6964;12;
3;USA;Montana;Glacier;Saint Mary;W113.429;N48.7439;12;
3;USA;Montana;Glacier;Santa Rita;W112.32;N48.7006;12;
3;USA;Montana;Glacier;Seville Colony;W112.581;N48.6961;12;
3;USA;Montana;Glacier;Siyeh Bend;W113.668;N48.7017;12;
3;USA;Montana;Glacier;Skyland Trailer Park;W112.335;N48.6292;12;
3;USA;Montana;Glacier;South Browning;W113.014;N48.5461;12;
3;USA;Montana;Glacier;Star;W113.212;N48.5442;12;
3;USA;Montana;Glacier;Starr School;W113.141;N48.5892;12;
3;USA;Montana;Glacier;Summit;W113.353;N48.3194;12;
3;USA;Montana;Glacier;Sundance;W112.534;N48.6339;12;
3;USA;Montana;Glacier;Swiftcurrent;W113.669;N48.7975;12;
3;USA;Montana;Glacier;Wetzel;W113.165;N48.7533;12;
3;USA;Montana;Golden Valley;Barber;W109.385;N46.3133;12;
3;USA;Montana;Golden Valley;Belmont;W108.989;N46.2314;12;
3;USA;Montana;Golden Valley;Cushman;W109.043;N46.2883;12;
3;USA;Montana;Golden Valley;Franklin;W109.268;N46.3717;12;
3;USA;Montana;Golden Valley;Golden Valley Colony;W109.274;N46.2575;12;
3;USA;Montana;Golden Valley;Lavina;W108.938;N46.2947;12;
3;USA;Montana;Golden Valley;Rothiemay;W109.263;N46.5467;12;
3;USA;Montana;Golden Valley;Ryegate;W109.259;N46.2972;12;
3;USA;Montana;Granite;Bearmouth;W113.331;N46.7103;12;
3;USA;Montana;Granite;Beartown;W113.34;N46.7933;12;
3;USA;Montana;Granite;Bradman;W113.225;N46.6981;12;
3;USA;Montana;Granite;Byrne;W113.453;N46.7039;12;
3;USA;Montana;Granite;Corral;W113.433;N46.2744;12;
3;USA;Montana;Granite;Drummond;W113.147;N46.6675;12;
3;USA;Montana;Granite;Eightmile Saddle;W113.826;N46.6586;12;
3;USA;Montana;Granite;Garnet;W113.339;N46.8253;12;
3;USA;Montana;Granite;Granite;W113.244;N46.3175;12;
3;USA;Montana;Granite;Hall;W113.197;N46.5853;12;
3;USA;Montana;Granite;Maxville;W113.234;N46.4647;12;
3;USA;Montana;Granite;New Chicago;W113.142;N46.6269;12;
3;USA;Montana;Granite;Nimrod;W113.477;N46.7003;12;
3;USA;Montana;Granite;Ozan;W113.243;N46.7008;12;
3;USA;Montana;Granite;Philipsburg;W113.294;N46.3322;12;
3;USA;Montana;Granite;Porters Corner;W113.332;N46.2519;12;
3;USA;Montana;Granite;Princeton;W113.166;N46.4169;12;
3;USA;Montana;Granite;Quigley;W113.648;N46.6122;12;
3;USA;Montana;Granite;Ravenna;W113.531;N46.7144;12;
3;USA;Montana;Granite;Rumsey;W113.252;N46.2919;12;
3;USA;Montana;Granite;Sherryl;W113.218;N46.5528;12;
3;USA;Montana;Granite;Springtown;W113.279;N46.7997;12;
3;USA;Montana;Granite;Stone;W113.226;N46.5053;12;
3;USA;Montana;Granite;Top O'Deep;W113.259;N46.8244;12;
3;USA;Montana;Granite;Tungsten;W113.062;N46.2753;12;
3;USA;Montana;Hill;A and B Trailer Court Number One;W109.681;N48.5525;12;
3;USA;Montana;Hill;A and B Trailer Court Number Two;W109.684;N48.55;12;
3;USA;Montana;Hill;Beaver Creek;W109.792;N48.5544;12;
3;USA;Montana;Hill;Bitterroot Trailer Court;W109.654;N48.5389;12;
3;USA;Montana;Hill;Box Elder;W110.013;N48.3172;12;
3;USA;Montana;Hill;Burnham;W109.887;N48.5608;12;
3;USA;Montana;Hill;Clear Creek Terrace Trailer Court;W109.663;N48.5464;12;
3;USA;Montana;Hill;East End Colony;W109.57;N48.7494;12;
3;USA;Montana;Hill;Fairview Terrace Trailer Court;W109.655;N48.55;12;
3;USA;Montana;Hill;Fox Crossing;W110.652;N48.9606;12;
3;USA;Montana;Hill;Fresno;W109.987;N48.5678;12;
3;USA;Montana;Hill;Frigon Trailer Court;W109.694;N48.5542;12;
3;USA;Montana;Hill;Gildford Colony;W110.272;N48.7875;12;
3;USA;Montana;Hill;Gildford;W110.3;N48.5694;12;
3;USA;Montana;Hill;Goldstone;W110.532;N48.8997;12;
3;USA;Montana;Hill;Hacienda Trailer Court;W109.654;N48.5556;12;
3;USA;Montana;Hill;Havre;W109.684;N48.55;12;
3;USA;Montana;Hill;Heads Trailer Court;W109.674;N48.5611;12;
3;USA;Montana;Hill;Herron;W109.779;N48.525;12;
3;USA;Montana;Hill;Hilldale Colony;W109.78;N48.8;12;
3;USA;Montana;Hill;Hillside Trailer Court;W109.702;N48.5569;12;
3;USA;Montana;Hill;Hingham;W110.422;N48.555;12;
3;USA;Montana;Hill;Hollingshead Trailer Court;W109.673;N48.5583;12;
3;USA;Montana;Hill;Inverness;W110.684;N48.5567;12;
3;USA;Montana;Hill;Iverness;W110.689;N48.5564;12;
3;USA;Montana;Hill;Kremlin;W110.087;N48.5697;12;
3;USA;Montana;Hill;Lakeside Plaza Mobile Home Park;W109.704;N48.5342;12;
3;USA;Montana;Hill;Laredo;W109.883;N48.4314;12;
3;USA;Montana;Hill;Pacific Junction;W109.76;N48.5564;12;
3;USA;Montana;Hill;Pats Trailer Park;W109.648;N48.5583;12;
3;USA;Montana;Hill;Poplars Trailer Court;W109.701;N48.5333;12;
3;USA;Montana;Hill;Riverside Trailer Court;W109.654;N48.5611;12;
3;USA;Montana;Hill;Rocky Boy;W109.788;N48.2561;12;
3;USA;Montana;Hill;Rudyard;W110.554;N48.56;12;
3;USA;Montana;Hill;Saddle Butte;W109.646;N48.5228;12;
3;USA;Montana;Hill;Saint Johns;W110.007;N48.7992;12;
3;USA;Montana;Hill;Schubring Trailer Court;W109.648;N48.5583;12;
3;USA;Montana;Hill;Shambo Springs;W109.666;N48.2931;12;
3;USA;Montana;Hill;Shennum Trailer Court;W109.666;N48.5578;12;
3;USA;Montana;Hill;Simko Trailer Court;W109.672;N48.5578;12;
3;USA;Montana;Hill;Simpson;W110.206;N48.9286;12;
3;USA;Montana;Hill;Thiels West Trailer Court;W109.747;N48.5486;12;
3;USA;Montana;Hill;West Havre;W109.733;N48.545;12;
3;USA;Montana;Jefferson;Alhambra;W111.988;N46.4514;12;
3;USA;Montana;Jefferson;Amazon;W112.107;N46.3203;12;
3;USA;Montana;Jefferson;Basin;W112.264;N46.2714;12;
3;USA;Montana;Jefferson;Bernice;W112.337;N46.2578;12;
3;USA;Montana;Jefferson;Blazing Place;W111.971;N46.225;12;
3;USA;Montana;Jefferson;Boulder;W112.121;N46.2367;12;
3;USA;Montana;Jefferson;Cardwell;W111.953;N45.86;12;
3;USA;Montana;Jefferson;Cedric;W112.266;N45.825;12;
3;USA;Montana;Jefferson;Clancy;W111.986;N46.4653;12;
3;USA;Montana;Jefferson;Clasoil;W111.794;N46.5631;12;
3;USA;Montana;Jefferson;Comet;W112.17;N46.3108;12;
3;USA;Montana;Jefferson;Corbin;W112.062;N46.3806;12;
3;USA;Montana;Jefferson;Donald;W112.427;N45.845;12;
3;USA;Montana;Jefferson;Elk Park;W112.372;N46.165;12;
3;USA;Montana;Jefferson;Elkhorn;W111.946;N46.2747;12;
3;USA;Montana;Jefferson;Fuller;W112.204;N46.2619;12;
3;USA;Montana;Jefferson;Homestake;W112.411;N45.9233;12;
3;USA;Montana;Jefferson;Jefferson City;W112.028;N46.3883;12;
3;USA;Montana;Jefferson;Kyle;W112.077;N46.275;12;
3;USA;Montana;Jefferson;La Casa Trailer Park;W112.097;N45.8708;12;
3;USA;Montana;Jefferson;La Hood Park;W111.922;N45.8531;12;
3;USA;Montana;Jefferson;Leadville;W112.543;N46.3144;12;
3;USA;Montana;Jefferson;Louisville;W111.796;N46.5628;12;
3;USA;Montana;Jefferson;Montana City;W111.933;N46.5378;12;
3;USA;Montana;Jefferson;Mountain Valley Trailer Court;W112.126;N46.2347;12;
3;USA;Montana;Jefferson;Pappas Place;W112.359;N45.9714;12;
3;USA;Montana;Jefferson;Paul Place;W112.256;N45.9786;12;
3;USA;Montana;Jefferson;Piedmont;W112.134;N45.8358;12;
3;USA;Montana;Jefferson;Pipestone Hot Springs;W112.231;N45.8942;12;
3;USA;Montana;Jefferson;Pipestone;W112.231;N45.8967;12;
3;USA;Montana;Jefferson;Portal;W112.118;N46.3375;12;
3;USA;Montana;Jefferson;Queen;W111.965;N46.2514;12;
3;USA;Montana;Jefferson;Renova;W112.128;N45.8156;12;
3;USA;Montana;Jefferson;Rice Motel and Trailer Court;W112.095;N45.8694;12;
3;USA;Montana;Jefferson;Rieder;W112.099;N46.2678;12;
3;USA;Montana;Jefferson;Sunlight;W112.017;N45.9;12;
3;USA;Montana;Jefferson;Sunset Trailer Court;W112.124;N46.2347;12;
3;USA;Montana;Jefferson;Tippet Place;W112.183;N45.9258;12;
3;USA;Montana;Jefferson;Trask;W112.417;N46.1028;12;
3;USA;Montana;Jefferson;Vendome;W112.243;N45.8178;12;
3;USA;Montana;Jefferson;Welch;W112.315;N45.9311;12;
3;USA;Montana;Jefferson;Whitehall;W112.097;N45.8708;12;
3;USA;Montana;Jefferson;Wickes;W112.103;N46.3497;12;
3;USA;Montana;Jefferson;Woodville;W112.446;N46.0522;12;
3;USA;Montana;Judith Basin;Arrow Creek;W110.175;N47.3444;12;
3;USA;Montana;Judith Basin;Barker;W110.641;N47.0714;12;
3;USA;Montana;Judith Basin;Benchland;W110.018;N47.0794;12;
3;USA;Montana;Judith Basin;Cotton Trailer Court;W110.216;N47.1517;12;
3;USA;Montana;Judith Basin;Dover;W110.268;N47.2206;12;
3;USA;Montana;Judith Basin;Edith Nelson Trailer Court;W110.215;N47.1536;12;
3;USA;Montana;Judith Basin;Geyser;W110.493;N47.2592;12;
3;USA;Montana;Judith Basin;Hall Trailer Court;W110.22;N47.1578;12;
3;USA;Montana;Judith Basin;Hauck;W109.831;N46.9594;12;
3;USA;Montana;Judith Basin;Hobson;W109.875;N47.0006;12;
3;USA;Montana;Judith Basin;Hughesville;W110.632;N47.0833;12;
3;USA;Montana;Judith Basin;J and M Trailer Court;W110.224;N47.1472;12;
3;USA;Montana;Judith Basin;Kolin;W109.773;N47.1067;12;
3;USA;Montana;Judith Basin;Lehigh;W110.207;N47.0433;12;
3;USA;Montana;Judith Basin;Merino;W110.366;N47.2439;12;
3;USA;Montana;Judith Basin;Moccasin;W109.911;N47.0533;12;
3;USA;Montana;Judith Basin;Raynesford;W110.73;N47.27;12;
3;USA;Montana;Judith Basin;Sapphire Village;W110.251;N46.8892;12;
3;USA;Montana;Judith Basin;Scholtztown;W110.227;N47.0378;12;
3;USA;Montana;Judith Basin;Sipple;W109.763;N46.9236;12;
3;USA;Montana;Judith Basin;Spion Kop;W110.617;N47.285;12;
3;USA;Montana;Judith Basin;Stanford;W110.218;N47.1536;12;
3;USA;Montana;Judith Basin;Surprise Creek Colony;W110.34;N47.1703;12;
3;USA;Montana;Judith Basin;Utica;W110.093;N46.9683;12;
3;USA;Montana;Judith Basin;Windham;W110.141;N47.0786;12;
3;USA;Montana;Judith Basin;Yogo Crossing;W110.317;N46.8556;12;
3;USA;Montana;Lake;Allentown;W114.096;N47.4406;12;
3;USA;Montana;Lake;Arlee;W114.085;N47.1619;12;
3;USA;Montana;Lake;Bear Dance;W114.029;N47.9167;12;
3;USA;Montana;Lake;Belle-Vue Court;W114.141;N47.6925;12;
3;USA;Montana;Lake;Big Arm Mobile Home Park;W114.295;N47.7986;12;
3;USA;Montana;Lake;Big Arm;W114.295;N47.7981;12;
3;USA;Montana;Lake;Charlo;W114.172;N47.4386;12;
3;USA;Montana;Lake;Dayton;W114.279;N47.8658;12;
3;USA;Montana;Lake;Dunham;W114.121;N47.6119;12;
3;USA;Montana;Lake;Elmo;W114.349;N47.8306;12;
3;USA;Montana;Lake;Ferndale;W114.007;N48.0517;12;
3;USA;Montana;Lake;Finley Point;W114.063;N47.7381;12;
3;USA;Montana;Lake;Fort Lazy Y Trailer Park;W114.347;N47.8283;12;
3;USA;Montana;Lake;Idlewise Court;W114.067;N48.0228;12;
3;USA;Montana;Lake;Jette;W114.191;N47.7175;12;
3;USA;Montana;Lake;Kerr;W114.191;N47.6797;12;
3;USA;Montana;Lake;Kicking Horse;W114.075;N47.4606;12;
3;USA;Montana;Lake;Kings Point;W114.151;N47.7683;12;
3;USA;Montana;Lake;Lake Mary Ronan;W114.394;N47.9431;12;
3;USA;Montana;Lake;Lindisfarne;W114.228;N47.8089;12;
3;USA;Montana;Lake;Meltons;W114.389;N47.9381;12;
3;USA;Montana;Lake;Mission Meadows Trailer Park;W114.108;N47.5736;12;
3;USA;Montana;Lake;Moiese;W114.266;N47.3706;12;
3;USA;Montana;Lake;Orchard Hills Mobile Home Park;W114.062;N48.0061;12;
3;USA;Montana;Lake;Pablo;W114.119;N47.6003;12;
3;USA;Montana;Lake;Peaceful Haven Mobile Home Park;W114.084;N47.6894;12;
3;USA;Montana;Lake;Polson;W114.163;N47.6936;12;
3;USA;Montana;Lake;Post Creek;W114.097;N47.3992;12;
3;USA;Montana;Lake;Proctor;W114.305;N47.8925;12;
3;USA;Montana;Lake;Ravalli;W114.181;N47.2772;12;
3;USA;Montana;Lake;Rocky Point;W114.179;N47.735;12;
3;USA;Montana;Lake;Rollins;W114.198;N47.9061;12;
3;USA;Montana;Lake;Ronan;W114.101;N47.5289;12;
3;USA;Montana;Lake;Round Butte;W114.263;N47.5297;12;
3;USA;Montana;Lake;Saint Ignatius;W114.094;N47.32;12;
3;USA;Montana;Lake;Salmon Prairie;W113.785;N47.63;12;
3;USA;Montana;Lake;Sipes;W114.386;N47.9328;12;
3;USA;Montana;Lake;Snowberg Court;W114.293;N47.7992;12;
3;USA;Montana;Lake;Swan Lake;W113.845;N47.9292;12;
3;USA;Montana;Lake;Turtle Lake;W114.074;N47.6694;12;
3;USA;Montana;Lake;Willow Wynn Trailer Park;W114.119;N47.6003;12;
3;USA;Montana;Lake;Woods Bay;W114.05;N48.0017;12;
3;USA;Montana;Lewis and Clark;Augusta;W112.392;N47.4928;12;
3;USA;Montana;Lewis and Clark;Austin;W112.245;N46.6392;12;
3;USA;Montana;Lewis and Clark;Bald Butte;W112.346;N46.7242;12;
3;USA;Montana;Lewis and Clark;Birdseye;W112.15;N46.6656;12;
3;USA;Montana;Lewis and Clark;Broadwater;W112.087;N46.6036;12;
3;USA;Montana;Lewis and Clark;Canyon Creek;W112.264;N46.8056;12;
3;USA;Montana;Lewis and Clark;Canyon Ferry;W111.718;N46.6556;12;
3;USA;Montana;Lewis and Clark;Cavetown;W111.701;N46.6542;12;
3;USA;Montana;Lewis and Clark;Craig;W111.963;N47.0744;12;
3;USA;Montana;Lewis and Clark;East Helena;W111.916;N46.5897;12;
3;USA;Montana;Lewis and Clark;Evergreen Court;W112.02;N46.6444;12;
3;USA;Montana;Lewis and Clark;Forest Heights;W112.296;N46.5783;12;
3;USA;Montana;Lewis and Clark;Four Range;W111.928;N46.5831;12;
3;USA;Montana;Lewis and Clark;Frontier Town;W112.306;N46.5694;12;
3;USA;Montana;Lewis and Clark;Gearing;W112.134;N46.7144;12;
3;USA;Montana;Lewis and Clark;Gilman;W112.365;N47.5092;12;
3;USA;Montana;Lewis and Clark;Gloster;W112.339;N46.7628;12;
3;USA;Montana;Lewis and Clark;Helena;W112.036;N46.5928;12;
3;USA;Montana;Lewis and Clark;Huckleberry Trailer Court;W112.682;N46.955;12;
3;USA;Montana;Lewis and Clark;Iron;W112.061;N46.6867;12;
3;USA;Montana;Lewis and Clark;La Chapelle Place;W112.291;N47.3406;12;
3;USA;Montana;Lewis and Clark;Lakeside;W111.835;N46.6781;12;
3;USA;Montana;Lewis and Clark;Leisure Village Mobile Home Park;W111.942;N46.6375;12;
3;USA;Montana;Lewis and Clark;Lincoln;W112.682;N46.955;12;
3;USA;Montana;Lewis and Clark;Lower Ellis Place;W112.293;N47.2833;12;
3;USA;Montana;Lewis and Clark;Marysville;W112.3;N46.7506;12;
3;USA;Montana;Lewis and Clark;McHugh Trailer Court;W112.029;N46.6156;12;
3;USA;Montana;Lewis and Clark;Milford Colony;W112.21;N47.3297;12;
3;USA;Montana;Lewis and Clark;Mobile City Home Park;W112.063;N46.6097;12;
3;USA;Montana;Lewis and Clark;Mountain View Trailer Court;W111.931;N46.605;12;
3;USA;Montana;Lewis and Clark;Nelson;W111.809;N46.8169;12;
3;USA;Montana;Lewis and Clark;Old Weiss and French Place;W111.924;N46.8069;12;
3;USA;Montana;Lewis and Clark;Packers;W112.887;N47.4972;12;
3;USA;Montana;Lewis and Clark;Park City;W112.109;N46.5414;12;
3;USA;Montana;Lewis and Clark;Prairie Mobile Village;W111.934;N46.6311;12;
3;USA;Montana;Lewis and Clark;Reynolds Trailer Court;W112.065;N46.6117;12;
3;USA;Montana;Lewis and Clark;Riebeling;W112.149;N47.5044;12;
3;USA;Montana;Lewis and Clark;Rimini;W112.247;N46.4881;12;
3;USA;Montana;Lewis and Clark;Sieben;W112.127;N46.8986;12;
3;USA;Montana;Lewis and Clark;Silver City;W112.17;N46.7556;12;
3;USA;Montana;Lewis and Clark;Skyline;W112.285;N46.6511;12;
3;USA;Montana;Lewis and Clark;Split Rock Junction;W112.458;N47.5153;12;
3;USA;Montana;Lewis and Clark;Stoner Place;W112.73;N47.5144;12;
3;USA;Montana;Lewis and Clark;Strom;W112.312;N46.8911;12;
3;USA;Montana;Lewis and Clark;Tobin;W112.104;N46.6381;12;
3;USA;Montana;Lewis and Clark;Unionville;W112.085;N46.5414;12;
3;USA;Montana;Lewis and Clark;Upper Ellis Place;W112.338;N47.3153;12;
3;USA;Montana;Lewis and Clark;Vista;W111.616;N46.7872;12;
3;USA;Montana;Lewis and Clark;Weed;W112.255;N46.6489;12;
3;USA;Montana;Lewis and Clark;Wilborn;W112.343;N46.8836;12;
3;USA;Montana;Lewis and Clark;Wolf Creek;W112.069;N47.0061;12;
3;USA;Montana;Lewis and Clark;York;W111.752;N46.7217;12;
3;USA;Montana;Liberty;Buelow;W110.837;N48.5597;12;
3;USA;Montana;Liberty;Chester;W110.968;N48.5106;12;
3;USA;Montana;Liberty;Eagle Creek Colony;W111.211;N48.6981;12;
3;USA;Montana;Liberty;Hill;W111.161;N48.785;12;
3;USA;Montana;Liberty;Joplin;W110.772;N48.5608;12;
3;USA;Montana;Liberty;Lothair;W111.232;N48.4717;12;
3;USA;Montana;Liberty;Old Banks Place;W111.117;N48.9203;12;
3;USA;Montana;Liberty;Riverview Colony;W111.031;N48.1772;12;
3;USA;Montana;Liberty;Sage Creek Colony;W110.974;N48.9294;12;
3;USA;Montana;Liberty;Tiber Dam Camp;W111.088;N48.3103;12;
3;USA;Montana;Liberty;Tiber;W111.081;N48.5089;12;
3;USA;Montana;Liberty;Whitlash;W111.253;N48.9083;12;
3;USA;Montana;Lincoln;Ant Flat;W114.877;N48.7242;12;
3;USA;Montana;Lincoln;Bellevue Manor Trailer Park;W115.594;N48.4075;12;
3;USA;Montana;Lincoln;Dodge Summit;W115.358;N48.9192;12;
3;USA;Montana;Lincoln;Eagle Lake Ranch;W114.918;N48.7608;12;
3;USA;Montana;Lincoln;Eureka;W115.054;N48.88;12;
3;USA;Montana;Lincoln;Fortine;W114.903;N48.7644;12;
3;USA;Montana;Lincoln;Green Acres;W115.568;N48.3986;12;
3;USA;Montana;Lincoln;Happys Inn;W115.141;N48.0833;12;
3;USA;Montana;Lincoln;Jennings;W115.345;N48.3656;12;
3;USA;Montana;Lincoln;Kens Trailer Court;W115.51;N48.3467;12;
3;USA;Montana;Lincoln;Kootenai Falls;W115.783;N48.4481;12;
3;USA;Montana;Lincoln;Libby;W115.556;N48.3883;12;
3;USA;Montana;Lincoln;Mountain View Mobile Home Park;W115.058;N48.8903;12;
3;USA;Montana;Lincoln;Pioneer Junction;W115.519;N48.3361;12;
3;USA;Montana;Lincoln;Posts Trailer Court;W115.541;N48.3992;12;
3;USA;Montana;Lincoln;Rexford;W115.172;N48.8994;12;
3;USA;Montana;Lincoln;Ripley;W115.452;N48.3847;12;
3;USA;Montana;Lincoln;Rivers Edge Mobile Home Park;W115.515;N48.4106;12;
3;USA;Montana;Lincoln;Roosville;W115.057;N48.9992;12;
3;USA;Montana;Lincoln;Stryker;W114.77;N48.6742;12;
3;USA;Montana;Lincoln;Sylvanite;W115.874;N48.7164;12;
3;USA;Montana;Lincoln;Tobacco;W114.977;N48.8311;12;
3;USA;Montana;Lincoln;Trego;W114.869;N48.7053;12;
3;USA;Montana;Lincoln;Troy;W115.89;N48.4633;12;
3;USA;Montana;Lincoln;White Haven;W115.517;N48.345;12;
3;USA;Montana;Lincoln;Yaak;W115.709;N48.8331;12;
3;USA;Montana;Lincoln;Yakt;W115.969;N48.5456;12;
3;USA;Montana;Lincoln;Yarnell;W115.293;N48.4708;12;
3;USA;Montana;Madison;Alder;W112.107;N45.3239;12;
3;USA;Montana;Madison;Ball Place;W112.152;N45.1414;12;
3;USA;Montana;Madison;Beacon Point;W111.359;N45.3889;12;
3;USA;Montana;Madison;Beals;W111.817;N45.7442;12;
3;USA;Montana;Madison;Big Sky Mountain Village;W111.399;N45.2897;12;
3;USA;Montana;Madison;Bowman Place;W112.05;N45.1131;12;
3;USA;Montana;Madison;Brandon;W112.14;N45.4683;12;
3;USA;Montana;Madison;Burdick Place;W112.213;N45.175;12;
3;USA;Montana;Madison;Cameron;W111.679;N45.2033;12;
3;USA;Montana;Madison;Campbell Place;W112.197;N45.1503;12;
3;USA;Montana;Madison;Cliff Lake;W111.52;N44.8297;12;
3;USA;Montana;Madison;Cowboys Heaven;W111.588;N45.4731;12;
3;USA;Montana;Madison;Ennis;W111.73;N45.3489;12;
3;USA;Montana;Madison;Fries Place;W112.25;N45.0608;12;
3;USA;Montana;Madison;Grahams Place;W111.584;N44.8589;12;
3;USA;Montana;Madison;Hale Place;W112.118;N45.1092;12;
3;USA;Montana;Madison;Harrison Mill;W111.759;N45.7189;12;
3;USA;Montana;Madison;Harrison;W111.786;N45.7008;12;
3;USA;Montana;Madison;Hoffman Place;W112.417;N45.175;12;
3;USA;Montana;Madison;Holden Place;W112.416;N45.2153;12;
3;USA;Montana;Madison;Jeffers;W111.706;N45.3489;12;
3;USA;Montana;Madison;Jefferson Island;W111.941;N45.8508;12;
3;USA;Montana;Madison;Junction;W111.997;N45.3236;12;
3;USA;Montana;Madison;Kingrey Place;W112.146;N45.2267;12;
3;USA;Montana;Madison;Laurin;W112.118;N45.3528;12;
3;USA;Montana;Madison;Leary Place;W112.064;N45.0231;12;
3;USA;Montana;Madison;Leiterville;W112.123;N45.555;12;
3;USA;Montana;Madison;Leonard Place;W112.053;N45.0244;12;
3;USA;Montana;Madison;Mammoth;W112.017;N45.6697;12;
3;USA;Montana;Madison;McAllister;W111.732;N45.4444;12;
3;USA;Montana;Madison;Norris;W111.691;N45.5681;12;
3;USA;Montana;Madison;Pony;W111.894;N45.6586;12;
3;USA;Montana;Madison;Red Bluff;W111.648;N45.5886;12;
3;USA;Montana;Madison;Reeder Place;W112.002;N45.0497;12;
3;USA;Montana;Madison;Rochester;W112.506;N45.6128;12;
3;USA;Montana;Madison;Ruby;W112.086;N45.3283;12;
3;USA;Montana;Madison;Schusters Place;W111.545;N44.8742;12;
3;USA;Montana;Madison;Shaws;W111.779;N45.6628;12;
3;USA;Montana;Madison;Sheridan Trailer Court;W112.196;N45.4608;12;
3;USA;Montana;Madison;Sheridan;W112.197;N45.4556;12;
3;USA;Montana;Madison;Silver Star;W112.283;N45.6903;12;
3;USA;Montana;Madison;Sterling;W111.759;N45.5653;12;
3;USA;Montana;Madison;Summit Valley;W111.892;N45.7706;12;
3;USA;Montana;Madison;Summit;W111.931;N45.2189;12;
3;USA;Montana;Madison;Tate Place;W112.017;N45.0539;12;
3;USA;Montana;Madison;Twin Bridges;W112.331;N45.5444;12;
3;USA;Montana;Madison;Varney;W111.762;N45.2325;12;
3;USA;Montana;Madison;Virginia City;W111.946;N45.2939;12;
3;USA;Montana;Madison;Waterloo;W112.192;N45.7219;12;
3;USA;Montana;Madison;Watkins;W111.658;N45.4217;12;
3;USA;Montana;Madison;Woodward Place;W111.764;N45.1328;12;
3;USA;Montana;McCone;Brockway;W105.763;N47.2978;12;
3;USA;Montana;McCone;Circle Trailer Court;W105.579;N47.4222;12;
3;USA;Montana;McCone;Circle;W105.592;N47.4167;12;
3;USA;Montana;McCone;Nickwall;W105.307;N48.0492;12;
3;USA;Montana;McCone;Stephensons Trailer Court;W105.593;N47.4192;12;
3;USA;Montana;McCone;Vida;W105.493;N47.8319;12;
3;USA;Montana;McCone;Watkins;W105.873;N47.2428;12;
3;USA;Montana;McCone;Weldon;W105.892;N47.6125;12;
3;USA;Montana;Meagher;Bill Bracket Place;W110.591;N46.2639;12;
3;USA;Montana;Meagher;Bruce Place;W110.859;N46.2883;12;
3;USA;Montana;Meagher;Bruno;W110.628;N46.3722;12;
3;USA;Montana;Meagher;Buckingham;W111.167;N46.5169;12;
3;USA;Montana;Meagher;Castle Town;W110.672;N46.4414;12;
3;USA;Montana;Meagher;Checkerboard;W110.547;N46.5725;12;
3;USA;Montana;Meagher;Doak Trailer Court;W110.895;N46.5458;12;
3;USA;Montana;Meagher;Ford Place;W110.804;N46.2531;12;
3;USA;Montana;Meagher;Forest Green;W110.741;N46.7614;12;
3;USA;Montana;Meagher;Fort Logan;W111.173;N46.6786;12;
3;USA;Montana;Meagher;Groveland;W110.397;N46.4369;12;
3;USA;Montana;Meagher;Hamen;W110.701;N46.3097;12;
3;USA;Montana;Meagher;Higgins;W110.742;N46.2908;12;
3;USA;Montana;Meagher;Jerry Mallo Trailer Court;W110.909;N46.5489;12;
3;USA;Montana;Meagher;Lebo;W110.394;N46.3444;12;
3;USA;Montana;Meagher;Lennep;W110.543;N46.4161;12;
3;USA;Montana;Meagher;Lingshire;W111.407;N46.8411;12;
3;USA;Montana;Meagher;Loweth;W110.708;N46.3689;12;
3;USA;Montana;Meagher;Manger;W111.226;N46.5167;12;
3;USA;Montana;Meagher;Martinsdale;W110.313;N46.4583;12;
3;USA;Montana;Meagher;Mikesell Trailer Court;W110.909;N46.5444;12;
3;USA;Montana;Meagher;Moss Agate;W110.828;N46.3658;12;
3;USA;Montana;Meagher;Moyne;W110.875;N46.2564;12;
3;USA;Montana;Meagher;Preston;W111.358;N46.7439;12;
3;USA;Montana;Meagher;Richards Trailer Court;W110.912;N46.5417;12;
3;USA;Montana;Meagher;Ringling;W110.807;N46.2717;12;
3;USA;Montana;Meagher;Robinson;W110.668;N46.4739;12;
3;USA;Montana;Meagher;Sixteen;W110.998;N46.2153;12;
3;USA;Montana;Meagher;Springdale Colony;W111.016;N46.4619;12;
3;USA;Montana;Meagher;Staley Place;W110.657;N46.2436;12;
3;USA;Montana;Meagher;Tyman Place;W110.639;N46.2217;12;
3;USA;Montana;Meagher;Watson;W111.369;N46.6692;12;
3;USA;Montana;Meagher;White Sulphur Springs;W110.902;N46.5483;12;
3;USA;Montana;Meagher;Wolsey;W110.817;N46.7764;12;
3;USA;Montana;Mineral;Alberton;W114.473;N47.0017;12;
3;USA;Montana;Mineral;Borax;W115.669;N47.4331;12;
3;USA;Montana;Mineral;Bryson;W115.577;N47.4153;12;
3;USA;Montana;Mineral;Cabin City;W115.264;N47.3664;12;
3;USA;Montana;Mineral;Cyr;W114.585;N47.0103;12;
3;USA;Montana;Mineral;De Borgia;W115.346;N47.3758;12;
3;USA;Montana;Mineral;Drexel;W115.253;N47.3267;12;
3;USA;Montana;Mineral;East Portal;W115.635;N47.3972;12;
3;USA;Montana;Mineral;Foraker;W115.197;N47.3006;12;
3;USA;Montana;Mineral;Haugan;W115.4;N47.3833;12;
3;USA;Montana;Mineral;Henderson;W115.31;N47.3583;12;
3;USA;Montana;Mineral;Hopkins;W114.869;N47.2683;12;
3;USA;Montana;Mineral;Keystone;W114.936;N47.2683;12;
3;USA;Montana;Mineral;Lozeau;W114.78;N47.1167;12;
3;USA;Montana;Mineral;Oliverville;W114.873;N47.1847;12;
3;USA;Montana;Mineral;Quartz;W114.769;N47.0519;12;
3;USA;Montana;Mineral;Riverbend;W114.833;N47.1519;12;
3;USA;Montana;Mineral;Riverview Trailer Park;W114.886;N47.195;12;
3;USA;Montana;Mineral;Saint Regis;W115.103;N47.2994;12;
3;USA;Montana;Mineral;Saltese;W115.51;N47.4103;12;
3;USA;Montana;Mineral;Sohon;W115.703;N47.4428;12;
3;USA;Montana;Mineral;Spring Gulch;W114.981;N47.2303;12;
3;USA;Montana;Mineral;Superior;W114.892;N47.1917;12;
3;USA;Montana;Mineral;Taft;W115.598;N47.4192;12;
3;USA;Montana;Mineral;Tarkio;W114.739;N47.0214;12;
3;USA;Montana;Mineral;Toole;W115.023;N47.3261;12;
3;USA;Montana;Mineral;Westfall;W114.788;N47.1211;12;
3;USA;Montana;Missoula;Ahern Trailer Court;W114.087;N46.7539;12;
3;USA;Montana;Missoula;Barite;W113.439;N46.9453;12;
3;USA;Montana;Missoula;Big Pines Mobile Court;W113.9;N46.8814;12;
3;USA;Montana;Missoula;Bitterroot Gateway Trailer Court;W114.081;N46.7556;12;
3;USA;Montana;Missoula;Blue Mountain Trailer Park;W114.093;N46.8133;12;
3;USA;Montana;Missoula;Bonner Junction;W113.882;N46.86;12;
3;USA;Montana;Missoula;Bonner;W113.864;N46.8733;12;
3;USA;Montana;Missoula;Carlton;W114.079;N46.6758;12;
3;USA;Montana;Missoula;Carols Court;W113.894;N46.8819;12;
3;USA;Montana;Missoula;Circle 'J' Mobile Park;W113.899;N46.8822;12;
3;USA;Montana;Missoula;Clearwater;W113.378;N47.0003;12;
3;USA;Montana;Missoula;Clinton;W113.713;N46.7692;12;
3;USA;Montana;Missoula;Coloma;W113.381;N46.8431;12;
3;USA;Montana;Missoula;Condon;W113.711;N47.5278;12;
3;USA;Montana;Missoula;Copper Cliff;W113.455;N46.8089;12;
3;USA;Montana;Missoula;Countryside Court Mobile Home Park;W114.071;N46.8883;12;
3;USA;Montana;Missoula;Cozy Court;W114.081;N46.7547;12;
3;USA;Montana;Missoula;De Smet;W114.103;N46.9333;12;
3;USA;Montana;Missoula;East Missoula;W113.944;N46.8708;12;
3;USA;Montana;Missoula;Evaro;W114.091;N47.0322;12;
3;USA;Montana;Missoula;Foleys Trailer Court;W114.084;N46.7547;12;
3;USA;Montana;Missoula;Frenchtown;W114.23;N47.015;12;
3;USA;Montana;Missoula;Grass Valley;W114.14;N46.9358;12;
3;USA;Montana;Missoula;Green Field Mobile Home Park;W114.084;N46.8842;12;
3;USA;Montana;Missoula;Greenland Park Trailer Court;W113.891;N46.8833;12;
3;USA;Montana;Missoula;Greenough;W113.437;N46.9167;12;
3;USA;Montana;Missoula;Harveys Mobile Home Court;W113.886;N46.8806;12;
3;USA;Montana;Missoula;Holiday Trailer Court;W114.082;N46.7603;12;
3;USA;Montana;Missoula;Hollyhock Trailer Court;W114.098;N46.7511;12;
3;USA;Montana;Missoula;Hollywood Trailer Court;W114.018;N46.8847;12;
3;USA;Montana;Missoula;Huson;W114.327;N47.0314;12;
3;USA;Montana;Missoula;Iris;W113.637;N46.7256;12;
3;USA;Montana;Missoula;Lipske Trailer Court;W114.084;N46.7575;12;
3;USA;Montana;Missoula;Lolo Hot Springs;W114.531;N46.7278;12;
3;USA;Montana;Missoula;Lolo Peak Trailer Court;W114.094;N46.7486;12;
3;USA;Montana;Missoula;Lolo;W114.081;N46.7589;12;
3;USA;Montana;Missoula;Lothrop;W114.447;N46.9908;12;
3;USA;Montana;Missoula;McClain;W114.078;N46.7061;12;
3;USA;Montana;Missoula;McNamara;W113.677;N46.9114;12;
3;USA;Montana;Missoula;Miller;W113.778;N46.8942;12;
3;USA;Montana;Missoula;Milltown;W113.882;N46.8714;12;
3;USA;Montana;Missoula;Missoula;W113.994;N46.8722;12;
3;USA;Montana;Missoula;MJB Trailer Court;W114.084;N46.7556;12;
3;USA;Montana;Missoula;Mobile City Trailer Park;W114.021;N46.8758;12;
3;USA;Montana;Missoula;Mount Jumbo Trailer Court;W113.944;N46.8742;12;
3;USA;Montana;Missoula;Mountain View Court;W113.894;N46.8833;12;
3;USA;Montana;Missoula;Nagos;W114.113;N46.9917;12;
3;USA;Montana;Missoula;Ninemile;W114.409;N47.02;12;
3;USA;Montana;Missoula;Old Hellgate Village Trailer Park;W114.081;N46.8842;12;
3;USA;Montana;Missoula;Old Town;W114.699;N47.235;12;
3;USA;Montana;Missoula;Orchard Homes;W114.048;N46.8633;12;
3;USA;Montana;Missoula;Piltzville;W113.862;N46.8614;12;
3;USA;Montana;Missoula;Pinegrove Trailer Park;W113.895;N46.8817;12;
3;USA;Montana;Missoula;Pinegrove;W113.903;N46.8803;12;
3;USA;Montana;Missoula;Potomac;W113.579;N46.8817;12;
3;USA;Montana;Missoula;Primrose;W114.167;N46.9272;12;
3;USA;Montana;Missoula;Rocks Trailer Court;W114.079;N46.7492;12;
3;USA;Montana;Missoula;Schilling;W114.202;N46.9642;12;
3;USA;Montana;Missoula;Schley;W114.054;N47.1033;12;
3;USA;Montana;Missoula;Seeley Lake;W113.484;N47.1794;12;
3;USA;Montana;Missoula;Skyline Trailer Court;W114.131;N46.9306;12;
3;USA;Montana;Missoula;Soudan;W114.401;N47.0264;12;
3;USA;Montana;Missoula;Stark;W114.505;N47.1256;12;
3;USA;Montana;Missoula;Sunset;W113.467;N46.9381;12;
3;USA;Montana;Missoula;Travellers Rest Trailer Court;W114.081;N46.7533;12;
3;USA;Montana;Missoula;Travois Village;W114.021;N46.8872;12;
3;USA;Montana;Missoula;Turah;W113.83;N46.8361;12;
3;USA;Montana;Missoula;Twin Creeks;W113.714;N46.9128;12;
3;USA;Montana;Missoula;Two River Trailer Park;W114.087;N46.755;12;
3;USA;Montana;Missoula;Valley West Trailer Court;W114.092;N46.7486;12;
3;USA;Montana;Missoula;Wagon Wheel Trailer Court;W114.184;N46.905;12;
3;USA;Montana;Missoula;West Acres Trailer Park;W114.105;N46.7564;12;
3;USA;Montana;Missoula;West Riverside;W113.89;N46.8772;12;
3;USA;Montana;Missoula;Westview Park;W114.043;N46.9119;12;
3;USA;Montana;Missoula;Wye;W114.121;N46.9531;12;
3;USA;Montana;Missoula;Yreka;W113.331;N46.8614;12;
3;USA;Montana;Missoula;Yukon Saddle;W113.814;N46.7097;12;
3;USA;Montana;Musselshell;Bundy;W108.779;N46.2928;12;
3;USA;Montana;Musselshell;Camp Three;W108.565;N46.4408;12;
3;USA;Montana;Musselshell;Delphia;W108.219;N46.5047;12;
3;USA;Montana;Musselshell;Elso;W108.677;N46.3486;12;
3;USA;Montana;Musselshell;Farralltown;W108.549;N46.3964;12;
3;USA;Montana;Musselshell;Flatwillow Colony;W108.489;N46.7244;12;
3;USA;Montana;Musselshell;Gage;W108.393;N46.4767;12;
3;USA;Montana;Musselshell;Gibbtown;W108.556;N46.4136;12;
3;USA;Montana;Musselshell;Kilby Butte Colony;W108.349;N46.5458;12;
3;USA;Montana;Musselshell;Klein;W108.549;N46.4042;12;
3;USA;Montana;Musselshell;Melstone;W107.872;N46.5986;12;
3;USA;Montana;Musselshell;Musselshell;W108.091;N46.5186;12;
3;USA;Montana;Musselshell;Queens Point;W107.977;N46.5689;12;
3;USA;Montana;Musselshell;Riverside;W108.573;N46.4317;12;
3;USA;Montana;Musselshell;Roundup;W108.542;N46.4453;12;
3;USA;Montana;Park;Aldridge;W110.822;N45.0869;12;
3;USA;Montana;Park;Brisbin;W110.609;N45.5231;12;
3;USA;Montana;Park;Calamity Janes Trailer Court;W110.706;N45.0319;12;
3;USA;Montana;Park;Carbella;W110.905;N45.2078;12;
3;USA;Montana;Park;Chadborn;W110.539;N45.8117;12;
3;USA;Montana;Park;Chico Hot Springs;W110.692;N45.3378;12;
3;USA;Montana;Park;Chico;W110.705;N45.3211;12;
3;USA;Montana;Park;Chicory;W110.702;N45.4056;12;
3;USA;Montana;Park;Chimney Rock;W110.739;N45.55;12;
3;USA;Montana;Park;Clyde Park;W110.604;N45.8869;12;
3;USA;Montana;Park;Contact;W110.226;N45.5083;12;
3;USA;Montana;Park;Cooke City;W109.934;N45.0167;12;
3;USA;Montana;Park;Corwin Springs;W110.79;N45.1131;12;
3;USA;Montana;Park;Dahl Place;W110.427;N45.6358;12;
3;USA;Montana;Park;Electric;W110.782;N45.0786;12;
3;USA;Montana;Park;Elton;W110.308;N45.6958;12;
3;USA;Montana;Park;Emigrant;W110.734;N45.3703;12;
3;USA;Montana;Park;Gardiner;W110.706;N45.0319;12;
3;USA;Montana;Park;Geyser Trailer Park;W110.561;N45.6625;12;
3;USA;Montana;Park;Golden Age Village Trailer Park;W110.734;N45.3703;12;
3;USA;Montana;Park;Grannis;W110.496;N45.7567;12;
3;USA;Montana;Park;Hoffman;W110.785;N45.5725;12;
3;USA;Montana;Park;Hoppers;W110.718;N45.6656;12;
3;USA;Montana;Park;Hunters Hot Springs;W110.257;N45.7581;12;
3;USA;Montana;Park;Independence;W110.246;N45.2125;12;
3;USA;Montana;Park;Jardine;W110.634;N45.07;12;
3;USA;Montana;Park;Kotke;W110.898;N45.3386;12;
3;USA;Montana;Park;Livingston;W110.561;N45.6625;12;
3;USA;Montana;Park;Merriman;W110.769;N45.3389;12;
3;USA;Montana;Park;Miner;W110.909;N45.1992;12;
3;USA;Montana;Park;Minnie Rahn Place;W110.437;N45.6339;12;
3;USA;Montana;Park;Muir;W110.794;N45.6631;12;
3;USA;Montana;Park;Park Road Trailer Court;W110.573;N45.6472;12;
3;USA;Montana;Park;Pine Creek;W110.564;N45.5075;12;
3;USA;Montana;Park;Pray;W110.682;N45.3803;12;
3;USA;Montana;Park;Ricci Trailer Terraces;W109.934;N45.0167;12;
3;USA;Montana;Park;Rocky Mountain Trailer Park;W110.706;N45.0319;12;
3;USA;Montana;Park;Shaw Place;W110.458;N45.6458;12;
3;USA;Montana;Park;Shields;W110.641;N45.9569;12;
3;USA;Montana;Park;Silver Gate;W109.99;N45.0069;12;
3;USA;Montana;Park;Sphinx;W110.878;N45.1711;12;
3;USA;Montana;Park;Springdale;W110.227;N45.7383;12;
3;USA;Montana;Park;Urback Place;W110.452;N45.6744;12;
3;USA;Montana;Park;White City;W110.686;N45.3039;12;
3;USA;Montana;Park;Wilsall;W110.66;N45.9939;12;
3;USA;Montana;Park;Woods Place;W110.261;N45.6942;12;
3;USA;Montana;Petroleum;Cat Creek;W108.006;N47.0653;12;
3;USA;Montana;Petroleum;Flatwillow;W108.4;N46.8319;12;
3;USA;Montana;Petroleum;Kelley;W108.178;N46.7642;12;
3;USA;Montana;Petroleum;Teigen;W108.597;N47.0367;12;
3;USA;Montana;Petroleum;Winnett;W108.352;N47.0028;12;
3;USA;Montana;Petroleum;Woods Place;W108.146;N47.5025;12;
3;USA;Montana;Phillips;Ashfield;W107.474;N48.4619;12;
3;USA;Montana;Phillips;Bone Crossing;W107.329;N48.5211;12;
3;USA;Montana;Phillips;Bowdoin;W107.606;N48.3928;12;
3;USA;Montana;Phillips;Caldwell;W108.172;N48.9717;12;
3;USA;Montana;Phillips;Chapman;W108.133;N48.8686;12;
3;USA;Montana;Phillips;Cole;W107.469;N48.5411;12;
3;USA;Montana;Phillips;Content;W107.56;N48.0206;12;
3;USA;Montana;Phillips;Cree Crossing;W107.519;N48.5406;12;
3;USA;Montana;Phillips;Dodson;W108.244;N48.3956;12;
3;USA;Montana;Phillips;Dryer Place;W107.565;N47.7431;12;
3;USA;Montana;Phillips;DY Junction;W108.634;N47.7956;12;
3;USA;Montana;Phillips;East Malta Colony;W107.609;N48.3517;12;
3;USA;Montana;Phillips;Hiline Trailer Park;W107.844;N48.3672;12;
3;USA;Montana;Phillips;Jordan Crossing;W107.287;N48.5072;12;
3;USA;Montana;Phillips;Landusky;W108.623;N47.8978;12;
3;USA;Montana;Phillips;Loring Colony;W107.973;N48.7867;12;
3;USA;Montana;Phillips;Loring;W107.862;N48.7922;12;
3;USA;Montana;Phillips;Malta;W107.874;N48.3597;12;
3;USA;Montana;Phillips;Midale;W108.162;N47.9042;12;
3;USA;Montana;Phillips;Morgan;W107.832;N48.9933;12;
3;USA;Montana;Phillips;Murray Trailer Park;W107.871;N48.35;12;
3;USA;Montana;Phillips;Old Whitcomb Place;W107.978;N47.9853;12;
3;USA;Montana;Phillips;Phillips;W108.164;N48.0936;12;
3;USA;Montana;Phillips;Riverside Trailer Court;W107.874;N48.3611;12;
3;USA;Montana;Phillips;Saco;W107.343;N48.4572;12;
3;USA;Montana;Phillips;Sleeping Buffalo;W107.529;N48.4839;12;
3;USA;Montana;Phillips;Sumner;W108.104;N48.7797;12;
3;USA;Montana;Phillips;Sun Prairie;W107.746;N47.8456;12;
3;USA;Montana;Phillips;Tattnall;W107.543;N48.6272;12;
3;USA;Montana;Phillips;Valleytown;W107.24;N48.7056;12;
3;USA;Montana;Phillips;Wagner;W108.078;N48.3706;12;
3;USA;Montana;Phillips;Whitewater;W107.627;N48.7594;12;
3;USA;Montana;Phillips;X Crossing;W107.782;N47.7033;12;
3;USA;Montana;Phillips;Zortman;W108.526;N47.9178;12;
3;USA;Montana;Pondera;Aubrey Crossing;W112.411;N48.3378;12;
3;USA;Montana;Pondera;Birch Creek Colony;W112.47;N48.2478;12;
3;USA;Montana;Pondera;Blair Crossing;W112.291;N48.4033;12;
3;USA;Montana;Pondera;Brady;W111.84;N48.0356;12;
3;USA;Montana;Pondera;Conrad;W111.946;N48.1703;12;
3;USA;Montana;Pondera;Dupuyer;W112.499;N48.1925;12;
3;USA;Montana;Pondera;East Community;W111.474;N48.0456;12;
3;USA;Montana;Pondera;Edwards Crossing;W112.452;N48.4669;12;
3;USA;Montana;Pondera;Fowler;W111.785;N48.3158;12;
3;USA;Montana;Pondera;Freds Trailer Court;W111.84;N48.0356;12;
3;USA;Montana;Pondera;Gallup City;W112.113;N48.0939;12;
3;USA;Montana;Pondera;Hagans Crossing;W112.514;N48.4583;12;
3;USA;Montana;Pondera;Heart Butte;W112.837;N48.2833;12;
3;USA;Montana;Pondera;Kingsbury Colony;W112.487;N48.3028;12;
3;USA;Montana;Pondera;Kuka Crossing;W112.393;N48.3139;12;
3;USA;Montana;Pondera;Ledger;W111.823;N48.2603;12;
3;USA;Montana;Pondera;Manson;W112.006;N48.2375;12;
3;USA;Montana;Pondera;New Miami Colony;W112.282;N48.1919;12;
3;USA;Montana;Pondera;Pierce Crossing;W112.49;N48.3475;12;
3;USA;Montana;Pondera;Pondera Colony;W112.392;N48.2606;12;
3;USA;Montana;Pondera;Shields Crossing;W112.358;N48.4722;12;
3;USA;Montana;Pondera;Spartan Manor Trailer Park;W111.946;N48.1703;12;
3;USA;Montana;Pondera;Speer Trailer Park;W111.946;N48.1703;12;
3;USA;Montana;Pondera;Sunrise Trailer Court;W111.941;N48.1678;12;
3;USA;Montana;Pondera;Torens Trailer Park;W111.946;N48.1703;12;
3;USA;Montana;Pondera;Valier;W112.25;N48.3078;12;
3;USA;Montana;Pondera;Williams;W112.13;N48.2753;12;
3;USA;Montana;Powder River;Bay Horse;W105.567;N45.0433;12;
3;USA;Montana;Powder River;Belle Creek;W105.111;N45.1392;12;
3;USA;Montana;Powder River;Biddle;W105.338;N45.0994;12;
3;USA;Montana;Powder River;Broadus;W105.407;N45.4439;12;
3;USA;Montana;Powder River;Cameron Crossing;W105.825;N45.7617;12;
3;USA;Montana;Powder River;Coalwood;W105.591;N45.7281;12;
3;USA;Montana;Powder River;Epsie;W105.651;N45.4917;12;
3;USA;Montana;Powder River;Moorhead;W105.871;N45.065;12;
3;USA;Montana;Powder River;Olive;W105.528;N45.5506;12;
3;USA;Montana;Powder River;Otter;W106.202;N45.2078;12;
3;USA;Montana;Powder River;Powderville;W105.115;N45.7589;12;
3;USA;Montana;Powder River;Sayle;W105.996;N45.2269;12;
3;USA;Montana;Powder River;Sixmile Crossing;W105.194;N45.6906;12;
3;USA;Montana;Powder River;Sonnette;W105.831;N45.4131;12;
3;USA;Montana;Powder River;Stacey;W105.891;N45.72;12;
3;USA;Montana;Powder River;Town and Country Trailer Park;W105.412;N45.4381;12;
3;USA;Montana;Powder River;Willow Crossing;W106.188;N45.5272;12;
3;USA;Montana;Powell;Avon;W112.602;N46.5972;12;
3;USA;Montana;Powell;Blossburg;W112.322;N46.6328;12;
3;USA;Montana;Powell;Brock Creek;W112.856;N46.6036;12;
3;USA;Montana;Powell;Coughlin;W112.954;N46.9336;12;
3;USA;Montana;Powell;Danielsville;W113.015;N46.2922;12;
3;USA;Montana;Powell;Deer Lodge;W112.73;N46.3958;12;
3;USA;Montana;Powell;Dutton;W112.947;N46.6031;12;
3;USA;Montana;Powell;Elliston;W112.431;N46.5622;12;
3;USA;Montana;Powell;Finn;W112.704;N46.7661;12;
3;USA;Montana;Powell;Garrison;W112.812;N46.5233;12;
3;USA;Montana;Powell;Geary;W113.021;N47.0314;12;
3;USA;Montana;Powell;Goldcreek;W112.929;N46.5867;12;
3;USA;Montana;Powell;Helmville;W112.961;N46.8667;12;
3;USA;Montana;Powell;Jens;W113.006;N46.6042;12;
3;USA;Montana;Powell;Keiley;W112.681;N46.7628;12;
3;USA;Montana;Powell;Lingenpolter;W112.968;N46.5328;12;
3;USA;Montana;Powell;Mannix;W112.768;N46.7747;12;
3;USA;Montana;Powell;McDonald;W112.586;N46.65;12;
3;USA;Montana;Powell;McGillvary;W112.594;N46.6608;12;
3;USA;Montana;Powell;Ovando;W113.133;N47.0203;12;
3;USA;Montana;Powell;Pioneer;W112.966;N46.5125;12;
3;USA;Montana;Powell;Prison Farm;W112.732;N46.3847;12;
3;USA;Montana;Powell;Quigley;W112.594;N46.6736;12;
3;USA;Montana;Powell;Racetrack;W112.749;N46.2789;12;
3;USA;Montana;Powell;Reynolds City;W113.287;N46.8211;12;
3;USA;Montana;Powell;Wall City;W112.939;N46.5439;12;
3;USA;Montana;Powell;Woodworth;W113.302;N47.1064;12;
3;USA;Montana;Prairie;Benz;W105.501;N46.6597;12;
3;USA;Montana;Prairie;Blatchford;W105.449;N46.7103;12;
3;USA;Montana;Prairie;Bluffport;W105.166;N46.8144;12;
3;USA;Montana;Prairie;Calypso;W105.423;N46.7731;12;
3;USA;Montana;Prairie;Crow Rock;W106.071;N46.9114;12;
3;USA;Montana;Prairie;Fallon;W105.119;N46.8356;12;
3;USA;Montana;Prairie;McCloud;W105.6;N46.9008;12;
3;USA;Montana;Prairie;Mildred;W104.96;N46.6758;12;
3;USA;Montana;Prairie;Saugus;W105.492;N46.6917;12;
3;USA;Montana;Prairie;Terry;W105.312;N46.7931;12;
3;USA;Montana;Prairie;Zero;W105.489;N46.6692;12;
3;USA;Montana;Ravalli;Alta;W114.3;N45.6189;12;
3;USA;Montana;Ravalli;Apple Blossom Court;W114.086;N46.5039;12;
3;USA;Montana;Ravalli;Bell Crossing;W114.124;N46.4433;12;
3;USA;Montana;Ravalli;Big Sky Mobile Home Park;W114.145;N46.2097;12;
3;USA;Montana;Ravalli;Bing;W114.084;N46.4433;12;
3;USA;Montana;Ravalli;Bitterroot Court;W114.051;N46.5178;12;
3;USA;Montana;Ravalli;Bitterroot Pines;W114.079;N46.6417;12;
3;USA;Montana;Ravalli;Charlos Heights;W114.178;N46.1264;12;
3;USA;Montana;Ravalli;Cinnabar Court;W114.088;N46.4822;12;
3;USA;Montana;Ravalli;Cobb;W114.103;N46.3453;12;
3;USA;Montana;Ravalli;Como;W114.175;N46.0897;12;
3;USA;Montana;Ravalli;Conner;W114.124;N45.9308;12;
3;USA;Montana;Ravalli;Corvallis Mobile Home Park;W114.109;N46.3158;12;
3;USA;Montana;Ravalli;Corvallis;W114.113;N46.3142;12;
3;USA;Montana;Ravalli;Curdys Cove;W114.149;N46.2017;12;
3;USA;Montana;Ravalli;Darby;W114.178;N46.0228;12;
3;USA;Montana;Ravalli;Florence;W114.079;N46.6317;12;
3;USA;Montana;Ravalli;Gird Point;W113.911;N46.2075;12;
3;USA;Montana;Ravalli;Gorus;W114.172;N46.0628;12;
3;USA;Montana;Ravalli;Grantsdale;W114.142;N46.2036;12;
3;USA;Montana;Ravalli;Hamilton Mobile Home Park;W114.154;N46.2339;12;
3;USA;Montana;Ravalli;Hamilton;W114.16;N46.2469;12;
3;USA;Montana;Ravalli;Holtet Court;W114.174;N46.0222;12;
3;USA;Montana;Ravalli;Kenspur;W114.092;N46.5936;12;
3;USA;Montana;Ravalli;Leisure Village;W114.153;N46.2444;12;
3;USA;Montana;Ravalli;Medicine Hot Springs;W114.035;N45.8461;12;
3;USA;Montana;Ravalli;Mountain Shadows Estates;W114.091;N46.4967;12;
3;USA;Montana;Ravalli;Mountain View Trailer Court;W114.156;N46.2675;12;
3;USA;Montana;Ravalli;North West Mobile Home Park;W114.154;N46.3167;12;
3;USA;Montana;Ravalli;Peaks and Pines Park;W114.143;N45.9708;12;
3;USA;Montana;Ravalli;Pinesdale;W114.217;N46.3294;12;
3;USA;Montana;Ravalli;Ponderosa Mobile Home Park;W114.048;N46.3042;12;
3;USA;Montana;Ravalli;Quast;W114.104;N46.3275;12;
3;USA;Montana;Ravalli;Riverside;W114.158;N46.2747;12;
3;USA;Montana;Ravalli;Shigley Mobile Home Park;W114.106;N45.9294;12;
3;USA;Montana;Ravalli;Stevensville;W114.093;N46.51;12;
3;USA;Montana;Ravalli;Sula;W113.982;N45.8367;12;
3;USA;Montana;Ravalli;Tucker;W114.142;N46.3708;12;
3;USA;Montana;Ravalli;University Heights;W114.216;N46.0336;12;
3;USA;Montana;Ravalli;Victor Crossing;W114.121;N46.4144;12;
3;USA;Montana;Ravalli;Victor;W114.15;N46.4167;12;
3;USA;Montana;Ravalli;Ward;W114.179;N46.1536;12;
3;USA;Montana;Ravalli;Westana Mobile Home Park;W114.147;N46.2217;12;
3;USA;Montana;Ravalli;Woodside Crossing;W114.145;N46.3128;12;
3;USA;Montana;Ravalli;Woodside;W114.155;N46.3133;12;
3;USA;Montana;Richland;Andes;W104.549;N47.9556;12;
3;USA;Montana;Richland;Burns;W104.405;N47.3781;12;
3;USA;Montana;Richland;Crane;W104.263;N47.5758;12;
3;USA;Montana;Richland;Enid;W104.78;N47.6956;12;
3;USA;Montana;Richland;Fairview;W104.045;N47.8564;12;
3;USA;Montana;Richland;Fischer Park;W104.145;N47.7167;12;
3;USA;Montana;Richland;Four Seasons Trailer Court;W104.154;N47.7192;12;
3;USA;Montana;Richland;Fox Lake;W104.623;N47.6831;12;
3;USA;Montana;Richland;Girard;W104.422;N47.8678;12;
3;USA;Montana;Richland;Hoffmanville;W104.302;N47.5108;12;
3;USA;Montana;Richland;Knife River;W104.343;N47.4528;12;
3;USA;Montana;Richland;Lambert;W104.621;N47.6836;12;
3;USA;Montana;Richland;Ludington;W104.062;N47.8261;12;
3;USA;Montana;Richland;Midway;W104.321;N47.515;12;
3;USA;Montana;Richland;Newlon Junction;W104.197;N47.6586;12;
3;USA;Montana;Richland;Nohly;W104.092;N47.9956;12;
3;USA;Montana;Richland;Piche;W104.231;N47.6086;12;
3;USA;Montana;Richland;Ridgelawn;W104.086;N47.7919;12;
3;USA;Montana;Richland;Riverview;W104.175;N47.6742;12;
3;USA;Montana;Richland;Savage;W104.343;N47.4536;12;
3;USA;Montana;Richland;Sidney;W104.156;N47.7167;12;
3;USA;Montana;Richland;Sioux Pass;W104.326;N47.9225;12;
3;USA;Montana;Richland;Wagon Wheel Trailer Court;W104.161;N47.7094;12;
3;USA;Montana;Richland;Wooley;W104.106;N47.765;12;
3;USA;Montana;Roosevelt;Anderson;W104.933;N48.3456;12;
3;USA;Montana;Roosevelt;Bainville;W104.223;N48.14;12;
3;USA;Montana;Roosevelt;Biem;W104.942;N48.4833;12;
3;USA;Montana;Roosevelt;Blair;W104.626;N48.1467;12;
3;USA;Montana;Roosevelt;Bredette;W105.3;N48.5056;12;
3;USA;Montana;Roosevelt;Brockton;W104.917;N48.1514;12;
3;USA;Montana;Roosevelt;Calais;W104.816;N48.1478;12;
3;USA;Montana;Roosevelt;Chelsea;W105.338;N48.1331;12;
3;USA;Montana;Roosevelt;Culbertson;W104.517;N48.1444;12;
3;USA;Montana;Roosevelt;Finnicum Mobile Home Park;W104.523;N48.1497;12;
3;USA;Montana;Roosevelt;Fort Kipp;W104.716;N48.1467;12;
3;USA;Montana;Roosevelt;Froid;W104.496;N48.3344;12;
3;USA;Montana;Roosevelt;Lakeside;W104.178;N48.0753;12;
3;USA;Montana;Roosevelt;Lanark;W104.358;N48.1431;12;
3;USA;Montana;Roosevelt;Macon;W105.519;N48.1097;12;
3;USA;Montana;Roosevelt;McCabe;W104.378;N48.2436;12;
3;USA;Montana;Roosevelt;Moes Trailer Court;W105.634;N48.0983;12;
3;USA;Montana;Roosevelt;Poplar;W105.198;N48.1131;12;
3;USA;Montana;Roosevelt;Slab Crossing;W104.698;N48.2878;12;
3;USA;Montana;Roosevelt;Snowden;W104.084;N48.0269;12;
3;USA;Montana;Roosevelt;Sprole;W105.063;N48.1072;12;
3;USA;Montana;Roosevelt;Volt;W105.719;N48.3883;12;
3;USA;Montana;Roosevelt;Walker Mobile Home Park;W104.523;N48.1497;12;
3;USA;Montana;Roosevelt;Wolf Point;W105.641;N48.0906;12;
3;USA;Montana;Rosebud;Ahles;W107.164;N46.4789;12;
3;USA;Montana;Rosebud;Angela;W106.201;N46.73;12;
3;USA;Montana;Rosebud;Ashland;W106.271;N45.5944;12;
3;USA;Montana;Rosebud;B and R Subdivision;W106.645;N45.9128;12;
3;USA;Montana;Rosebud;Bascom;W107.753;N46.6261;12;
3;USA;Montana;Rosebud;Birney Day School;W106.465;N45.4161;12;
3;USA;Montana;Rosebud;Birney;W106.515;N45.3217;12;
3;USA;Montana;Rosebud;Brandenberg;W106.233;N45.8161;12;
3;USA;Montana;Rosebud;Cartersville;W106.468;N46.2994;12;
3;USA;Montana;Rosebud;Cold Spring;W106.758;N46.2828;12;
3;USA;Montana;Rosebud;Colstrip;W106.624;N45.8842;12;
3;USA;Montana;Rosebud;Crain Place;W106.31;N46.0439;12;
3;USA;Montana;Rosebud;Finch;W106.976;N46.2836;12;
3;USA;Montana;Rosebud;Flynn;W106.542;N46.2939;12;
3;USA;Montana;Rosebud;Forsyth;W106.678;N46.2664;12;
3;USA;Montana;Rosebud;Galbraith;W107.476;N46.5986;12;
3;USA;Montana;Rosebud;Hathaway;W106.197;N46.2761;12;
3;USA;Montana;Rosebud;Ingomar;W107.372;N46.5767;12;
3;USA;Montana;Rosebud;Jimtown;W106.688;N45.6789;12;
3;USA;Montana;Rosebud;Lame Deer;W106.667;N45.6231;12;
3;USA;Montana;Rosebud;Nichols;W106.817;N46.2639;12;
3;USA;Montana;Rosebud;Orinoco;W106.592;N46.2961;12;
3;USA;Montana;Rosebud;Rock Springs;W106.247;N46.8169;12;
3;USA;Montana;Rosebud;Rosebud;W106.445;N46.2744;12;
3;USA;Montana;Rosebud;Sumatra;W107.551;N46.6183;12;
3;USA;Montana;Rosebud;Thurlow;W106.306;N46.2878;12;
3;USA;Montana;Rosebud;Vananda;W107.002;N46.3919;12;
3;USA;Montana;Rosebud;Wood Place;W106.424;N45.7228;12;
3;USA;Montana;Sanders;Agency;W114.293;N47.3281;12;
3;USA;Montana;Sanders;Belknap;W115.409;N47.6622;12;
3;USA;Montana;Sanders;Bend;W115.05;N47.9094;12;
3;USA;Montana;Sanders;Blanchards Corner;W114.871;N47.5567;12;
3;USA;Montana;Sanders;Camas Prairie;W114.607;N47.4628;12;
3;USA;Montana;Sanders;Camas;W114.658;N47.6181;12;
3;USA;Montana;Sanders;Central Avenue Trailer Court;W114.677;N47.6083;12;
3;USA;Montana;Sanders;Childs;W115.487;N47.7786;12;
3;USA;Montana;Sanders;Dixon;W114.314;N47.3167;12;
3;USA;Montana;Sanders;Donlan;W114.935;N47.3303;12;
3;USA;Montana;Sanders;Eddy;W115.133;N47.5583;12;
3;USA;Montana;Sanders;Heron;W115.957;N48.0589;12;
3;USA;Montana;Sanders;Hot Springs;W114.669;N47.6092;12;
3;USA;Montana;Sanders;Knowles;W114.713;N47.3472;12;
3;USA;Montana;Sanders;Larchwood;W115.628;N47.8503;12;
3;USA;Montana;Sanders;Lonepine;W114.637;N47.7031;12;
3;USA;Montana;Sanders;McDonald;W114.462;N47.3233;12;
3;USA;Montana;Sanders;Noxon;W115.782;N47.9961;12;
3;USA;Montana;Sanders;Old Agency;W114.296;N47.3289;12;
3;USA;Montana;Sanders;Paradise;W114.802;N47.3894;12;
3;USA;Montana;Sanders;Perma;W114.585;N47.3639;12;
3;USA;Montana;Sanders;Plains;W114.883;N47.4603;12;
3;USA;Montana;Sanders;Quinns;W114.802;N47.3247;12;
3;USA;Montana;Sanders;Sloan;W114.329;N47.4928;12;
3;USA;Montana;Sanders;Snider;W115.219;N47.6039;12;
3;USA;Montana;Sanders;Talc;W115.436;N47.7203;12;
3;USA;Montana;Sanders;Thompson Falls;W115.344;N47.5972;12;
3;USA;Montana;Sanders;Trout Creek;W115.598;N47.8369;12;
3;USA;Montana;Sanders;Tuscor;W115.691;N47.9033;12;
3;USA;Montana;Sanders;Weeksville;W114.994;N47.5231;12;
3;USA;Montana;Sanders;White Pine;W115.483;N47.7436;12;
3;USA;Montana;Sheridan;Antelope;W104.458;N48.6897;12;
3;USA;Montana;Sheridan;Archer;W104.811;N48.7928;12;
3;USA;Montana;Sheridan;Coalridge;W104.189;N48.6983;12;
3;USA;Montana;Sheridan;Comertown;W104.249;N48.8969;12;
3;USA;Montana;Sheridan;Dagmar;W104.198;N48.5833;12;
3;USA;Montana;Sheridan;Daleview;W104.934;N48.9133;12;
3;USA;Montana;Sheridan;Dooley;W104.389;N48.8811;12;
3;USA;Montana;Sheridan;Homestead;W104.539;N48.4211;12;
3;USA;Montana;Sheridan;McElroy;W104.122;N48.8803;12;
3;USA;Montana;Sheridan;Medicine Lake;W104.505;N48.5014;12;
3;USA;Montana;Sheridan;Outlook;W104.778;N48.8875;12;
3;USA;Montana;Sheridan;Plentywood;W104.562;N48.7747;12;
3;USA;Montana;Sheridan;Raymond;W104.58;N48.8764;12;
3;USA;Montana;Sheridan;Redstone;W104.944;N48.8217;12;
3;USA;Montana;Sheridan;Reserve;W104.46;N48.6056;12;
3;USA;Montana;Sheridan;Rock Crossing;W104.347;N48.4925;12;
3;USA;Montana;Sheridan;Trails End Trailer Court;W104.576;N48.7767;12;
3;USA;Montana;Sheridan;Vivs Trailer Court;W104.568;N48.7714;12;
3;USA;Montana;Sheridan;Volmer;W104.15;N48.5367;12;
3;USA;Montana;Sheridan;Westby;W104.052;N48.8703;12;
3;USA;Montana;Silver Bow;AA Westside Mobile Estates;W112.543;N46.0022;12;
3;USA;Montana;Silver Bow;Butte;W112.535;N46.0039;12;
3;USA;Montana;Silver Bow;Buxton;W112.713;N45.9433;12;
3;USA;Montana;Silver Bow;Centerville;W112.549;N46.0228;12;
3;USA;Montana;Silver Bow;Columbia Gardens;W112.464;N46.0067;12;
3;USA;Montana;Silver Bow;Delano Place;W112.855;N45.8989;12;
3;USA;Montana;Silver Bow;Divide;W112.747;N45.7511;12;
3;USA;Montana;Silver Bow;Durant;W112.791;N46.0214;12;
3;USA;Montana;Silver Bow;East Butte;W112.497;N46.0114;12;
3;USA;Montana;Silver Bow;Fairmont Hot Springs;W112.81;N46.0431;12;
3;USA;Montana;Silver Bow;Feely;W112.689;N45.8767;12;
3;USA;Montana;Silver Bow;Finlen;W112.791;N46.0383;12;
3;USA;Montana;Silver Bow;Floral Park;W112.494;N45.9861;12;
3;USA;Montana;Silver Bow;Grace;W112.33;N45.8067;12;
3;USA;Montana;Silver Bow;Gregson;W112.809;N46.0481;12;
3;USA;Montana;Silver Bow;Hackney;W112.793;N46.0314;12;
3;USA;Montana;Silver Bow;Hamblin Heights Mobile Village;W112.554;N46.0011;12;
3;USA;Montana;Silver Bow;Highview;W112.426;N45.9208;12;
3;USA;Montana;Silver Bow;Janney;W112.495;N45.9094;12;
3;USA;Montana;Silver Bow;Johnson;W112.686;N45.7964;12;
3;USA;Montana;Silver Bow;Maiden Rock;W112.737;N45.6967;12;
3;USA;Montana;Silver Bow;McQueen;W112.495;N46.0203;12;
3;USA;Montana;Silver Bow;Meaderville;W112.505;N46.0222;12;
3;USA;Montana;Silver Bow;Melrose;W112.684;N45.6319;12;
3;USA;Montana;Silver Bow;Miles Crossing;W112.726;N46.0125;12;
3;USA;Montana;Silver Bow;Moose Town;W112.568;N45.7761;12;
3;USA;Montana;Silver Bow;Newcomb;W112.52;N45.92;12;
3;USA;Montana;Silver Bow;Nine-mile;W112.466;N45.9053;12;
3;USA;Montana;Silver Bow;Nissler;W112.642;N46.0047;12;
3;USA;Montana;Silver Bow;Pioneer;W112.535;N46.0039;12;
3;USA;Montana;Silver Bow;Quinn;W112.742;N45.6942;12;
3;USA;Montana;Silver Bow;Ramsay;W112.686;N46.0058;12;
3;USA;Montana;Silver Bow;Rocker;W112.606;N46.0033;12;
3;USA;Montana;Silver Bow;Sciuchetti Place;W112.773;N45.9431;12;
3;USA;Montana;Silver Bow;Silver Bow Park;W112.497;N46.0006;12;
3;USA;Montana;Silver Bow;Silver Bow;W112.668;N46.0036;12;
3;USA;Montana;Silver Bow;Skones;W112.462;N45.9633;12;
3;USA;Montana;Silver Bow;Valley Vista Mobile Home Community;W112.515;N45.9472;12;
3;USA;Montana;Silver Bow;Walkerville;W112.536;N46.0342;12;
3;USA;Montana;Silver Bow;Williamsburg;W112.557;N45.9919;12;
3;USA;Montana;Silver Bow;Woodin;W112.709;N45.8114;12;
3;USA;Montana;Stillwater;Absarokee;W109.443;N45.5206;12;
3;USA;Montana;Stillwater;Beehive;W109.721;N45.4792;12;
3;USA;Montana;Stillwater;Busteed;W109.349;N45.9417;12;
3;USA;Montana;Stillwater;Carr Trailer Court;W109.246;N45.6361;12;
3;USA;Montana;Stillwater;Columbus;W109.252;N45.6367;12;
3;USA;Montana;Stillwater;Craver;W109.381;N45.6969;12;
3;USA;Montana;Stillwater;Dean;W109.691;N45.4047;12;
3;USA;Montana;Stillwater;Fishtail;W109.504;N45.4536;12;
3;USA;Montana;Stillwater;H and H Trailer Court;W109.261;N45.6439;12;
3;USA;Montana;Stillwater;Limestone;W109.903;N45.4778;12;
3;USA;Montana;Stillwater;Meyers Creek;W109.932;N45.4944;12;
3;USA;Montana;Stillwater;Molt;W108.928;N45.8614;12;
3;USA;Montana;Stillwater;Mountain View;W109.899;N45.3897;12;
3;USA;Montana;Stillwater;Nye;W109.809;N45.4356;12;
3;USA;Montana;Stillwater;Park City;W108.918;N45.6328;12;
3;USA;Montana;Stillwater;Rapelje;W109.255;N45.9719;12;
3;USA;Montana;Stillwater;Reed Point;W109.542;N45.7094;12;
3;USA;Montana;Stillwater;Springtime;W109.388;N45.6983;12;
3;USA;Montana;Stillwater;Valley Vista Trailer Park;W109.263;N45.6444;12;
3;USA;Montana;Sweet Grass;Big Timber;W109.956;N45.835;12;
3;USA;Montana;Sweet Grass;Carney;W110.124;N45.7653;12;
3;USA;Montana;Sweet Grass;Duffy Trailer Court;W109.956;N45.835;12;
3;USA;Montana;Sweet Grass;Greycliff;W109.785;N45.7633;12;
3;USA;Montana;Sweet Grass;McLeod;W110.116;N45.6628;12;
3;USA;Montana;Sweet Grass;Melville;W109.954;N46.1031;12;
3;USA;Montana;Sweet Grass;Quebec;W109.659;N45.7267;12;
3;USA;Montana;Sweet Grass;Sioux Crossing;W110.244;N45.8714;12;
3;USA;Montana;Sweet Grass;Sourdough;W109.814;N45.9019;12;
3;USA;Montana;Teton;Agawam;W112.168;N48;12;
3;USA;Montana;Teton;Blackleaf;W112.606;N48.0125;12;
3;USA;Montana;Teton;Bole;W112.011;N47.7108;12;
3;USA;Montana;Teton;Bynum;W112.312;N47.9792;12;
3;USA;Montana;Teton;Choteau Junction;W112.177;N47.805;12;
3;USA;Montana;Teton;Choteau;W112.184;N47.8125;12;
3;USA;Montana;Teton;Cleiv;W111.897;N47.6942;12;
3;USA;Montana;Teton;Collins;W111.81;N47.9283;12;
3;USA;Montana;Teton;Cordova;W111.784;N47.7217;12;
3;USA;Montana;Teton;Diamond Valley;W111.495;N47.8433;12;
3;USA;Montana;Teton;Dutton;W111.712;N47.8428;12;
3;USA;Montana;Teton;Eastham Junction;W112.094;N47.7292;12;
3;USA;Montana;Teton;Fairfield;W111.98;N47.6147;12;
3;USA;Montana;Teton;Farmington;W112.169;N47.8869;12;
3;USA;Montana;Teton;Golden Ridge;W112.227;N47.5678;12;
3;USA;Montana;Teton;Greenfield;W111.859;N47.64;12;
3;USA;Montana;Teton;Koyl;W112.263;N47.9003;12;
3;USA;Montana;Teton;Malone;W112.168;N47.9417;12;
3;USA;Montana;Teton;Miller Colony;W112.29;N47.9264;12;
3;USA;Montana;Teton;New Rockport Colony;W112.024;N47.8636;12;
3;USA;Montana;Teton;Pendroy;W112.299;N48.0736;12;
3;USA;Montana;Teton;Power;W111.687;N47.7158;12;
3;USA;Montana;Teton;Rockport Colony;W112.476;N48.0669;12;
3;USA;Montana;Teton;Saypo;W112.566;N47.8089;12;
3;USA;Montana;Teton;Truchot Hill;W112.192;N47.8364;12;
3;USA;Montana;Toole;Aloe;W112.006;N48.6572;12;
3;USA;Montana;Toole;Devon;W111.479;N48.4667;12;
3;USA;Montana;Toole;Dunkirk;W111.664;N48.4781;12;
3;USA;Montana;Toole;Ethridge;W112.121;N48.5578;12;
3;USA;Montana;Toole;Ferdig;W111.775;N48.7542;12;
3;USA;Montana;Toole;Galata;W111.352;N48.4756;12;
3;USA;Montana;Toole;Gold Butte;W111.386;N48.8736;12;
3;USA;Montana;Toole;Hillside Colony;W112.068;N48.9792;12;
3;USA;Montana;Toole;Kevin;W111.965;N48.7453;12;
3;USA;Montana;Toole;Kippen;W111.601;N48.7461;12;
3;USA;Montana;Toole;Naismith;W111.774;N48.3864;12;
3;USA;Montana;Toole;Ohio Camp;W111.847;N48.8331;12;
3;USA;Montana;Toole;Oilmont;W111.841;N48.74;12;
3;USA;Montana;Toole;Rim Rock Colony;W112.095;N48.8958;12;
3;USA;Montana;Toole;Shelby;W111.857;N48.5053;12;
3;USA;Montana;Toole;Sunburst;W111.911;N48.8828;12;
3;USA;Montana;Toole;Sweet Grass;W111.961;N48.9961;12;
3;USA;Montana;Toole;Virden;W111.908;N48.5244;12;
3;USA;Montana;Treasure;Bighorn;W107.449;N46.1617;12;
3;USA;Montana;Treasure;Hysham;W107.234;N46.2928;12;
3;USA;Montana;Treasure;Myers;W107.34;N46.2508;12;
3;USA;Montana;Treasure;Sanders;W107.097;N46.2914;12;
3;USA;Montana;Valley;Baylor;W106.479;N48.6633;12;
3;USA;Montana;Valley;Beaverton;W107.254;N48.4236;12;
3;USA;Montana;Valley;Frazer;W106.042;N48.0592;12;
3;USA;Montana;Valley;Glasgow;W106.637;N48.1969;12;
3;USA;Montana;Valley;Glentana;W106.249;N48.8481;12;
3;USA;Montana;Valley;Hinsdale;W107.085;N48.3942;12;
3;USA;Montana;Valley;Larslan;W106.194;N48.5783;12;
3;USA;Montana;Valley;Lustre;W105.882;N48.3933;12;
3;USA;Montana;Valley;Miles Crossing;W107.152;N48.4817;12;
3;USA;Montana;Valley;Murray Place;W107.066;N47.8067;12;
3;USA;Montana;Valley;Nashua;W106.356;N48.1322;12;
3;USA;Montana;Valley;Opheim;W106.407;N48.8567;12;
3;USA;Montana;Valley;Oswego;W105.881;N48.0586;12;
3;USA;Montana;Valley;Park Grove;W106.445;N48.0303;12;
3;USA;Montana;Valley;Richland;W106.051;N48.8208;12;
3;USA;Montana;Valley;Roanwood;W106.498;N48.9414;12;
3;USA;Montana;Valley;Saint Marie;W106.533;N48.4022;12;
3;USA;Montana;Valley;Tampico;W106.827;N48.3047;12;
3;USA;Montana;Valley;Thoeny;W106.918;N48.8769;12;
3;USA;Montana;Valley;Vandalia;W106.91;N48.3547;12;
3;USA;Montana;Valley;Whately;W106.511;N48.1628;12;
3;USA;Montana;Valley;Wheeler;W106.506;N48.0094;12;
3;USA;Montana;Wheatland;Duncan Ranch Colony;W110.024;N46.4444;12;
3;USA;Montana;Wheatland;Harlowton;W109.834;N46.4356;12;
3;USA;Montana;Wheatland;Hedgesville;W109.503;N46.4567;12;
3;USA;Montana;Wheatland;Jellison Place;W110.072;N46.6733;12;
3;USA;Montana;Wheatland;Judith Gap;W109.752;N46.6772;12;
3;USA;Montana;Wheatland;Living Springs;W109.536;N46.5922;12;
3;USA;Montana;Wheatland;Martinsdale Colony;W110.267;N46.4894;12;
3;USA;Montana;Wheatland;Shawmut;W109.525;N46.3425;12;
3;USA;Montana;Wheatland;Shepherds Trailer Court;W109.834;N46.4356;12;
3;USA;Montana;Wheatland;Springwater Colony;W109.756;N46.4594;12;
3;USA;Montana;Wheatland;Twodot;W110.073;N46.4244;12;
3;USA;Montana;Wheatland;Winnecook;W109.664;N46.4;12;
3;USA;Montana;Wibaux;Carlyle;W104.076;N46.655;12;
3;USA;Montana;Wibaux;Maus Trailer Court;W104.186;N46.9883;12;
3;USA;Montana;Wibaux;Saint Phillip;W104.146;N46.8317;12;
3;USA;Montana;Wibaux;Wibaux;W104.188;N46.985;12;
3;USA;Montana;Wibaux;Yates;W104.131;N46.9511;12;
3;USA;Montana;Yellowstone;Acton;W108.681;N45.9306;12;
3;USA;Montana;Yellowstone;Anita;W108.022;N45.9442;12;
3;USA;Montana;Yellowstone;Ballantine;W108.145;N45.9489;12;
3;USA;Montana;Yellowstone;Baseline;W108.703;N45.7839;12;
3;USA;Montana;Yellowstone;Billings;W108.501;N45.7833;12;
3;USA;Montana;Yellowstone;Broadview;W108.877;N46.0978;12;
3;USA;Montana;Yellowstone;Bull Mountain;W107.858;N46.0225;12;
3;USA;Montana;Yellowstone;Cameron Park;W108.582;N45.7997;12;
3;USA;Montana;Yellowstone;Cline;W108.409;N45.8822;12;
3;USA;Montana;Yellowstone;Comanche;W108.774;N45.9978;12;
3;USA;Montana;Yellowstone;Custer;W107.555;N46.1292;12;
3;USA;Montana;Yellowstone;Fee;W107.679;N46.0878;12;
3;USA;Montana;Yellowstone;Hesper;W108.71;N45.7419;12;
3;USA;Montana;Yellowstone;Hirsch;W108.414;N45.8178;12;
3;USA;Montana;Yellowstone;Huntley;W108.301;N45.8994;12;
3;USA;Montana;Yellowstone;Indian Arrow;W108.175;N45.7836;12;
3;USA;Montana;Yellowstone;Knox;W108.198;N45.9439;12;
3;USA;Montana;Yellowstone;Laurel;W108.772;N45.6692;12;
3;USA;Montana;Yellowstone;Lockwood;W108.415;N45.8192;12;
3;USA;Montana;Yellowstone;Mann;W108.114;N45.9708;12;
3;USA;Montana;Yellowstone;Mossmain;W108.711;N45.6847;12;
3;USA;Montana;Yellowstone;Newton;W108.058;N45.9789;12;
3;USA;Montana;Yellowstone;Nibbe;W108.027;N45.9839;12;
3;USA;Montana;Yellowstone;Pompeys Pillar;W107.952;N45.9914;12;
3;USA;Montana;Yellowstone;Rimrock;W108.703;N45.8022;12;
3;USA;Montana;Yellowstone;Shepherd;W108.342;N45.9436;12;
3;USA;Montana;Yellowstone;Soda Springs;W108.272;N45.5656;12;
3;USA;Montana;Yellowstone;Spurling;W108.846;N45.6506;12;
3;USA;Montana;Yellowstone;Waco;W107.707;N46.0739;12;
3;USA;Montana;Yellowstone;Worden;W108.161;N45.96;12;
3;USA;Montana;Yellowstone;Yegen;W108.623;N45.7236;12;
