2;USA;North Dakota;Adams;;W102.526;N46.0556;9;
2;USA;North Dakota;Barnes;;W97.0586;N46.9444;9;
2;USA;North Dakota;Benson;;W99.4503;N48.0417;9;
2;USA;North Dakota;Billings;;W103.334;N47.0694;9;
2;USA;North Dakota;Bottineau;;W100.806;N48.8083;9;
2;USA;North Dakota;Bowman;;W103.526;N46.0694;9;
2;USA;North Dakota;Burke;;W102.534;N48.7667;9;
2;USA;North Dakota;Burleigh;;W100.461;N46.9583;9;
2;USA;North Dakota;Cass;;W97.2253;N46.9417;9;
2;USA;North Dakota;Cavalier;;W98.4753;N48.7694;9;
2;USA;North Dakota;Dickey;;W98.5003;N46.1028;9;
2;USA;North Dakota;Divide;;W103.492;N48.8139;9;
2;USA;North Dakota;Dunn;;W102.551;N47.3667;9;
2;USA;North Dakota;Eddy;;W98.8947;N47.7083;9;
2;USA;North Dakota;Emmons;;W100.217;N46.3167;9;
2;USA;North Dakota;Foster;;W98.8753;N47.45;9;
2;USA;North Dakota;Golden Valley;;W103.851;N46.9389;9;
2;USA;North Dakota;Grand Forks;;W97.4336;N47.9417;9;
2;USA;North Dakota;Grant;;W101.637;N46.3528;9;
2;USA;North Dakota;Griggs;;W98.2197;N47.4333;9;
2;USA;North Dakota;Hettinger;;W102.434;N46.4361;9;
2;USA;North Dakota;Kidder;;W99.7503;N46.9583;9;
2;USA;North Dakota;LaMoure;;W98.5669;N46.4472;9;
2;USA;North Dakota;Logan;;W99.4475;N46.4611;9;
2;USA;North Dakota;McHenry;;W100.625;N48.25;9;
2;USA;North Dakota;McIntosh;;W99.4253;N46.1083;9;
2;USA;North Dakota;McKenzie;;W103.448;N47.7083;9;
2;USA;North Dakota;McLean;;W101.301;N47.6417;9;
2;USA;North Dakota;Mercer;;W101.862;N47.35;9;
2;USA;North Dakota;Morton;;W101.262;N46.7722;9;
2;USA;North Dakota;Mountrail;;W102.331;N48.2194;9;
2;USA;North Dakota;Nelson;;W98.1836;N47.9417;9;
2;USA;North Dakota;Oliver;;W101.303;N47.1056;9;
2;USA;North Dakota;Pembina;;W97.5169;N48.7667;9;
2;USA;North Dakota;Pierce;;W100.036;N48.275;9;
2;USA;North Dakota;Ramsey;;W98.7336;N48.2333;9;
2;USA;North Dakota;Ransom;;W97.6364;N46.475;9;
2;USA;North Dakota;Renville;;W101.676;N48.7278;9;
2;USA;North Dakota;Richland;;W96.9169;N46.2889;9;
2;USA;North Dakota;Rolette;;W99.8144;N48.7833;9;
2;USA;North Dakota;Sargent;;W97.6253;N46.1;9;
2;USA;North Dakota;Sheridan;;W100.317;N47.5667;9;
2;USA;North Dakota;Sioux;;W100.9;N46.1;9;
2;USA;North Dakota;Slope;;W103.387;N46.3889;9;
2;USA;North Dakota;Stark;;W102.692;N46.8111;9;
2;USA;North Dakota;Steele;;W97.7169;N47.4361;9;
2;USA;North Dakota;Stutsman;;W99.9336;N46.9583;9;
2;USA;North Dakota;Towner;;W99.2003;N48.6833;9;
2;USA;North Dakota;Traill;;W97.1669;N47.4444;9;
2;USA;North Dakota;Walsh;;W97.6919;N48.3667;9;
2;USA;North Dakota;Ward;;W101.459;N48.2167;9;
2;USA;North Dakota;Wells;;W99.6503;N47.5972;9;
2;USA;North Dakota;Williams;;W103.434;N48.3028;9;
3;USA;North Dakota;Adams;Bucyrus;W102.788;N46.0639;12;
3;USA;North Dakota;Adams;Haynes;W102.471;N45.9742;12;
3;USA;North Dakota;Adams;Hettinger;W102.637;N46.0014;12;
3;USA;North Dakota;Adams;North Lemmon;W102.158;N45.9461;12;
3;USA;North Dakota;Adams;Petrel;W102.277;N45.9483;12;
3;USA;North Dakota;Adams;Reeder;W102.946;N46.1058;12;
3;USA;North Dakota;Barnes;Berea;W98.095;N46.9342;12;
3;USA;North Dakota;Barnes;Cuba;W97.8625;N46.8214;12;
3;USA;North Dakota;Barnes;Daily;W97.9761;N46.7175;12;
3;USA;North Dakota;Barnes;Dazey;W98.2017;N47.1906;12;
3;USA;North Dakota;Barnes;Eastedge;W97.8922;N46.6567;12;
3;USA;North Dakota;Barnes;Eckelson;W98.3331;N46.9381;12;
3;USA;North Dakota;Barnes;Fingal;W97.7903;N46.7606;12;
3;USA;North Dakota;Barnes;Hastings;W98.0944;N46.6839;12;
3;USA;North Dakota;Barnes;Kathryn;W97.9686;N46.6781;12;
3;USA;North Dakota;Barnes;Koldok;W97.7236;N46.9286;12;
3;USA;North Dakota;Barnes;Leal;W98.3172;N47.1053;12;
3;USA;North Dakota;Barnes;Litchville;W98.1942;N46.6536;12;
3;USA;North Dakota;Barnes;Lucca;W97.7197;N46.7069;12;
3;USA;North Dakota;Barnes;Nome;W97.8103;N46.6778;12;
3;USA;North Dakota;Barnes;North Valley City;W97.9967;N46.9461;12;
3;USA;North Dakota;Barnes;Oriska;W97.7889;N46.9306;12;
3;USA;North Dakota;Barnes;Peak;W97.9131;N46.9322;12;
3;USA;North Dakota;Barnes;Pillsbury;W97.7906;N47.2069;12;
3;USA;North Dakota;Barnes;Rogers;W98.1994;N47.0728;12;
3;USA;North Dakota;Barnes;Sanborn;W98.2242;N46.9422;12;
3;USA;North Dakota;Barnes;Sibley;W97.9644;N47.2172;12;
3;USA;North Dakota;Barnes;Urbana;W98.4117;N46.9344;12;
3;USA;North Dakota;Barnes;Valley City;W98.0031;N46.9233;12;
3;USA;North Dakota;Barnes;Wimbledon;W98.4597;N47.1697;12;
3;USA;North Dakota;Benson;Baker;W99.6475;N48.1606;12;
3;USA;North Dakota;Benson;Brinsmade;W99.3239;N48.1825;12;
3;USA;North Dakota;Benson;Comstock;W99.3942;N48.1508;12;
3;USA;North Dakota;Benson;Esmond;W99.7619;N48.0358;12;
3;USA;North Dakota;Benson;Fillmore;W99.8006;N48.1803;12;
3;USA;North Dakota;Benson;Flora;W99.4178;N47.9503;12;
3;USA;North Dakota;Benson;Fort Totten;W98.9928;N47.98;12;
3;USA;North Dakota;Benson;Harlow;W99.5189;N48.1636;12;
3;USA;North Dakota;Benson;Hesper;W99.6297;N47.9864;12;
3;USA;North Dakota;Benson;Isabel;W99.6533;N48.0647;12;
3;USA;North Dakota;Benson;Josephine;W99.3139;N47.9397;12;
3;USA;North Dakota;Benson;Knox;W99.6903;N48.3403;12;
3;USA;North Dakota;Benson;Lallie;W99.2158;N47.9783;12;
3;USA;North Dakota;Benson;Leeds;W99.4375;N48.2889;12;
3;USA;North Dakota;Benson;Maddock;W99.53;N47.9625;12;
3;USA;North Dakota;Benson;Minnewaukan;W99.2522;N48.0714;12;
3;USA;North Dakota;Benson;Niles;W99.3492;N48.2811;12;
3;USA;North Dakota;Benson;Oberon;W99.2039;N47.9231;12;
3;USA;North Dakota;Benson;Pleasant Lake;W99.8019;N48.3614;12;
3;USA;North Dakota;Benson;Saint Michael;W98.8719;N47.985;12;
3;USA;North Dakota;Benson;Tilden;W99.2467;N48.1558;12;
3;USA;North Dakota;Benson;Tokio;W98.8161;N47.9247;12;
3;USA;North Dakota;Benson;Warwick;W98.71;N47.855;12;
3;USA;North Dakota;Benson;York;W99.5733;N48.3128;12;
3;USA;North Dakota;Billings;Fairfield;W103.222;N47.1894;12;
3;USA;North Dakota;Billings;Fryburg;W103.303;N46.8706;12;
3;USA;North Dakota;Billings;Gorham;W103.308;N47.1486;12;
3;USA;North Dakota;Billings;Medora;W103.524;N46.9139;12;
3;USA;North Dakota;Billings;Scoria Point;W103.486;N46.9311;12;
3;USA;North Dakota;Billings;Six Mile Corner;W103.191;N46.9806;12;
3;USA;North Dakota;Billings;Sully Springs;W103.392;N46.8672;12;
3;USA;North Dakota;Bottineau;Antler;W101.282;N48.9708;12;
3;USA;North Dakota;Bottineau;Belmar;W100.328;N48.6608;12;
3;USA;North Dakota;Bottineau;Bottineau;W100.446;N48.8272;12;
3;USA;North Dakota;Bottineau;Carbury;W100.545;N48.8908;12;
3;USA;North Dakota;Bottineau;Dunning;W101.04;N48.7194;12;
3;USA;North Dakota;Bottineau;Eckman;W101.058;N48.6581;12;
3;USA;North Dakota;Bottineau;Forfar;W101.299;N48.5706;12;
3;USA;North Dakota;Bottineau;Gardena;W100.498;N48.7008;12;
3;USA;North Dakota;Bottineau;Hurd;W101.218;N48.6461;12;
3;USA;North Dakota;Bottineau;Kramer;W100.707;N48.6906;12;
3;USA;North Dakota;Bottineau;Kuroki;W101.147;N48.9311;12;
3;USA;North Dakota;Bottineau;Landa;W100.912;N48.8967;12;
3;USA;North Dakota;Bottineau;Lansford;W101.376;N48.6289;12;
3;USA;North Dakota;Bottineau;Maxbass;W101.142;N48.7217;12;
3;USA;North Dakota;Bottineau;Newburg;W100.913;N48.715;12;
3;USA;North Dakota;Bottineau;Omemee;W100.355;N48.7064;12;
3;USA;North Dakota;Bottineau;Overly;W100.15;N48.6819;12;
3;USA;North Dakota;Bottineau;Renville;W101.3;N48.7631;12;
3;USA;North Dakota;Bottineau;Roth;W100.803;N48.9078;12;
3;USA;North Dakota;Bottineau;Russell;W100.902;N48.6714;12;
3;USA;North Dakota;Bottineau;Souris;W100.682;N48.9097;12;
3;USA;North Dakota;Bottineau;Tasco;W100.255;N48.6872;12;
3;USA;North Dakota;Bottineau;Truro;W101.446;N48.6939;12;
3;USA;North Dakota;Bottineau;Westhope;W101.021;N48.9094;12;
3;USA;North Dakota;Bottineau;White;W100.624;N48.6961;12;
3;USA;North Dakota;Bottineau;Willow City;W100.294;N48.6044;12;
3;USA;North Dakota;Bowman;Bowman;W103.395;N46.1831;12;
3;USA;North Dakota;Bowman;Buffalo Springs;W103.235;N46.175;12;
3;USA;North Dakota;Bowman;Gascoyne;W103.08;N46.1183;12;
3;USA;North Dakota;Bowman;Griffin;W103.541;N46.2158;12;
3;USA;North Dakota;Bowman;Haley;W103.119;N45.9614;12;
3;USA;North Dakota;Bowman;Ives;W103.739;N46.2708;12;
3;USA;North Dakota;Bowman;Rhame;W103.656;N46.2325;12;
3;USA;North Dakota;Bowman;Scranton;W103.143;N46.1481;12;
3;USA;North Dakota;Burke;Atcoal;W102.912;N48.9014;12;
3;USA;North Dakota;Burke;Battleview;W102.793;N48.5789;12;
3;USA;North Dakota;Burke;Bowbells;W102.246;N48.8031;12;
3;USA;North Dakota;Burke;Columbus;W102.781;N48.9042;12;
3;USA;North Dakota;Burke;Coteau;W102.319;N48.7567;12;
3;USA;North Dakota;Burke;Flaxton;W102.392;N48.8986;12;
3;USA;North Dakota;Burke;Kincaid;W102.787;N48.8872;12;
3;USA;North Dakota;Burke;Larson;W102.859;N48.8897;12;
3;USA;North Dakota;Burke;Lignite;W102.563;N48.8775;12;
3;USA;North Dakota;Burke;Northgate;W102.262;N48.9908;12;
3;USA;North Dakota;Burke;Perella;W102.251;N48.9017;12;
3;USA;North Dakota;Burke;Portal;W102.55;N48.9958;12;
3;USA;North Dakota;Burke;Powers Lake;W102.648;N48.5628;12;
3;USA;North Dakota;Burke;Rival;W102.612;N48.9017;12;
3;USA;North Dakota;Burke;Sevenmile Corner;W102.546;N48.8944;12;
3;USA;North Dakota;Burke;Stampede;W102.738;N48.8872;12;
3;USA;North Dakota;Burke;Vanville;W102.373;N48.6294;12;
3;USA;North Dakota;Burke;Woburn;W102.419;N48.8286;12;
3;USA;North Dakota;Burleigh;Apple Valley;W100.598;N46.8217;12;
3;USA;North Dakota;Burleigh;Arena;W100.162;N47.1272;12;
3;USA;North Dakota;Burleigh;Arnold;W100.753;N46.9239;12;
3;USA;North Dakota;Burleigh;Baldwin;W100.749;N47.0267;12;
3;USA;North Dakota;Burleigh;Bismarck;W100.784;N46.8083;12;
3;USA;North Dakota;Burleigh;Brittin;W100.406;N46.7153;12;
3;USA;North Dakota;Burleigh;Double Ditch Indian Village;W100.901;N46.9364;12;
3;USA;North Dakota;Burleigh;Driscoll;W100.141;N46.8442;12;
3;USA;North Dakota;Burleigh;Lincoln;W100.7;N46.7625;12;
3;USA;North Dakota;Burleigh;McKenzie;W100.413;N46.8242;12;
3;USA;North Dakota;Burleigh;Menoken;W100.531;N46.8206;12;
3;USA;North Dakota;Burleigh;Midway;W100.79;N46.9842;12;
3;USA;North Dakota;Burleigh;Moffit;W100.291;N46.6772;12;
3;USA;North Dakota;Burleigh;Pierce;W100.692;N46.79;12;
3;USA;North Dakota;Burleigh;Regan;W100.528;N47.1581;12;
3;USA;North Dakota;Burleigh;Sterling;W100.291;N46.8139;12;
3;USA;North Dakota;Burleigh;Still;W100.636;N47.1606;12;
3;USA;North Dakota;Burleigh;Wing;W100.279;N47.1408;12;
3;USA;North Dakota;Burleigh;Wogansport;W100.874;N47.0347;12;
3;USA;North Dakota;Cass;Absaraka;W97.3944;N46.9781;12;
3;USA;North Dakota;Cass;Alice;W97.5558;N46.7619;12;
3;USA;North Dakota;Cass;Amenia;W97.2189;N47.005;12;
3;USA;North Dakota;Cass;Argusville;W96.9344;N47.0522;12;
3;USA;North Dakota;Cass;Arthur;W97.2181;N47.1042;12;
3;USA;North Dakota;Cass;Ayr;W97.4906;N47.0411;12;
3;USA;North Dakota;Cass;Briarwood;W96.7969;N46.7861;12;
3;USA;North Dakota;Cass;Brooktree Park;W96.8958;N47.0031;12;
3;USA;North Dakota;Cass;Buffalo;W97.5494;N46.9197;12;
3;USA;North Dakota;Cass;Casselton;W97.2111;N46.9006;12;
3;USA;North Dakota;Cass;Chaffee;W97.3525;N46.7744;12;
3;USA;North Dakota;Cass;Davenport;W97.07;N46.7142;12;
3;USA;North Dakota;Cass;Durbin;W97.1494;N46.8086;12;
3;USA;North Dakota;Cass;Embden;W97.4331;N46.8022;12;
3;USA;North Dakota;Cass;Erie Junction;W97.3844;N47.0933;12;
3;USA;North Dakota;Cass;Erie;W97.3878;N47.1153;12;
3;USA;North Dakota;Cass;Everest;W97.2211;N46.8597;12;
3;USA;North Dakota;Cass;Fargo;W96.7897;N46.8772;12;
3;USA;North Dakota;Cass;Fife;W96.9642;N46.8853;12;
3;USA;North Dakota;Cass;Frontier;W96.8331;N46.8006;12;
3;USA;North Dakota;Cass;Gardner;W96.9678;N47.1472;12;
3;USA;North Dakota;Cass;Grandin;W97.0014;N47.2369;12;
3;USA;North Dakota;Cass;Harwood;W96.8806;N46.9794;12;
3;USA;North Dakota;Cass;Hickson;W96.8103;N46.6694;12;
3;USA;North Dakota;Cass;Horace;W96.9036;N46.7589;12;
3;USA;North Dakota;Cass;Hunter;W97.2169;N47.1906;12;
3;USA;North Dakota;Cass;Kindred;W97.0169;N46.6486;12;
3;USA;North Dakota;Cass;Leonard;W97.2456;N46.6519;12;
3;USA;North Dakota;Cass;Lynchburg;W97.2628;N46.7744;12;
3;USA;North Dakota;Cass;Magnolia;W97.4294;N46.9125;12;
3;USA;North Dakota;Cass;Mapleton;W97.0525;N46.8892;12;
3;USA;North Dakota;Cass;Mason;W97.3289;N47.0736;12;
3;USA;North Dakota;Cass;Myra;W97.32;N46.8536;12;
3;USA;North Dakota;Cass;Newman;W97.0994;N46.9911;12;
3;USA;North Dakota;Cass;Nolan;W97.5572;N47.1381;12;
3;USA;North Dakota;Cass;Norman;W96.9433;N46.6589;12;
3;USA;North Dakota;Cass;North River;W96.8025;N46.9508;12;
3;USA;North Dakota;Cass;Oxbow;W96.8003;N46.67;12;
3;USA;North Dakota;Cass;Page;W97.5711;N47.1597;12;
3;USA;North Dakota;Cass;Pinkham;W96.9036;N46.9203;12;
3;USA;North Dakota;Cass;Prairie Rose;W96.8356;N46.8175;12;
3;USA;North Dakota;Cass;Prosper;W97.0197;N46.9631;12;
3;USA;North Dakota;Cass;Reiles Acres;W96.8653;N46.9231;12;
3;USA;North Dakota;Cass;Riverside;W96.9003;N46.8861;12;
3;USA;North Dakota;Cass;Saint Benedict;W96.8414;N46.7244;12;
3;USA;North Dakota;Cass;South West Fargo;W96.9003;N46.8736;12;
3;USA;North Dakota;Cass;Tower City;W97.6739;N46.9228;12;
3;USA;North Dakota;Cass;Vance;W97.2178;N47.0339;12;
3;USA;North Dakota;Cass;Walden;W97.69;N47.1747;12;
3;USA;North Dakota;Cass;Warren;W97.0103;N46.7272;12;
3;USA;North Dakota;Cass;West Fargo;W96.9003;N46.875;12;
3;USA;North Dakota;Cass;Wheatland;W97.3453;N46.9075;12;
3;USA;North Dakota;Cass;Wild Rice;W96.8094;N46.7464;12;
3;USA;North Dakota;Cass;Woods;W97.1889;N46.68;12;
3;USA;North Dakota;Cavalier;Alsen;W98.7047;N48.6306;12;
3;USA;North Dakota;Cavalier;Calio;W98.9328;N48.6311;12;
3;USA;North Dakota;Cavalier;Calvin;W98.9353;N48.8525;12;
3;USA;North Dakota;Cavalier;Clyde;W98.8989;N48.77;12;
3;USA;North Dakota;Cavalier;Dresden;W98.4811;N48.8275;12;
3;USA;North Dakota;Cavalier;Easby;W98.2533;N48.7103;12;
3;USA;North Dakota;Cavalier;Hanks Corner;W97.9497;N48.7589;12;
3;USA;North Dakota;Cavalier;Hannah;W98.6917;N48.9717;12;
3;USA;North Dakota;Cavalier;Hove Mobile Park;W98.2306;N48.5825;12;
3;USA;North Dakota;Cavalier;Langdon;W98.3681;N48.76;12;
3;USA;North Dakota;Cavalier;Loma;W98.5328;N48.6303;12;
3;USA;North Dakota;Cavalier;Maida;W98.3647;N48.9986;12;
3;USA;North Dakota;Cavalier;Milton;W98.0425;N48.6264;12;
3;USA;North Dakota;Cavalier;Mount Carmel;W98.3867;N48.935;12;
3;USA;North Dakota;Cavalier;Munich;W98.8325;N48.6692;12;
3;USA;North Dakota;Cavalier;Nekoma;W98.3703;N48.5772;12;
3;USA;North Dakota;Cavalier;Olga;W98.0378;N48.7983;12;
3;USA;North Dakota;Cavalier;Osnabrock;W98.1511;N48.6689;12;
3;USA;North Dakota;Cavalier;Sarles;W98.9958;N48.9458;12;
3;USA;North Dakota;Cavalier;Union;W97.9489;N48.5578;12;
3;USA;North Dakota;Cavalier;Vang;W98.1247;N48.9058;12;
3;USA;North Dakota;Cavalier;Wales;W98.6025;N48.8958;12;
3;USA;North Dakota;Cavalier;Weaver;W98.7244;N48.5911;12;
3;USA;North Dakota;Dickey;Boynton;W98.5553;N46.1544;12;
3;USA;North Dakota;Dickey;Clement;W98.2442;N46.1544;12;
3;USA;North Dakota;Dickey;Duane;W98.5422;N46.0722;12;
3;USA;North Dakota;Dickey;Ellendale;W98.5269;N46.0028;12;
3;USA;North Dakota;Dickey;Forbes;W98.7819;N45.9436;12;
3;USA;North Dakota;Dickey;Fullerton;W98.4269;N46.1653;12;
3;USA;North Dakota;Dickey;Glover;W98.1389;N46.2417;12;
3;USA;North Dakota;Dickey;Guelph;W98.2358;N46.0228;12;
3;USA;North Dakota;Dickey;Ludden;W98.1253;N46.0086;12;
3;USA;North Dakota;Dickey;Merricourt;W98.7625;N46.2094;12;
3;USA;North Dakota;Dickey;Monango;W98.5944;N46.1728;12;
3;USA;North Dakota;Dickey;Norway;W98.1456;N46.1389;12;
3;USA;North Dakota;Dickey;Oakes;W98.0903;N46.1386;12;
3;USA;North Dakota;Dickey;Silverleaf;W98.3808;N46.0136;12;
3;USA;North Dakota;Dickey;Wirch;W98.9439;N46.0775;12;
3;USA;North Dakota;Divide;Alkabo;W103.89;N48.8628;12;
3;USA;North Dakota;Divide;Ambrose;W103.483;N48.9539;12;
3;USA;North Dakota;Divide;Bounty;W103.181;N48.9161;12;
3;USA;North Dakota;Divide;Colgan;W103.628;N48.9483;12;
3;USA;North Dakota;Divide;Crosby;W103.295;N48.9142;12;
3;USA;North Dakota;Divide;Fortuna;W103.779;N48.91;12;
3;USA;North Dakota;Divide;Juno;W103.204;N48.8983;12;
3;USA;North Dakota;Divide;Kermit;W103.046;N48.9033;12;
3;USA;North Dakota;Divide;Noonan;W103.009;N48.8889;12;
3;USA;North Dakota;Divide;Paulson;W103.133;N48.8967;12;
3;USA;North Dakota;Divide;Stady;W103.706;N48.7206;12;
3;USA;North Dakota;Dunn;Dodge;W102.204;N47.3061;12;
3;USA;North Dakota;Dunn;Dunn Center;W102.621;N47.3536;12;
3;USA;North Dakota;Dunn;Emerson;W102.635;N47.1836;12;
3;USA;North Dakota;Dunn;Fayette;W102.944;N47.2617;12;
3;USA;North Dakota;Dunn;Halliday;W102.336;N47.3544;12;
3;USA;North Dakota;Dunn;Hirschville;W102.564;N47.0681;12;
3;USA;North Dakota;Dunn;Killdeer;W102.754;N47.3719;12;
3;USA;North Dakota;Dunn;Manning;W102.77;N47.23;12;
3;USA;North Dakota;Dunn;Marshall;W102.333;N47.1381;12;
3;USA;North Dakota;Dunn;Medicine Hole;W102.891;N47.4442;12;
3;USA;North Dakota;Dunn;New Hradec;W102.884;N46.9994;12;
3;USA;North Dakota;Dunn;Oakdale;W102.865;N47.4731;12;
3;USA;North Dakota;Dunn;Twin Buttes;W102.246;N47.5164;12;
3;USA;North Dakota;Dunn;Werner;W102.457;N47.3606;12;
3;USA;North Dakota;Eddy;Brantford;W98.9228;N47.5978;12;
3;USA;North Dakota;Eddy;Divide;W99.1247;N47.7697;12;
3;USA;North Dakota;Eddy;Dundas;W99.0294;N47.64;12;
3;USA;North Dakota;Eddy;Hamar;W98.5733;N47.8436;12;
3;USA;North Dakota;Eddy;Munster;W99.2717;N47.7203;12;
3;USA;North Dakota;Eddy;New Rockford;W99.1378;N47.68;12;
3;USA;North Dakota;Eddy;Sheyenne;W99.12;N47.8281;12;
3;USA;North Dakota;Emmons;Braddock;W100.091;N46.5644;12;
3;USA;North Dakota;Emmons;Dana;W100.234;N46.5767;12;
3;USA;North Dakota;Emmons;Grassna;W100.296;N46.0878;12;
3;USA;North Dakota;Emmons;Hague;W99.9956;N46.0286;12;
3;USA;North Dakota;Emmons;Hazelton;W100.279;N46.4847;12;
3;USA;North Dakota;Emmons;Hull;W100.125;N46.0286;12;
3;USA;North Dakota;Emmons;Kintyre;W99.9494;N46.5497;12;
3;USA;North Dakota;Emmons;Linton;W100.233;N46.2667;12;
3;USA;North Dakota;Emmons;Livona;W100.547;N46.5022;12;
3;USA;North Dakota;Emmons;Strasburg;W100.161;N46.1336;12;
3;USA;North Dakota;Emmons;Temvik;W100.258;N46.3697;12;
3;USA;North Dakota;Emmons;Westfield;W100.202;N46.0294;12;
3;USA;North Dakota;Foster;Barlow;W99.1378;N47.5697;12;
3;USA;North Dakota;Foster;Bordulac;W98.9639;N47.3878;12;
3;USA;North Dakota;Foster;Carrington;W99.1261;N47.4497;12;
3;USA;North Dakota;Foster;Glenfield;W98.5672;N47.4533;12;
3;USA;North Dakota;Foster;Grace City;W98.8053;N47.5514;12;
3;USA;North Dakota;Foster;Guptill;W99.1383;N47.5156;12;
3;USA;North Dakota;Foster;Juanita;W98.6839;N47.5022;12;
3;USA;North Dakota;Foster;Lemert;W99.2639;N47.5097;12;
3;USA;North Dakota;Foster;McHenry;W98.5914;N47.5761;12;
3;USA;North Dakota;Foster;Melville;W99.0356;N47.3347;12;
3;USA;North Dakota;Golden Valley;Alpha;W103.82;N46.6583;12;
3;USA;North Dakota;Golden Valley;Beach;W104.004;N46.9181;12;
3;USA;North Dakota;Golden Valley;Chama;W103.91;N46.9078;12;
3;USA;North Dakota;Golden Valley;De Mores;W103.743;N46.9219;12;
3;USA;North Dakota;Golden Valley;Ekre;W103.97;N46.7892;12;
3;USA;North Dakota;Golden Valley;Golva;W103.986;N46.7342;12;
3;USA;North Dakota;Golden Valley;Rider;W103.638;N46.9142;12;
3;USA;North Dakota;Golden Valley;Sentinel Butte;W103.839;N46.9183;12;
3;USA;North Dakota;Golden Valley;Thelan;W103.972;N46.8036;12;
3;USA;North Dakota;Golden Valley;Trotters;W103.918;N47.3231;12;
3;USA;North Dakota;Grand Forks;Arvilla;W97.4947;N47.9192;12;
3;USA;North Dakota;Grand Forks;Calspur;W97.0881;N47.9333;12;
3;USA;North Dakota;Grand Forks;Emerado;W97.365;N47.9189;12;
3;USA;North Dakota;Grand Forks;Forest River Colony;W97.7033;N48.1822;12;
3;USA;North Dakota;Grand Forks;Gilby;W97.4706;N48.0853;12;
3;USA;North Dakota;Grand Forks;Grand Forks;W97.0328;N47.9253;12;
3;USA;North Dakota;Grand Forks;Hannah Junction;W97.6669;N47.9253;12;
3;USA;North Dakota;Grand Forks;Holmes;W97.2967;N47.7158;12;
3;USA;North Dakota;Grand Forks;Honeyford;W97.4706;N48.0333;12;
3;USA;North Dakota;Grand Forks;Inkster;W97.6442;N48.1514;12;
3;USA;North Dakota;Grand Forks;Johnstown;W97.47;N48.1442;12;
3;USA;North Dakota;Grand Forks;Kelly;W97.2453;N47.98;12;
3;USA;North Dakota;Grand Forks;Kempton;W97.6142;N47.8189;12;
3;USA;North Dakota;Grand Forks;Larimore;W97.6267;N47.9067;12;
3;USA;North Dakota;Grand Forks;Logan Center;W97.8183;N47.8028;12;
3;USA;North Dakota;Grand Forks;Manvel;W97.1764;N48.0778;12;
3;USA;North Dakota;Grand Forks;McCanna;W97.71;N48.0058;12;
3;USA;North Dakota;Grand Forks;Mekinock;W97.3633;N48.0128;12;
3;USA;North Dakota;Grand Forks;Merrifield;W97.1094;N47.8458;12;
3;USA;North Dakota;Grand Forks;Niagara;W97.8703;N47.9964;12;
3;USA;North Dakota;Grand Forks;North Grand Forks;W97.0908;N47.9794;12;
3;USA;North Dakota;Grand Forks;Northwood;W97.5667;N47.7342;12;
3;USA;North Dakota;Grand Forks;Orr;W97.6753;N48.0933;12;
3;USA;North Dakota;Grand Forks;Powell;W97.1778;N47.9197;12;
3;USA;North Dakota;Grand Forks;Shawnee;W97.7511;N47.9553;12;
3;USA;North Dakota;Grand Forks;Thompson;W97.1097;N47.7736;12;
3;USA;North Dakota;Grant;Brisbane;W101.491;N46.3425;12;
3;USA;North Dakota;Grant;Carson;W101.565;N46.4178;12;
3;USA;North Dakota;Grant;Elgin;W101.846;N46.4039;12;
3;USA;North Dakota;Grant;Freda;W101.174;N46.3472;12;
3;USA;North Dakota;Grant;Heil;W101.7;N46.3875;12;
3;USA;North Dakota;Grant;Johnson Ford;W101.754;N46.5808;12;
3;USA;North Dakota;Grant;Lark;W101.396;N46.4531;12;
3;USA;North Dakota;Grant;Leith;W101.637;N46.3583;12;
3;USA;North Dakota;Grant;New Leipzig;W101.94;N46.3761;12;
3;USA;North Dakota;Grant;Raleigh;W101.306;N46.3578;12;
3;USA;North Dakota;Grant;Saint Gertrude;W101.329;N46.2844;12;
3;USA;North Dakota;Grant;Shields;W101.126;N46.2336;12;
3;USA;North Dakota;Griggs;Binford;W98.345;N47.5619;12;
3;USA;North Dakota;Griggs;Cooperstown;W98.1239;N47.4444;12;
3;USA;North Dakota;Griggs;Hannaford;W98.1864;N47.3133;12;
3;USA;North Dakota;Griggs;Jessie;W98.2381;N47.5422;12;
3;USA;North Dakota;Griggs;Karnak;W98.0642;N47.2808;12;
3;USA;North Dakota;Griggs;Mose;W98.4547;N47.5786;12;
3;USA;North Dakota;Griggs;Revere;W98.3286;N47.3556;12;
3;USA;North Dakota;Griggs;Shepard;W98.1319;N47.3897;12;
3;USA;North Dakota;Griggs;Sutton;W98.4392;N47.4019;12;
3;USA;North Dakota;Griggs;Walum;W98.1944;N47.2697;12;
3;USA;North Dakota;Hettinger;Bentley;W102.064;N46.3292;12;
3;USA;North Dakota;Hettinger;Burt;W102.155;N46.3653;12;
3;USA;North Dakota;Hettinger;Havelock;W102.744;N46.4747;12;
3;USA;North Dakota;Hettinger;Mott;W102.327;N46.3725;12;
3;USA;North Dakota;Hettinger;New England;W102.868;N46.5392;12;
3;USA;North Dakota;Hettinger;Regent;W102.556;N46.4217;12;
3;USA;North Dakota;Hettinger;Watrous;W102.193;N46.3258;12;
3;USA;North Dakota;Kidder;Crystal Springs;W99.4756;N46.8783;12;
3;USA;North Dakota;Kidder;Dawson;W99.7514;N46.8686;12;
3;USA;North Dakota;Kidder;Ladoga;W99.5628;N46.8761;12;
3;USA;North Dakota;Kidder;Lake Williams;W99.6144;N47.1347;12;
3;USA;North Dakota;Kidder;Pettibone;W99.5194;N47.1192;12;
3;USA;North Dakota;Kidder;Robinson;W99.7811;N47.1428;12;
3;USA;North Dakota;Kidder;Steele;W99.9158;N46.8547;12;
3;USA;North Dakota;Kidder;Tappen;W99.6364;N46.875;12;
3;USA;North Dakota;Kidder;Tuttle;W99.9944;N47.1436;12;
3;USA;North Dakota;LaMoure;Adrian;W98.5533;N46.6;12;
3;USA;North Dakota;LaMoure;Alfred;W98.9992;N46.6031;12;
3;USA;North Dakota;LaMoure;Benson Corner;W98.2014;N46.4858;12;
3;USA;North Dakota;LaMoure;Berlin;W98.4897;N46.3786;12;
3;USA;North Dakota;LaMoure;Deisem;W98.7897;N46.4425;12;
3;USA;North Dakota;LaMoure;Dickey;W98.4678;N46.5369;12;
3;USA;North Dakota;LaMoure;Edgeley;W98.7156;N46.3592;12;
3;USA;North Dakota;LaMoure;Grand Rapids;W98.3706;N46.4444;12;
3;USA;North Dakota;LaMoure;Independence;W98.1939;N46.3411;12;
3;USA;North Dakota;LaMoure;Jud;W98.8956;N46.5261;12;
3;USA;North Dakota;LaMoure;Kulm;W98.9481;N46.3019;12;
3;USA;North Dakota;LaMoure;LaMoure;W98.2944;N46.3572;12;
3;USA;North Dakota;LaMoure;Marion;W98.3322;N46.6072;12;
3;USA;North Dakota;LaMoure;Medberry;W98.6208;N46.3758;12;
3;USA;North Dakota;LaMoure;Nortonville;W98.7386;N46.5583;12;
3;USA;North Dakota;LaMoure;Verona;W98.0722;N46.3639;12;
3;USA;North Dakota;Logan;Burnstad;W99.6325;N46.3856;12;
3;USA;North Dakota;Logan;Fredonia;W99.0956;N46.3289;12;
3;USA;North Dakota;Logan;Gackle;W99.1419;N46.6258;12;
3;USA;North Dakota;Logan;Guyson;W99.2053;N46.2975;12;
3;USA;North Dakota;Logan;Napoleon;W99.7711;N46.5083;12;
3;USA;North Dakota;Logan;Peters;W99.7072;N46.3839;12;
3;USA;North Dakota;McHenry;Anamoose;W100.241;N47.8825;12;
3;USA;North Dakota;McHenry;Balfour;W100.535;N47.9517;12;
3;USA;North Dakota;McHenry;Bantry;W100.61;N48.4983;12;
3;USA;North Dakota;McHenry;Bergen;W100.715;N48.0017;12;
3;USA;North Dakota;McHenry;Berwick;W100.246;N48.3611;12;
3;USA;North Dakota;McHenry;Cole Ford;W100.463;N48.5292;12;
3;USA;North Dakota;McHenry;Deering;W101.052;N48.3956;12;
3;USA;North Dakota;McHenry;Denbigh;W100.587;N48.3153;12;
3;USA;North Dakota;McHenry;Drake;W100.372;N47.9242;12;
3;USA;North Dakota;McHenry;Funston;W100.263;N47.9958;12;
3;USA;North Dakota;McHenry;Genoa;W100.994;N48.1936;12;
3;USA;North Dakota;McHenry;Granville;W100.843;N48.2678;12;
3;USA;North Dakota;McHenry;Guthrie;W100.377;N48.0011;12;
3;USA;North Dakota;McHenry;Karlsruhe;W100.621;N48.09;12;
3;USA;North Dakota;McHenry;Kief;W100.511;N47.8575;12;
3;USA;North Dakota;McHenry;Kongsberg;W100.801;N47.8514;12;
3;USA;North Dakota;McHenry;Milroy;W100.534;N48.44;12;
3;USA;North Dakota;McHenry;Norwich;W100.989;N48.2464;12;
3;USA;North Dakota;McHenry;Rangeley;W100.491;N48.0428;12;
3;USA;North Dakota;McHenry;Riga;W100.707;N48.2939;12;
3;USA;North Dakota;McHenry;Rising;W100.956;N48.3361;12;
3;USA;North Dakota;McHenry;Simcoe;W100.867;N48.1564;12;
3;USA;North Dakota;McHenry;Towner;W100.405;N48.3458;12;
3;USA;North Dakota;McHenry;Upham;W100.728;N48.5817;12;
3;USA;North Dakota;McHenry;Velva;W100.929;N48.0561;12;
3;USA;North Dakota;McHenry;Verendrye;W100.739;N48.1211;12;
3;USA;North Dakota;McHenry;Voltaire;W100.842;N48.0206;12;
3;USA;North Dakota;McIntosh;Ashley;W99.3714;N46.0342;12;
3;USA;North Dakota;McIntosh;Danzig;W99.4747;N46.1381;12;
3;USA;North Dakota;McIntosh;Lehr;W99.3522;N46.2797;12;
3;USA;North Dakota;McIntosh;Lowell;W99.38;N45.9419;12;
3;USA;North Dakota;McIntosh;Venturia;W99.5461;N45.9986;12;
3;USA;North Dakota;McIntosh;Wishek;W99.5569;N46.2569;12;
3;USA;North Dakota;McIntosh;Zeeland;W99.8306;N45.97;12;
3;USA;North Dakota;McKenzie;Alexander;W103.643;N47.8431;12;
3;USA;North Dakota;McKenzie;Arnegard;W103.441;N47.8078;12;
3;USA;North Dakota;McKenzie;Banks;W103.195;N48.0386;12;
3;USA;North Dakota;McKenzie;Cartwright;W103.926;N47.8597;12;
3;USA;North Dakota;McKenzie;Charbonneau;W103.763;N47.8533;12;
3;USA;North Dakota;McKenzie;Charlson;W102.871;N48.0603;12;
3;USA;North Dakota;McKenzie;Croff;W102.941;N47.7472;12;
3;USA;North Dakota;McKenzie;Dore;W104.031;N47.9206;12;
3;USA;North Dakota;McKenzie;East Fairview;W104.04;N47.8533;12;
3;USA;North Dakota;McKenzie;Grassy Butte;W103.248;N47.3925;12;
3;USA;North Dakota;McKenzie;Harding;W104.015;N47.8533;12;
3;USA;North Dakota;McKenzie;Hawkeye;W102.878;N47.9975;12;
3;USA;North Dakota;McKenzie;Johnsons Corner;W102.942;N47.8042;12;
3;USA;North Dakota;McKenzie;Keene;W102.942;N47.9269;12;
3;USA;North Dakota;McKenzie;Mandaree;W102.676;N47.7292;12;
3;USA;North Dakota;McKenzie;Rawson;W103.541;N47.8194;12;
3;USA;North Dakota;McKenzie;Schafer;W103.187;N47.7994;12;
3;USA;North Dakota;McKenzie;Skaar;W104.04;N47.3733;12;
3;USA;North Dakota;McKenzie;Spotted Horn;W102.707;N47.7133;12;
3;USA;North Dakota;McKenzie;Squaw Gap;W103.927;N47.4889;12;
3;USA;North Dakota;McKenzie;Watford City;W103.283;N47.8022;12;
3;USA;North Dakota;McLean;Benedict;W101.082;N47.8303;12;
3;USA;North Dakota;McLean;Butte;W100.666;N47.8381;12;
3;USA;North Dakota;McLean;Coleharbor;W101.224;N47.5442;12;
3;USA;North Dakota;McLean;Emmet;W101.654;N47.6464;12;
3;USA;North Dakota;McLean;Falkirk;W101.095;N47.3619;12;
3;USA;North Dakota;McLean;Garrison;W101.416;N47.6522;12;
3;USA;North Dakota;McLean;Max;W101.299;N47.8211;12;
3;USA;North Dakota;McLean;Mercer;W100.711;N47.4906;12;
3;USA;North Dakota;McLean;Merida;W100.929;N47.2428;12;
3;USA;North Dakota;McLean;Raub;W102.043;N47.7464;12;
3;USA;North Dakota;McLean;Riverdale Junction;W101.175;N47.4989;12;
3;USA;North Dakota;McLean;Riverdale;W101.371;N47.4975;12;
3;USA;North Dakota;McLean;Roseglen;W101.836;N47.7514;12;
3;USA;North Dakota;McLean;Ruso;W100.934;N47.8383;12;
3;USA;North Dakota;McLean;Turtle Lake;W100.89;N47.52;12;
3;USA;North Dakota;McLean;Underwood;W101.137;N47.4564;12;
3;USA;North Dakota;McLean;Washburn;W101.029;N47.2892;12;
3;USA;North Dakota;McLean;White Shield;W101.845;N47.6614;12;
3;USA;North Dakota;McLean;Wilton;W100.783;N47.1586;12;
3;USA;North Dakota;Mercer;Beulah;W101.778;N47.2633;12;
3;USA;North Dakota;Mercer;Golden Valley;W102.065;N47.2908;12;
3;USA;North Dakota;Mercer;Hazen;W101.623;N47.2944;12;
3;USA;North Dakota;Mercer;Pick City;W101.454;N47.5114;12;
3;USA;North Dakota;Mercer;Stanton;W101.382;N47.3211;12;
3;USA;North Dakota;Mercer;Truax;W101.647;N47.3583;12;
3;USA;North Dakota;Mercer;Zap;W101.923;N47.2864;12;
3;USA;North Dakota;Morton;Almont;W101.503;N46.7253;12;
3;USA;North Dakota;Morton;Bluegrass;W101.582;N46.9492;12;
3;USA;North Dakota;Morton;Breien;W100.942;N46.38;12;
3;USA;North Dakota;Morton;Dengate;W101.636;N46.8456;12;
3;USA;North Dakota;Morton;Eagle Nest;W101.924;N46.8525;12;
3;USA;North Dakota;Morton;Fallon;W101.091;N46.5122;12;
3;USA;North Dakota;Morton;Flasher;W101.233;N46.4561;12;
3;USA;North Dakota;Morton;Fort Rice;W100.584;N46.5261;12;
3;USA;North Dakota;Morton;Glen Ullin;W101.83;N46.815;12;
3;USA;North Dakota;Morton;Harmon;W100.953;N46.9517;12;
3;USA;North Dakota;Morton;Hebron;W102.046;N46.9006;12;
3;USA;North Dakota;Morton;Huff;W100.652;N46.6239;12;
3;USA;North Dakota;Morton;Judson;W101.279;N46.8264;12;
3;USA;North Dakota;Morton;Lynwood;W100.907;N46.6667;12;
3;USA;North Dakota;Morton;Lyons;W101.053;N46.8111;12;
3;USA;North Dakota;Morton;Mandan;W100.889;N46.8267;12;
3;USA;North Dakota;Morton;New Salem;W101.411;N46.845;12;
3;USA;North Dakota;Morton;North Almont;W101.51;N46.8397;12;
3;USA;North Dakota;Morton;Rock Haven;W100.889;N46.8733;12;
3;USA;North Dakota;Morton;Saint Anthony;W100.913;N46.6169;12;
3;USA;North Dakota;Morton;Schmidt;W100.782;N46.6736;12;
3;USA;North Dakota;Morton;Sims;W101.499;N46.7722;12;
3;USA;North Dakota;Morton;Sunny;W100.957;N46.8294;12;
3;USA;North Dakota;Morton;Sweet Briar;W101.155;N46.8244;12;
3;USA;North Dakota;Morton;Timmer;W101.018;N46.3714;12;
3;USA;North Dakota;Morton;Youngtown;W101.408;N46.9425;12;
3;USA;North Dakota;Mountrail;Belden;W102.358;N48.1514;12;
3;USA;North Dakota;Mountrail;Blaisdell;W102.077;N48.3361;12;
3;USA;North Dakota;Mountrail;Coulee;W102.012;N48.5453;12;
3;USA;North Dakota;Mountrail;Epworth;W102.224;N48.1161;12;
3;USA;North Dakota;Mountrail;Lostwood;W102.424;N48.4756;12;
3;USA;North Dakota;Mountrail;Lunds Valley;W102.543;N48.5078;12;
3;USA;North Dakota;Mountrail;Manitou;W102.637;N48.3311;12;
3;USA;North Dakota;Mountrail;New Town;W102.49;N47.9808;12;
3;USA;North Dakota;Mountrail;Palermo;W102.229;N48.3397;12;
3;USA;North Dakota;Mountrail;Parshall;W102.135;N47.9533;12;
3;USA;North Dakota;Mountrail;Plaza;W101.961;N48.0258;12;
3;USA;North Dakota;Mountrail;Prairie Junction;W101.903;N47.9914;12;
3;USA;North Dakota;Mountrail;Ross;W102.547;N48.3111;12;
3;USA;North Dakota;Mountrail;Sanish;W102.546;N47.9739;12;
3;USA;North Dakota;Mountrail;Stanley;W102.391;N48.3172;12;
3;USA;North Dakota;Mountrail;Tagus;W101.934;N48.3464;12;
3;USA;North Dakota;Mountrail;Wabek;W101.957;N47.9719;12;
3;USA;North Dakota;Mountrail;Wassaic;W102.378;N48.4061;12;
3;USA;North Dakota;Mountrail;White Earth;W102.773;N48.3806;12;
3;USA;North Dakota;Nelson;Aneta;W97.9881;N47.6794;12;
3;USA;North Dakota;Nelson;Dahlen;W97.9294;N48.1581;12;
3;USA;North Dakota;Nelson;Kloten;W98.0753;N47.7161;12;
3;USA;North Dakota;Nelson;Lakota;W98.3361;N48.0428;12;
3;USA;North Dakota;Nelson;Mapes;W98.2272;N48.0311;12;
3;USA;North Dakota;Nelson;McVille;W98.1772;N47.7639;12;
3;USA;North Dakota;Nelson;Michigan;W98.1169;N48.025;12;
3;USA;North Dakota;Nelson;Pekin;W98.3281;N47.7908;12;
3;USA;North Dakota;Nelson;Pelto;W98.2278;N48.1586;12;
3;USA;North Dakota;Nelson;Petersburg;W98.0014;N48.0111;12;
3;USA;North Dakota;Nelson;Tolna;W98.44;N47.8272;12;
3;USA;North Dakota;Nelson;Whitman;W98.1197;N48.1586;12;
3;USA;North Dakota;Oliver;Center;W101.3;N47.1164;12;
3;USA;North Dakota;Oliver;Fort Clark;W101.252;N47.24;12;
3;USA;North Dakota;Oliver;Hannover;W101.427;N47.1114;12;
3;USA;North Dakota;Oliver;Hensler;W101.085;N47.2603;12;
3;USA;North Dakota;Oliver;Otter Creek;W101.555;N47.0492;12;
3;USA;North Dakota;Oliver;Price;W100.941;N47.0858;12;
3;USA;North Dakota;Oliver;Sanger;W100.996;N47.1797;12;
3;USA;North Dakota;Pembina;Akra;W97.7269;N48.7753;12;
3;USA;North Dakota;Pembina;Backoo;W97.7103;N48.8367;12;
3;USA;North Dakota;Pembina;Bathgate;W97.4761;N48.8772;12;
3;USA;North Dakota;Pembina;Bowesmont;W97.1781;N48.69;12;
3;USA;North Dakota;Pembina;Cavalier;W97.6222;N48.7939;12;
3;USA;North Dakota;Pembina;Concrete;W97.9344;N48.7456;12;
3;USA;North Dakota;Pembina;Crystal;W97.6694;N48.5969;12;
3;USA;North Dakota;Pembina;Drayton;W97.1778;N48.5711;12;
3;USA;North Dakota;Pembina;Fleece;W97.2067;N48.7603;12;
3;USA;North Dakota;Pembina;Gardar;W97.8739;N48.5892;12;
3;USA;North Dakota;Pembina;Glasston;W97.4475;N48.7058;12;
3;USA;North Dakota;Pembina;Hallson;W97.8178;N48.7639;12;
3;USA;North Dakota;Pembina;Hamilton;W97.4528;N48.8086;12;
3;USA;North Dakota;Pembina;Hensel;W97.6664;N48.6883;12;
3;USA;North Dakota;Pembina;Joliette;W97.2275;N48.8181;12;
3;USA;North Dakota;Pembina;Leroy;W97.7525;N48.9233;12;
3;USA;North Dakota;Pembina;Leyden;W97.8108;N48.8767;12;
3;USA;North Dakota;Pembina;McArthur;W97.2278;N48.8764;12;
3;USA;North Dakota;Pembina;Mountain;W97.865;N48.6878;12;
3;USA;North Dakota;Pembina;Neche;W97.5547;N48.9861;12;
3;USA;North Dakota;Pembina;Pembina;W97.2436;N48.9664;12;
3;USA;North Dakota;Pembina;Pittsburgh;W97.1781;N48.6294;12;
3;USA;North Dakota;Pembina;Saint Thomas;W97.4464;N48.6192;12;
3;USA;North Dakota;Pembina;Svold;W97.7967;N48.8078;12;
3;USA;North Dakota;Pembina;Walhalla;W97.9181;N48.9233;12;
3;USA;North Dakota;Pierce;Aylmer;W100.193;N47.9342;12;
3;USA;North Dakota;Pierce;Balta;W100.037;N48.1667;12;
3;USA;North Dakota;Pierce;Barton;W100.176;N48.5069;12;
3;USA;North Dakota;Pierce;Clifton;W100.034;N47.8911;12;
3;USA;North Dakota;Pierce;Leverich;W100.089;N48.4353;12;
3;USA;North Dakota;Pierce;Orrin;W100.163;N48.0914;12;
3;USA;North Dakota;Pierce;Rugby;W99.9961;N48.3689;12;
3;USA;North Dakota;Pierce;Selz;W99.8917;N47.8572;12;
3;USA;North Dakota;Pierce;Silva;W99.9183;N48.1689;12;
3;USA;North Dakota;Pierce;Tunbridge;W100.106;N48.3658;12;
3;USA;North Dakota;Pierce;Wolford;W99.7044;N48.4986;12;
3;USA;North Dakota;Ramsey;Bartlett;W98.4322;N48.0447;12;
3;USA;North Dakota;Ramsey;Brocket;W98.3569;N48.2131;12;
3;USA;North Dakota;Ramsey;Camp Grafton;W98.9208;N48.0569;12;
3;USA;North Dakota;Ramsey;Churchs Ferry;W99.19;N48.2692;12;
3;USA;North Dakota;Ramsey;Crary;W98.6383;N48.0708;12;
3;USA;North Dakota;Ramsey;Darby;W98.9675;N48.1536;12;
3;USA;North Dakota;Ramsey;Derrick;W98.5575;N48.4769;12;
3;USA;North Dakota;Ramsey;Devils Lake;W98.865;N48.1128;12;
3;USA;North Dakota;Ramsey;Doyon;W98.5367;N48.0528;12;
3;USA;North Dakota;Ramsey;Edmore;W98.4542;N48.4133;12;
3;USA;North Dakota;Ramsey;Essex;W98.7458;N48.1225;12;
3;USA;North Dakota;Ramsey;Garske;W98.8772;N48.3578;12;
3;USA;North Dakota;Ramsey;Grand Harbor;W98.9842;N48.1697;12;
3;USA;North Dakota;Ramsey;Hampden;W98.6542;N48.5403;12;
3;USA;North Dakota;Ramsey;Keith;W98.7525;N48.0933;12;
3;USA;North Dakota;Ramsey;Lakewood Park;W98.9294;N48.0717;12;
3;USA;North Dakota;Ramsey;Lawton;W98.3692;N48.3028;12;
3;USA;North Dakota;Ramsey;Penn;W99.0889;N48.2217;12;
3;USA;North Dakota;Ramsey;Ramsey;W99.0883;N48.1583;12;
3;USA;North Dakota;Ramsey;Rohrville;W98.66;N48.1425;12;
3;USA;North Dakota;Ramsey;Saint Joe;W98.9272;N48.5136;12;
3;USA;North Dakota;Ramsey;Southam;W98.5519;N48.1583;12;
3;USA;North Dakota;Ramsey;Starkweather;W98.8836;N48.4519;12;
3;USA;North Dakota;Ramsey;Sweetwater;W98.8711;N48.2158;12;
3;USA;North Dakota;Ramsey;Webster;W98.8761;N48.2822;12;
3;USA;North Dakota;Ransom;Anselm;W97.4956;N46.5286;12;
3;USA;North Dakota;Ransom;Buttzville;W97.6297;N46.5081;12;
3;USA;North Dakota;Ransom;Coburn;W97.3711;N46.6178;12;
3;USA;North Dakota;Ransom;Elliott;W97.8147;N46.4022;12;
3;USA;North Dakota;Ransom;Enderlin;W97.6014;N46.6231;12;
3;USA;North Dakota;Ransom;Englevale;W97.9133;N46.3928;12;
3;USA;North Dakota;Ransom;Fort Ransom;W97.9261;N46.5208;12;
3;USA;North Dakota;Ransom;Lisbon;W97.6811;N46.4417;12;
3;USA;North Dakota;Ransom;McLeod;W97.2994;N46.3936;12;
3;USA;North Dakota;Ransom;Sheldon;W97.4911;N46.5858;12;
3;USA;North Dakota;Ransom;Venlo;W97.4461;N46.4864;12;
3;USA;North Dakota;Renville;Chola;W101.491;N48.6222;12;
3;USA;North Dakota;Renville;Glenburn;W101.221;N48.5131;12;
3;USA;North Dakota;Renville;Grano;W101.587;N48.615;12;
3;USA;North Dakota;Renville;Greene;W101.701;N48.6564;12;
3;USA;North Dakota;Renville;Loraine;W101.568;N48.8656;12;
3;USA;North Dakota;Renville;Mohall;W101.513;N48.7633;12;
3;USA;North Dakota;Renville;Norma;W101.973;N48.7289;12;
3;USA;North Dakota;Renville;Sherwood;W101.633;N48.96;12;
3;USA;North Dakota;Renville;Tolley;W101.828;N48.7289;12;
3;USA;North Dakota;Richland;Abercrombie;W96.7303;N46.4478;12;
3;USA;North Dakota;Richland;Barney;W97.0006;N46.2672;12;
3;USA;North Dakota;Richland;Barrie;W97.1225;N46.5689;12;
3;USA;North Dakota;Richland;Bayne;W96.9278;N46.1675;12;
3;USA;North Dakota;Richland;Blackmer;W96.6006;N45.9789;12;
3;USA;North Dakota;Richland;Christine;W96.8017;N46.5736;12;
3;USA;North Dakota;Richland;Colfax;W96.8744;N46.4694;12;
3;USA;North Dakota;Richland;Dwight;W96.7381;N46.3042;12;
3;USA;North Dakota;Richland;Elmore;W96.6053;N46.1958;12;
3;USA;North Dakota;Richland;Enloe;W96.7575;N46.4997;12;
3;USA;North Dakota;Richland;Fairmount;W96.6022;N46.055;12;
3;USA;North Dakota;Richland;Fairview Junction;W96.8239;N46.2683;12;
3;USA;North Dakota;Richland;Farmington;W96.7514;N46.2678;12;
3;USA;North Dakota;Richland;Galchutt;W96.8094;N46.3875;12;
3;USA;North Dakota;Richland;Great Bend;W96.8019;N46.1539;12;
3;USA;North Dakota;Richland;Hankinson;W96.9017;N46.0697;12;
3;USA;North Dakota;Richland;La Mars;W96.6903;N45.9647;12;
3;USA;North Dakota;Richland;Lidgerwood;W97.1517;N46.0756;12;
3;USA;North Dakota;Richland;Lithia;W96.8133;N46.6161;12;
3;USA;North Dakota;Richland;Mantador;W96.9772;N46.1653;12;
3;USA;North Dakota;Richland;Mooreton;W96.8761;N46.2686;12;
3;USA;North Dakota;Richland;Moselle;W97.0833;N46.2319;12;
3;USA;North Dakota;Richland;Oswald;W96.7281;N46.0589;12;
3;USA;North Dakota;Richland;Pitcairn;W96.8425;N46.4278;12;
3;USA;North Dakota;Richland;Power;W97.2381;N46.5556;12;
3;USA;North Dakota;Richland;Sonora;W96.7414;N46.0667;12;
3;USA;North Dakota;Richland;Stiles;W97.0525;N46.0753;12;
3;USA;North Dakota;Richland;Tyler;W96.6053;N46.1492;12;
3;USA;North Dakota;Richland;Wahpeton;W96.6058;N46.2653;12;
3;USA;North Dakota;Richland;Walcott;W96.9367;N46.5489;12;
3;USA;North Dakota;Richland;Wyndmere;W97.1322;N46.2667;12;
3;USA;North Dakota;Rolette;Agate;W99.4933;N48.6228;12;
3;USA;North Dakota;Rolette;Belcourt;W99.745;N48.8392;12;
3;USA;North Dakota;Rolette;Dunseith;W100.061;N48.8131;12;
3;USA;North Dakota;Rolette;East Dunseith;W100.017;N48.8656;12;
3;USA;North Dakota;Rolette;Fonda;W100.019;N48.6697;12;
3;USA;North Dakota;Rolette;Kelvin;W100.051;N48.9372;12;
3;USA;North Dakota;Rolette;Mylo;W99.6189;N48.6353;12;
3;USA;North Dakota;Rolette;Nanson;W99.78;N48.5739;12;
3;USA;North Dakota;Rolette;Rolette;W99.8417;N48.6608;12;
3;USA;North Dakota;Rolette;Rolla;W99.6181;N48.8578;12;
3;USA;North Dakota;Rolette;Saint John;W99.7111;N48.9444;12;
3;USA;North Dakota;Rolette;San Haven;W100.039;N48.8347;12;
3;USA;North Dakota;Rolette;Shell Valley;W99.865;N48.7981;12;
3;USA;North Dakota;Rolette;Thorne;W99.9317;N48.7392;12;
3;USA;North Dakota;Sargent;Brampton;W97.7761;N45.9947;12;
3;USA;North Dakota;Sargent;Cayuga;W97.3842;N46.0742;12;
3;USA;North Dakota;Sargent;Cogswell;W97.7819;N46.1069;12;
3;USA;North Dakota;Sargent;Crete;W97.9628;N46.2003;12;
3;USA;North Dakota;Sargent;De Lamere;W97.335;N46.2672;12;
3;USA;North Dakota;Sargent;Forman;W97.6364;N46.1078;12;
3;USA;North Dakota;Sargent;Geneseo;W97.2786;N46.0739;12;
3;USA;North Dakota;Sargent;Gwinner;W97.6625;N46.2258;12;
3;USA;North Dakota;Sargent;Hamlin;W97.285;N46.1661;12;
3;USA;North Dakota;Sargent;Hample;W97.9778;N46.1372;12;
3;USA;North Dakota;Sargent;Havana;W97.6189;N45.9503;12;
3;USA;North Dakota;Sargent;Hoving;W97.5681;N46.2475;12;
3;USA;North Dakota;Sargent;Milnor;W97.4561;N46.2592;12;
3;USA;North Dakota;Sargent;Nicholson;W97.8681;N46.1092;12;
3;USA;North Dakota;Sargent;Rutland;W97.5089;N46.0531;12;
3;USA;North Dakota;Sargent;Stirum;W97.8064;N46.2103;12;
3;USA;North Dakota;Sargent;Straubville;W97.9;N46.0439;12;
3;USA;North Dakota;Sheridan;Denhoff;W100.259;N47.4767;12;
3;USA;North Dakota;Sheridan;Goodrich;W100.126;N47.475;12;
3;USA;North Dakota;Sheridan;Lincoln Valley;W100.304;N47.6383;12;
3;USA;North Dakota;Sheridan;Martin;W100.115;N47.8267;12;
3;USA;North Dakota;Sheridan;McClusky;W100.443;N47.4858;12;
3;USA;North Dakota;Sheridan;Pickardville;W100.579;N47.4711;12;
3;USA;North Dakota;Sioux;Cannon Ball;W100.594;N46.3894;12;
3;USA;North Dakota;Sioux;Chadwick;W101.034;N46.1597;12;
3;USA;North Dakota;Sioux;Fort Yates;W100.63;N46.0869;12;
3;USA;North Dakota;Sioux;Porcupine;W101.099;N46.2189;12;
3;USA;North Dakota;Sioux;Selfridge;W100.925;N46.0414;12;
3;USA;North Dakota;Sioux;Solen;W100.798;N46.3889;12;
3;USA;North Dakota;Slope;Amidon;W103.322;N46.4822;12;
3;USA;North Dakota;Slope;De Sart;W102.958;N46.3789;12;
3;USA;North Dakota;Slope;Marmarth;W103.921;N46.295;12;
3;USA;North Dakota;Slope;Mazda;W103.862;N46.2858;12;
3;USA;North Dakota;Slope;Mound;W103.739;N46.4025;12;
3;USA;North Dakota;Slope;Pierce;W103.071;N46.3522;12;
3;USA;North Dakota;Slope;Three V Crossing;W103.792;N46.5569;12;
3;USA;North Dakota;Slope;Walser Crossing;W103.596;N46.6192;12;
3;USA;North Dakota;Stark;Antelope;W102.203;N46.8558;12;
3;USA;North Dakota;Stark;Belfield;W103.2;N46.8853;12;
3;USA;North Dakota;Stark;Daglum;W103.021;N46.7089;12;
3;USA;North Dakota;Stark;Dickinson;W102.79;N46.8792;12;
3;USA;North Dakota;Stark;Eland;W102.882;N46.8622;12;
3;USA;North Dakota;Stark;Gaylord;W103.189;N46.7486;12;
3;USA;North Dakota;Stark;Gladstone;W102.568;N46.8608;12;
3;USA;North Dakota;Stark;Lefor;W102.56;N46.6817;12;
3;USA;North Dakota;Stark;Lehigh;W102.695;N46.8678;12;
3;USA;North Dakota;Stark;Richardton;W102.316;N46.8839;12;
3;USA;North Dakota;Stark;Schefield;W102.855;N46.6747;12;
3;USA;North Dakota;Stark;South Heart;W102.992;N46.8647;12;
3;USA;North Dakota;Stark;Taylor;W102.425;N46.9006;12;
3;USA;North Dakota;Stark;Zenith;W103.097;N46.8794;12;
3;USA;North Dakota;Steele;Blabon;W97.7889;N47.4017;12;
3;USA;North Dakota;Steele;Colgate;W97.6564;N47.2447;12;
3;USA;North Dakota;Steele;Finley;W97.8358;N47.5142;12;
3;USA;North Dakota;Steele;Hope;W97.7222;N47.3222;12;
3;USA;North Dakota;Steele;Luverne;W97.9347;N47.2511;12;
3;USA;North Dakota;Steele;Pickert;W97.815;N47.4417;12;
3;USA;North Dakota;Steele;Sharon;W97.8939;N47.5972;12;
3;USA;North Dakota;Steele;Sherbrooke;W97.7194;N47.4608;12;
3;USA;North Dakota;Stutsman;Bloom;W98.6128;N46.9164;12;
3;USA;North Dakota;Stutsman;Buchanan;W98.8289;N47.0625;12;
3;USA;North Dakota;Stutsman;Clementsville;W98.4931;N47.0378;12;
3;USA;North Dakota;Stutsman;Cleveland;W99.1178;N46.8917;12;
3;USA;North Dakota;Stutsman;Courtenay;W98.5664;N47.2222;12;
3;USA;North Dakota;Stutsman;Durupt;W98.47;N47.0953;12;
3;USA;North Dakota;Stutsman;Edmunds;W98.9681;N47.2472;12;
3;USA;North Dakota;Stutsman;Eldridge;W98.8517;N46.9025;12;
3;USA;North Dakota;Stutsman;Fried;W98.6578;N47.0458;12;
3;USA;North Dakota;Stutsman;Frontier Village;W98.7006;N46.8894;12;
3;USA;North Dakota;Stutsman;Goldwin;W99.2011;N47.1489;12;
3;USA;North Dakota;Stutsman;Homer;W98.6714;N46.8478;12;
3;USA;North Dakota;Stutsman;Jamestown Junction;W98.6708;N46.8633;12;
3;USA;North Dakota;Stutsman;Jamestown;W98.7083;N46.9106;12;
3;USA;North Dakota;Stutsman;Johnson;W98.5064;N46.9797;12;
3;USA;North Dakota;Stutsman;Kensal;W98.7333;N47.3008;12;
3;USA;North Dakota;Stutsman;Kloze;W98.7397;N46.8006;12;
3;USA;North Dakota;Stutsman;Medina;W99.2997;N46.8939;12;
3;USA;North Dakota;Stutsman;Millarton;W98.7594;N46.6669;12;
3;USA;North Dakota;Stutsman;Montpelier;W98.59;N46.7003;12;
3;USA;North Dakota;Stutsman;Parkhurst;W98.7506;N46.9764;12;
3;USA;North Dakota;Stutsman;Pingree;W98.9069;N47.1633;12;
3;USA;North Dakota;Stutsman;Reeves;W98.5825;N46.8631;12;
3;USA;North Dakota;Stutsman;Sharlow;W98.86;N46.68;12;
3;USA;North Dakota;Stutsman;Spiritwood Lake;W98.5731;N47.0764;12;
3;USA;North Dakota;Stutsman;Spiritwood;W98.4956;N46.9361;12;
3;USA;North Dakota;Stutsman;Streeter;W99.3539;N46.6553;12;
3;USA;North Dakota;Stutsman;Sydney;W98.7697;N46.7308;12;
3;USA;North Dakota;Stutsman;Vashti;W99.0806;N47.1889;12;
3;USA;North Dakota;Stutsman;Windsor;W99.0428;N46.8964;12;
3;USA;North Dakota;Stutsman;Woodworth;W99.3031;N47.1425;12;
3;USA;North Dakota;Stutsman;Ypsilanti;W98.5631;N46.7819;12;
3;USA;North Dakota;Towner;Amourdale;W99.3728;N48.8714;12;
3;USA;North Dakota;Towner;Arndt;W99.2353;N48.63;12;
3;USA;North Dakota;Towner;Bisbee;W99.3781;N48.6258;12;
3;USA;North Dakota;Towner;Cando;W99.2097;N48.4867;12;
3;USA;North Dakota;Towner;Considine;W99.2831;N48.5619;12;
3;USA;North Dakota;Towner;Crocus;W99.1614;N48.7089;12;
3;USA;North Dakota;Towner;Egeland;W99.0972;N48.6264;12;
3;USA;North Dakota;Towner;Hansboro;W99.3828;N48.95;12;
3;USA;North Dakota;Towner;Maza;W99.1983;N48.3936;12;
3;USA;North Dakota;Towner;Newville;W98.9872;N48.5586;12;
3;USA;North Dakota;Towner;Perth;W99.4581;N48.7164;12;
3;USA;North Dakota;Towner;Rock Lake;W99.2461;N48.7903;12;
3;USA;North Dakota;Traill;Alton;W97.0456;N47.3556;12;
3;USA;North Dakota;Traill;Blanchard;W97.2194;N47.3458;12;
3;USA;North Dakota;Traill;Buxton;W97.0972;N47.6019;12;
3;USA;North Dakota;Traill;Caledonia;W96.8856;N47.4575;12;
3;USA;North Dakota;Traill;Clifford;W97.4106;N47.3481;12;
3;USA;North Dakota;Traill;Cummings;W97.0794;N47.5147;12;
3;USA;North Dakota;Traill;Galesburg;W97.4064;N47.27;12;
3;USA;North Dakota;Traill;Greenfield;W97.2175;N47.2744;12;
3;USA;North Dakota;Traill;Hatton;W97.4533;N47.6397;12;
3;USA;North Dakota;Traill;Hillsboro;W97.0619;N47.4039;12;
3;USA;North Dakota;Traill;Kelso;W97.0294;N47.3231;12;
3;USA;North Dakota;Traill;Mayville;W97.3244;N47.4981;12;
3;USA;North Dakota;Traill;Murray;W97.2761;N47.4258;12;
3;USA;North Dakota;Traill;Portland Junction;W97.3692;N47.5614;12;
3;USA;North Dakota;Traill;Portland;W97.3703;N47.4983;12;
3;USA;North Dakota;Traill;Preston;W97.2186;N47.3122;12;
3;USA;North Dakota;Traill;Reynolds;W97.1067;N47.6722;12;
3;USA;North Dakota;Traill;Roseville;W97.3889;N47.4403;12;
3;USA;North Dakota;Traill;Taft;W97.07;N47.4564;12;
3;USA;North Dakota;Walsh;Adams;W98.0789;N48.4214;12;
3;USA;North Dakota;Walsh;Ardoch;W97.3422;N48.2072;12;
3;USA;North Dakota;Walsh;Auburn;W97.4397;N48.5069;12;
3;USA;North Dakota;Walsh;Cashel;W97.2986;N48.4847;12;
3;USA;North Dakota;Walsh;Conway;W97.675;N48.2383;12;
3;USA;North Dakota;Walsh;Edinburg;W97.8619;N48.4967;12;
3;USA;North Dakota;Walsh;Fairdale;W98.2311;N48.4908;12;
3;USA;North Dakota;Walsh;Fordville;W97.7906;N48.2175;12;
3;USA;North Dakota;Walsh;Forest River;W97.4681;N48.2153;12;
3;USA;North Dakota;Walsh;Grafton;W97.4106;N48.4122;12;
3;USA;North Dakota;Walsh;Herrick;W97.2283;N48.5139;12;
3;USA;North Dakota;Walsh;Herriott;W97.3892;N48.3544;12;
3;USA;North Dakota;Walsh;Hoople;W97.6347;N48.5347;12;
3;USA;North Dakota;Walsh;Kellogg;W97.4272;N48.3631;12;
3;USA;North Dakota;Walsh;Kerry;W97.8042;N48.4564;12;
3;USA;North Dakota;Walsh;Lankin;W97.925;N48.3111;12;
3;USA;North Dakota;Walsh;Mandt;W97.6008;N48.4197;12;
3;USA;North Dakota;Walsh;Minto;W97.3714;N48.2917;12;
3;USA;North Dakota;Walsh;Nash;W97.5131;N48.4706;12;
3;USA;North Dakota;Walsh;Oakwood;W97.2953;N48.4269;12;
3;USA;North Dakota;Walsh;Ops;W97.5969;N48.2278;12;
3;USA;North Dakota;Walsh;Park River;W97.7411;N48.3986;12;
3;USA;North Dakota;Walsh;Pisek;W97.7092;N48.3108;12;
3;USA;North Dakota;Walsh;Pleasant Valley;W97.8644;N48.3694;12;
3;USA;North Dakota;Walsh;Poland;W97.2183;N48.1978;12;
3;USA;North Dakota;Walsh;Veseleyville;W97.5572;N48.3253;12;
3;USA;North Dakota;Walsh;Voss;W97.4553;N48.2964;12;
3;USA;North Dakota;Walsh;Warsaw;W97.2547;N48.2961;12;
3;USA;North Dakota;Ward;Aurelia;W101.902;N48.4667;12;
3;USA;North Dakota;Ward;Baden;W102.004;N48.5872;12;
3;USA;North Dakota;Ward;Berthold;W101.737;N48.3131;12;
3;USA;North Dakota;Ward;Burlington;W101.429;N48.2753;12;
3;USA;North Dakota;Ward;Carpio;W101.715;N48.4425;12;
3;USA;North Dakota;Ward;Des Lacs;W101.564;N48.2578;12;
3;USA;North Dakota;Ward;Donnybrook;W101.885;N48.5094;12;
3;USA;North Dakota;Ward;Douglas;W101.503;N47.8572;12;
3;USA;North Dakota;Ward;Drady;W101.426;N48.1519;12;
3;USA;North Dakota;Ward;Foxholm;W101.571;N48.3694;12;
3;USA;North Dakota;Ward;Hartland;W101.821;N48.3994;12;
3;USA;North Dakota;Ward;Hesnault;W101.558;N48.0503;12;
3;USA;North Dakota;Ward;Kenaston;W102.113;N48.6186;12;
3;USA;North Dakota;Ward;Kenmare;W102.083;N48.6747;12;
3;USA;North Dakota;Ward;Logan;W101.154;N48.1483;12;
3;USA;North Dakota;Ward;Lonetree;W101.644;N48.2825;12;
3;USA;North Dakota;Ward;Makoti;W101.805;N47.9611;12;
3;USA;North Dakota;Ward;Minot;W101.296;N48.2325;12;
3;USA;North Dakota;Ward;Nine Mile Corner;W102.088;N48.8069;12;
3;USA;North Dakota;Ward;Niobe;W102.216;N48.6889;12;
3;USA;North Dakota;Ward;Ralston;W101.476;N48.2486;12;
3;USA;North Dakota;Ward;Ruthville;W101.299;N48.3717;12;
3;USA;North Dakota;Ward;Ryder;W101.678;N47.9175;12;
3;USA;North Dakota;Ward;Sawyer;W101.054;N48.0897;12;
3;USA;North Dakota;Ward;South Prairie;W101.296;N48.0519;12;
3;USA;North Dakota;Ward;Surrey;W101.134;N48.2364;12;
3;USA;North Dakota;Ward;Wolseth;W101.124;N48.4464;12;
3;USA;North Dakota;Wells;Bowdon;W99.7078;N47.4697;12;
3;USA;North Dakota;Wells;Bremen;W99.3867;N47.7467;12;
3;USA;North Dakota;Wells;Cathay;W99.4089;N47.5533;12;
3;USA;North Dakota;Wells;Chaseley;W99.82;N47.4503;12;
3;USA;North Dakota;Wells;Dover;W99.2761;N47.4603;12;
3;USA;North Dakota;Wells;Emrick;W99.5119;N47.5947;12;
3;USA;North Dakota;Wells;Fessenden;W99.6292;N47.6492;12;
3;USA;North Dakota;Wells;Hamberg;W99.5144;N47.7631;12;
3;USA;North Dakota;Wells;Harvey;W99.9353;N47.7697;12;
3;USA;North Dakota;Wells;Heaton;W99.5478;N47.4783;12;
3;USA;North Dakota;Wells;Heimdal;W99.645;N47.7928;12;
3;USA;North Dakota;Wells;Hurdsfield;W99.9283;N47.4483;12;
3;USA;North Dakota;Wells;Manfred;W99.7481;N47.6947;12;
3;USA;North Dakota;Wells;Sykeston;W99.3994;N47.465;12;
3;USA;North Dakota;Wells;Wellsburg;W99.7614;N47.8317;12;
3;USA;North Dakota;Williams;Alamo;W103.47;N48.5817;12;
3;USA;North Dakota;Williams;Appam;W103.589;N48.57;12;
3;USA;North Dakota;Williams;Avoca;W103.524;N48.185;12;
3;USA;North Dakota;Williams;Bonetraill;W103.839;N48.4164;12;
3;USA;North Dakota;Williams;Buford;W103.991;N47.9986;12;
3;USA;North Dakota;Williams;Corinth;W103.328;N48.6125;12;
3;USA;North Dakota;Williams;Epping;W103.357;N48.2792;12;
3;USA;North Dakota;Williams;Gladys;W103.82;N48.4953;12;
3;USA;North Dakota;Williams;Grenora;W103.938;N48.6183;12;
3;USA;North Dakota;Williams;Hamlet;W103.052;N48.6286;12;
3;USA;North Dakota;Williams;Hanks;W103.803;N48.6033;12;
3;USA;North Dakota;Williams;Lake Jessie;W103.377;N48.0606;12;
3;USA;North Dakota;Williams;Lunds Landing;W103.141;N48.1658;12;
3;USA;North Dakota;Williams;Marley;W103.905;N48.025;12;
3;USA;North Dakota;Williams;Marmon;W103.656;N48.3872;12;
3;USA;North Dakota;Williams;McGregor;W102.928;N48.5953;12;
3;USA;North Dakota;Williams;Ray;W103.165;N48.3444;12;
3;USA;North Dakota;Williams;Spring Brook;W103.459;N48.2525;12;
3;USA;North Dakota;Williams;Temple;W103.056;N48.3889;12;
3;USA;North Dakota;Williams;Tioga;W102.938;N48.3972;12;
3;USA;North Dakota;Williams;Trenton;W103.837;N48.0706;12;
3;USA;North Dakota;Williams;West Bonetraill;W103.949;N48.4019;12;
3;USA;North Dakota;Williams;Wheelock;W103.252;N48.2964;12;
3;USA;North Dakota;Williams;Wildrose;W103.184;N48.6306;12;
3;USA;North Dakota;Williams;Williston;W103.618;N48.1469;12;
3;USA;North Dakota;Williams;Zahl;W103.692;N48.5733;12;
