2;USA;Nebraska;Adams;;W98.5008;N40.5333;9;
2;USA;Nebraska;Antelope;;W98.0669;N42.1667;9;
2;USA;Nebraska;Arthur;;W101.701;N41.5667;9;
2;USA;Nebraska;Banner;;W103.717;N41.55;9;
2;USA;Nebraska;Blaine;;W99.9669;N41.9167;9;
2;USA;Nebraska;Boone;;W98.0836;N41.7;9;
2;USA;Nebraska;Box Butte;;W103.084;N42.2333;9;
2;USA;Nebraska;Boyd;;W98.7836;N42.9;9;
2;USA;Nebraska;Brown;;W99.9503;N42.4333;9;
2;USA;Nebraska;Buffalo;;W99.0836;N40.85;9;
2;USA;Nebraska;Burt;;W96.3503;N41.85;9;
2;USA;Nebraska;Butler;;W97.1336;N41.2333;9;
2;USA;Nebraska;Cass;;W96.1336;N40.9167;9;
2;USA;Nebraska;Cedar;;W97.2669;N42.6;9;
2;USA;Nebraska;Chase;;W101.701;N40.5333;9;
2;USA;Nebraska;Cherry;;W101.101;N42.55;9;
2;USA;Nebraska;Cheyenne;;W103.001;N41.2167;9;
2;USA;Nebraska;Clay;;W98.0503;N40.5333;9;
2;USA;Nebraska;Colfax;;W97.0836;N41.5667;9;
2;USA;Nebraska;Cuming;;W96.7836;N41.9167;9;
2;USA;Nebraska;Custer;;W99.8836;N41.4;9;
2;USA;Nebraska;Dakota;;W96.5669;N42.4;9;
2;USA;Nebraska;Dawes;;W103.134;N42.7167;9;
2;USA;Nebraska;Dawson;;W99.8169;N40.8667;9;
2;USA;Nebraska;Deuel;;W102.334;N41.1167;9;
2;USA;Nebraska;Dixon;;W96.8169;N42.5167;9;
2;USA;Nebraska;Dodge;;W96.6336;N41.5667;9;
2;USA;Nebraska;Douglas;;W96.1669;N41.3;9;
2;USA;Nebraska;Dundy;;W101.667;N40.1667;9;
2;USA;Nebraska;Fillmore;;W97.6003;N40.5333;9;
2;USA;Nebraska;Franklin;;W98.9503;N40.1667;9;
2;USA;Nebraska;Frontier;;W100.401;N40.55;9;
2;USA;Nebraska;Furnas;;W99.9169;N40.1667;9;
2;USA;Nebraska;Gage;;W96.6836;N40.2667;9;
2;USA;Nebraska;Garden;;W102.317;N41.6333;9;
2;USA;Nebraska;Garfield;;W98.9836;N41.9167;9;
2;USA;Nebraska;Gosper;;W99.8336;N40.5333;9;
2;USA;Nebraska;Grant;;W101.751;N41.95;9;
2;USA;Nebraska;Greeley;;W98.5336;N41.5667;9;
2;USA;Nebraska;Hall;;W98.5008;N40.8667;9;
2;USA;Nebraska;Hamilton;;W97.9836;N40.8667;9;
2;USA;Nebraska;Harlan;;W99.4003;N40.1667;9;
2;USA;Nebraska;Hayes;;W101.051;N40.5333;9;
2;USA;Nebraska;Hitchcock;;W101.051;N40.1667;9;
2;USA;Nebraska;Holt;;W98.7669;N42.45;9;
2;USA;Nebraska;Hooker;;W101.151;N41.9167;9;
2;USA;Nebraska;Howard;;W98.5169;N41.2167;9;
2;USA;Nebraska;Jefferson;;W97.1503;N40.1667;9;
2;USA;Nebraska;Johnson;;W96.2669;N40.4;9;
2;USA;Nebraska;Kearney;;W98.9503;N40.5006;9;
2;USA;Nebraska;Keith;;W101.651;N41.2;9;
2;USA;Nebraska;Keya Paha;;W101.051;N40.1667;9;
2;USA;Nebraska;Kimball;;W103.717;N41.2;9;
2;USA;Nebraska;Knox;;W97.8836;N42.6333;9;
2;USA;Nebraska;Lancaster;;W96.6836;N40.7833;9;
2;USA;Nebraska;Lincoln;;W100.767;N41.05;9;
2;USA;Nebraska;Logan;;W100.484;N41.5667;9;
2;USA;Nebraska;Loup;;W99.4669;N41.9167;9;
2;USA;Nebraska;Madison;;W97.6003;N41.9167;9;
2;USA;Nebraska;McPherson;;W101.067;N41.5667;9;
2;USA;Nebraska;Merrick;;W98.0836;N41.15;9;
2;USA;Nebraska;Morrill;;W103.017;N41.7167;9;
2;USA;Nebraska;Nance;;W98.0008;N41.4;9;
2;USA;Nebraska;Nemaha;;W95.8503;N40.4;9;
2;USA;Nebraska;Nuckolls;;W98.0169;N40.1333;9;
2;USA;Nebraska;Otoe;;W96.1336;N40.6333;9;
2;USA;Nebraska;Pawnee;;W96.2336;N40.1333;9;
2;USA;Nebraska;Perkins;;W101.584;N40.8333;9;
2;USA;Nebraska;Phelps;;W99.4169;N40.5167;9;
2;USA;Nebraska;Pierce;;W97.6003;N42.2667;9;
2;USA;Nebraska;Platte;;W97.4836;N41.55;9;
2;USA;Nebraska;Polk;;W97.5336;N41.1833;9;
2;USA;Nebraska;Red Willow;;W100.484;N40.1667;9;
2;USA;Nebraska;Richardson;;W95.7003;N40.15;9;
2;USA;Nebraska;Rock;;W99.4336;N42.4333;9;
2;USA;Nebraska;Saline;;W97.1503;N40.5333;9;
2;USA;Nebraska;Sarpy;;W96.1336;N41.1;9;
2;USA;Nebraska;Saunders;;W96.6169;N41.2167;9;
2;USA;Nebraska;Scotts Bluff;;W103.701;N41.8667;9;
2;USA;Nebraska;Seward;;W97.1503;N40.8667;9;
2;USA;Nebraska;Sheridan;;W102.417;N42.5167;9;
2;USA;Nebraska;Sherman;;W98.9836;N41.2167;9;
2;USA;Nebraska;Sioux;;W103.767;N42.4667;9;
2;USA;Nebraska;Stanton;;W97.1836;N41.9167;9;
2;USA;Nebraska;Thayer;;W97.6003;N40.1667;9;
2;USA;Nebraska;Thomas;;W100.551;N41.9333;9;
2;USA;Nebraska;Thurston;;W96.5169;N42.1667;9;
2;USA;Nebraska;Valley;;W98.9836;N41.5667;9;
2;USA;Nebraska;Washington;;W96.2669;N41.55;9;
2;USA;Nebraska;Wayne;;W97.1503;N42.2;9;
2;USA;Nebraska;Webster;;W98.5008;N40.1667;9;
2;USA;Nebraska;Wheeler;;W98.5336;N41.9167;9;
2;USA;Nebraska;York;;W97.6003;N40.8667;9;
3;USA;Nebraska;Adams;Assumption;W98.5722;N40.51;12;
3;USA;Nebraska;Adams;Ayr Junction;W98.4317;N40.4578;12;
3;USA;Nebraska;Adams;Ayr;W98.4403;N40.4375;12;
3;USA;Nebraska;Adams;Blaine;W98.3336;N40.6117;12;
3;USA;Nebraska;Adams;Bonnavilla and Eastgate Mobile Home Park;W98.3883;N40.5861;12;
3;USA;Nebraska;Adams;Countryside Parks;W98.3883;N40.5861;12;
3;USA;Nebraska;Adams;Good Samaritan Village;W98.3678;N40.5789;12;
3;USA;Nebraska;Adams;Halloran;W98.2967;N40.5875;12;
3;USA;Nebraska;Adams;Hansen;W98.3703;N40.6964;12;
3;USA;Nebraska;Adams;Hastings;W98.3883;N40.5861;12;
3;USA;Nebraska;Adams;Hayland;W98.5872;N40.6647;12;
3;USA;Nebraska;Adams;Holstein;W98.6519;N40.4653;12;
3;USA;Nebraska;Adams;Ingleside;W98.4442;N40.58;12;
3;USA;Nebraska;Adams;Juniata;W98.5061;N40.59;12;
3;USA;Nebraska;Adams;Kenesaw;W98.6575;N40.6211;12;
3;USA;Nebraska;Adams;Kingswood Plaza;W98.3608;N40.5875;12;
3;USA;Nebraska;Adams;Level;W98.3033;N40.5389;12;
3;USA;Nebraska;Adams;Muriel;W98.3539;N40.51;12;
3;USA;Nebraska;Adams;Pauline;W98.3456;N40.4164;12;
3;USA;Nebraska;Adams;Prosser;W98.5767;N40.6872;12;
3;USA;Nebraska;Adams;Roseland;W98.5592;N40.4703;12;
3;USA;Nebraska;Adams;Shady Lane Trailer Court;W98.3903;N40.5728;12;
3;USA;Nebraska;Adams;Smittys Mobile Home Plaza;W98.3786;N40.5736;12;
3;USA;Nebraska;Antelope;Brunswick;W97.9706;N42.3378;12;
3;USA;Nebraska;Antelope;Clearwater;W98.1883;N42.17;12;
3;USA;Nebraska;Antelope;Elgin;W98.0836;N41.9833;12;
3;USA;Nebraska;Antelope;Neligh;W98.0297;N42.1286;12;
3;USA;Nebraska;Antelope;Oakdale;W97.9692;N42.0697;12;
3;USA;Nebraska;Antelope;Orchard;W98.2428;N42.3356;12;
3;USA;Nebraska;Antelope;Royal;W98.1258;N42.3322;12;
3;USA;Nebraska;Arthur;Arthur;W101.692;N41.5717;12;
3;USA;Nebraska;Arthur;Bucktail;W101.431;N41.565;12;
3;USA;Nebraska;Arthur;Calora;W101.448;N41.6403;12;
3;USA;Nebraska;Arthur;Lena;W101.499;N41.7011;12;
3;USA;Nebraska;Arthur;Lyons Place;W101.608;N41.5514;12;
3;USA;Nebraska;Arthur;McKeag;W101.763;N41.45;12;
3;USA;Nebraska;Arthur;Rounds Place;W101.606;N41.6011;12;
3;USA;Nebraska;Arthur;Velma;W101.942;N41.6314;12;
3;USA;Nebraska;Banner;Harrisburg;W103.739;N41.5564;12;
3;USA;Nebraska;Blaine;Brewster;W99.8647;N41.9389;12;
3;USA;Nebraska;Blaine;Dunning;W100.104;N41.8286;12;
3;USA;Nebraska;Blaine;Linscott;W100.014;N41.7428;12;
3;USA;Nebraska;Blaine;Purdum;W100.258;N42.065;12;
3;USA;Nebraska;Boone;Akron;W98.2422;N41.7414;12;
3;USA;Nebraska;Boone;Albion;W98.0036;N41.6908;12;
3;USA;Nebraska;Boone;Boone;W97.9175;N41.6264;12;
3;USA;Nebraska;Boone;Cedar Rapids;W98.1444;N41.56;12;
3;USA;Nebraska;Boone;Closter;W97.8892;N41.8869;12;
3;USA;Nebraska;Boone;Loretto;W98.0806;N41.7647;12;
3;USA;Nebraska;Boone;Petersburg;W98.0786;N41.8533;12;
3;USA;Nebraska;Boone;Primrose;W98.2381;N41.6231;12;
3;USA;Nebraska;Boone;Raeville;W98.0539;N41.8964;12;
3;USA;Nebraska;Boone;Saint Edward;W97.8658;N41.57;12;
3;USA;Nebraska;Boone;Vorhees;W97.8892;N41.6483;12;
3;USA;Nebraska;Box Butte;Alliance;W102.872;N42.1017;12;
3;USA;Nebraska;Box Butte;Berea;W102.98;N42.2142;12;
3;USA;Nebraska;Box Butte;Hemingford;W103.073;N42.3217;12;
3;USA;Nebraska;Box Butte;Letan;W102.941;N42.0147;12;
3;USA;Nebraska;Box Butte;Meadows Trailer Court;W102.872;N42.1017;12;
3;USA;Nebraska;Box Butte;Nonpareil;W103.181;N42.3722;12;
3;USA;Nebraska;Box Butte;Tower Plaza Mobile Home Park;W102.872;N42.1017;12;
3;USA;Nebraska;Box Butte;Trailerville Court;W102.872;N42.1017;12;
3;USA;Nebraska;Boyd;Anoka;W98.8308;N42.9469;12;
3;USA;Nebraska;Boyd;Bristow;W98.5847;N42.8419;12;
3;USA;Nebraska;Boyd;Butte;W98.8492;N42.9114;12;
3;USA;Nebraska;Boyd;Gross;W98.5722;N42.9458;12;
3;USA;Nebraska;Boyd;Lynch;W98.4661;N42.8303;12;
3;USA;Nebraska;Boyd;Monowi;W98.3297;N42.8286;12;
3;USA;Nebraska;Boyd;Naper;W99.0967;N42.9636;12;
3;USA;Nebraska;Boyd;Spencer;W98.7014;N42.8739;12;
3;USA;Nebraska;Brown;Ainsworth;W99.8625;N42.55;12;
3;USA;Nebraska;Brown;Johnsons Corner;W99.7403;N42.2164;12;
3;USA;Nebraska;Brown;Johnstown;W100.058;N42.5717;12;
3;USA;Nebraska;Brown;Koshopah;W100.104;N42.1011;12;
3;USA;Nebraska;Brown;Long Pine;W99.7006;N42.5364;12;
3;USA;Nebraska;Brown;Raven;W99.8658;N42.2756;12;
3;USA;Nebraska;Brown;Sandridge;W99.9494;N42.5564;12;
3;USA;Nebraska;Buffalo;Alfalfa Center;W99.1792;N40.6922;12;
3;USA;Nebraska;Buffalo;Amherst;W99.2697;N40.7689;12;
3;USA;Nebraska;Buffalo;Buda;W98.9939;N40.7142;12;
3;USA;Nebraska;Buffalo;Cornhusker Trailer Court;W99.0814;N40.6994;12;
3;USA;Nebraska;Buffalo;Cottonmill Mobile Home Court;W99.1336;N40.7;12;
3;USA;Nebraska;Buffalo;Countryside Mobile Park;W99.0814;N40.6994;12;
3;USA;Nebraska;Buffalo;Denman;W98.7244;N40.6994;12;
3;USA;Nebraska;Buffalo;East Lawn Mobile Home Estates;W99.0572;N40.7056;12;
3;USA;Nebraska;Buffalo;Elm Creek;W99.3719;N40.7194;12;
3;USA;Nebraska;Buffalo;Gibbon;W98.8447;N40.7483;12;
3;USA;Nebraska;Buffalo;Glenwood Mobile Home Park;W99.0822;N40.7444;12;
3;USA;Nebraska;Buffalo;Glenwood Park;W99.0833;N40.7497;12;
3;USA;Nebraska;Buffalo;Kearney;W99.0814;N40.6994;12;
3;USA;Nebraska;Buffalo;L and J Mobile Home Court;W98.8481;N40.7422;12;
3;USA;Nebraska;Buffalo;Miller;W99.3931;N40.9278;12;
3;USA;Nebraska;Buffalo;Odessa;W99.2567;N40.7017;12;
3;USA;Nebraska;Buffalo;Pleasanton;W99.0864;N40.9675;12;
3;USA;Nebraska;Buffalo;Poole;W98.9697;N40.9797;12;
3;USA;Nebraska;Buffalo;Prairie Center;W99.055;N40.8589;12;
3;USA;Nebraska;Buffalo;Prairie View Estates;W99.0814;N40.6994;12;
3;USA;Nebraska;Buffalo;R-Villa Courts;W99.1156;N40.7;12;
3;USA;Nebraska;Buffalo;Ravenna;W98.9125;N41.0261;12;
3;USA;Nebraska;Buffalo;Riverdale;W99.1622;N40.7844;12;
3;USA;Nebraska;Buffalo;Riverside Mobile Home Court;W99.1114;N40.6986;12;
3;USA;Nebraska;Buffalo;Saint Michael;W98.7478;N41.0236;12;
3;USA;Nebraska;Buffalo;Sartoria;W99.2139;N40.9783;12;
3;USA;Nebraska;Buffalo;Sheens Trailer Court;W99.1433;N40.6972;12;
3;USA;Nebraska;Buffalo;Shelton;W98.7308;N40.7792;12;
3;USA;Nebraska;Buffalo;Sun Valley Trailer Court;W98.8489;N40.7422;12;
3;USA;Nebraska;Buffalo;Sweetwater;W99.0075;N41.0444;12;
3;USA;Nebraska;Buffalo;Valley View Trailer Court;W99.0572;N40.7028;12;
3;USA;Nebraska;Burt;Arizona;W96.1336;N41.8144;12;
3;USA;Nebraska;Burt;Bertha;W96.3472;N41.8869;12;
3;USA;Nebraska;Burt;Craig;W96.3639;N41.7856;12;
3;USA;Nebraska;Burt;Decatur;W96.2497;N42.0075;12;
3;USA;Nebraska;Burt;Essen;W96.4883;N41.7833;12;
3;USA;Nebraska;Burt;Lyons;W96.4772;N41.9375;12;
3;USA;Nebraska;Burt;Oakland;W96.4669;N41.8358;12;
3;USA;Nebraska;Burt;Tekamah;W96.2211;N41.7783;12;
3;USA;Nebraska;Burt;Westside Mobile Home Park;W96.2211;N41.7783;12;
3;USA;Nebraska;Butler;Abie;W96.9489;N41.3342;12;
3;USA;Nebraska;Butler;Bellwood;W97.2383;N41.3428;12;
3;USA;Nebraska;Butler;Brainard;W97.0039;N41.1839;12;
3;USA;Nebraska;Butler;Bruno;W96.9586;N41.2839;12;
3;USA;Nebraska;Butler;David City;W97.13;N41.2528;12;
3;USA;Nebraska;Butler;Dwight;W97.02;N41.0836;12;
3;USA;Nebraska;Butler;Edholm;W97.0389;N41.3942;12;
3;USA;Nebraska;Butler;Garrison;W97.1672;N41.1772;12;
3;USA;Nebraska;Butler;Linwood;W96.9314;N41.4122;12;
3;USA;Nebraska;Butler;Loma;W96.9419;N41.1281;12;
3;USA;Nebraska;Butler;Millerton;W97.2147;N41.1858;12;
3;USA;Nebraska;Butler;Nimburg;W96.9472;N41.3653;12;
3;USA;Nebraska;Butler;Octavia;W97.0589;N41.3481;12;
3;USA;Nebraska;Butler;Rising City;W97.2961;N41.1994;12;
3;USA;Nebraska;Butler;Surprise;W97.3111;N41.1086;12;
3;USA;Nebraska;Butler;Ulysses;W97.2019;N41.0719;12;
3;USA;Nebraska;Cass;Accent Mobile Home Parks;W95.9072;N41.0167;12;
3;USA;Nebraska;Cass;Alvo;W96.3875;N40.8719;12;
3;USA;Nebraska;Cass;Avoca;W96.1175;N40.7961;12;
3;USA;Nebraska;Cass;Cedar Creek;W96.0994;N41.0367;12;
3;USA;Nebraska;Cass;Cullom;W96.0236;N41.0558;12;
3;USA;Nebraska;Cass;Eagle;W96.4303;N40.8167;12;
3;USA;Nebraska;Cass;Elmwood;W96.2936;N40.8417;12;
3;USA;Nebraska;Cass;Greenwood;W96.4411;N40.9628;12;
3;USA;Nebraska;Cass;Hill City Mobile Home Park;W95.9072;N41.0167;12;
3;USA;Nebraska;Cass;HiVue Mobile Home Park;W95.9072;N41.0167;12;
3;USA;Nebraska;Cass;Louisville;W96.1622;N40.9978;12;
3;USA;Nebraska;Cass;Manley;W96.1658;N40.9197;12;
3;USA;Nebraska;Cass;Murdock;W96.28;N40.9256;12;
3;USA;Nebraska;Cass;Murray;W95.9303;N40.9153;12;
3;USA;Nebraska;Cass;Mynard;W95.9239;N40.9736;12;
3;USA;Nebraska;Cass;Nehawka;W95.9917;N40.8294;12;
3;USA;Nebraska;Cass;Oreapolis;W95.9183;N41.0475;12;
3;USA;Nebraska;Cass;Plattsmouth;W95.8822;N41.0114;12;
3;USA;Nebraska;Cass;Roberts Mobile Home Court;W95.8947;N40.9861;12;
3;USA;Nebraska;Cass;South Bend;W96.2453;N41.0017;12;
3;USA;Nebraska;Cass;South Side Mobile Home Park;W95.8892;N40.9931;12;
3;USA;Nebraska;Cass;Todd;W95.9303;N40.8811;12;
3;USA;Nebraska;Cass;Union;W95.9228;N40.8133;12;
3;USA;Nebraska;Cass;Wabash;W96.2544;N40.8864;12;
3;USA;Nebraska;Cass;Weeping Water;W96.1406;N40.87;12;
3;USA;Nebraska;Cedar;Aten;W97.4408;N42.84;12;
3;USA;Nebraska;Cedar;Belden;W97.2067;N42.4131;12;
3;USA;Nebraska;Cedar;Bow Valley Mills;W97.1669;N42.7617;12;
3;USA;Nebraska;Cedar;Bow Valley;W97.2494;N42.7147;12;
3;USA;Nebraska;Cedar;Coleridge;W97.2036;N42.5061;12;
3;USA;Nebraska;Cedar;Constance;W97.4358;N42.7069;12;
3;USA;Nebraska;Cedar;Fordyce;W97.3622;N42.6986;12;
3;USA;Nebraska;Cedar;Hartington;W97.2644;N42.6225;12;
3;USA;Nebraska;Cedar;Laurel;W97.0897;N42.4294;12;
3;USA;Nebraska;Cedar;Magnet;W97.47;N42.455;12;
3;USA;Nebraska;Cedar;Menominee;W97.3744;N42.7869;12;
3;USA;Nebraska;Cedar;Obert;W97.0281;N42.6897;12;
3;USA;Nebraska;Cedar;Pleasant Valley;W97.4267;N42.6128;12;
3;USA;Nebraska;Cedar;Randolph;W97.3569;N42.3786;12;
3;USA;Nebraska;Cedar;Saint Helena;W97.2489;N42.8097;12;
3;USA;Nebraska;Cedar;Saint James;W97.1508;N42.7381;12;
3;USA;Nebraska;Cedar;South Yankton;W97.3983;N42.8494;12;
3;USA;Nebraska;Cedar;Wynot;W97.1692;N42.7403;12;
3;USA;Nebraska;Chase;Carmans Mobile Park;W101.641;N40.5125;12;
3;USA;Nebraska;Chase;Champion;W101.749;N40.4692;12;
3;USA;Nebraska;Chase;Chase;W101.821;N40.565;12;
3;USA;Nebraska;Chase;Crete;W101.855;N40.4492;12;
3;USA;Nebraska;Chase;Enders;W101.534;N40.4553;12;
3;USA;Nebraska;Chase;Imperial Capitol Mobile Court;W101.637;N40.5233;12;
3;USA;Nebraska;Chase;Imperial;W101.643;N40.5169;12;
3;USA;Nebraska;Chase;Lamar;W101.979;N40.5719;12;
3;USA;Nebraska;Chase;Wauneta;W101.371;N40.4183;12;
3;USA;Nebraska;Chase;Winters Mobile Home Park;W101.641;N40.5286;12;
3;USA;Nebraska;Cherry;Arabia;W100.373;N42.7311;12;
3;USA;Nebraska;Cherry;Bayonne;W101.978;N42.7856;12;
3;USA;Nebraska;Cherry;Brownlee;W100.626;N42.2881;12;
3;USA;Nebraska;Cherry;Cascade;W100.386;N42.1814;12;
3;USA;Nebraska;Cherry;Cody;W101.245;N42.9358;12;
3;USA;Nebraska;Cherry;Conterra;W100.629;N42.4475;12;
3;USA;Nebraska;Cherry;Crookston;W100.752;N42.9283;12;
3;USA;Nebraska;Cherry;Doughboy;W101.277;N42.6131;12;
3;USA;Nebraska;Cherry;Eli;W101.491;N42.9436;12;
3;USA;Nebraska;Cherry;Elsmere;W100.185;N42.1653;12;
3;USA;Nebraska;Cherry;Falter Place;W100.271;N42.1439;12;
3;USA;Nebraska;Cherry;Hartgraves Place;W100.268;N42.32;12;
3;USA;Nebraska;Cherry;Hire;W101.418;N42.1744;12;
3;USA;Nebraska;Cherry;Irwin;W101.955;N42.8772;12;
3;USA;Nebraska;Cherry;Kennedy;W100.817;N42.5472;12;
3;USA;Nebraska;Cherry;Kilgore;W100.956;N42.9383;12;
3;USA;Nebraska;Cherry;Leat;W101.825;N42.8958;12;
3;USA;Nebraska;Cherry;Littles Trailer Court;W100.551;N42.8728;12;
3;USA;Nebraska;Cherry;Merriman;W101.701;N42.9197;12;
3;USA;Nebraska;Cherry;Nenzel;W101.103;N42.9278;12;
3;USA;Nebraska;Cherry;Piercy Place;W100.333;N42.3489;12;
3;USA;Nebraska;Cherry;Simeon;W100.72;N42.6133;12;
3;USA;Nebraska;Cherry;Sparks;W100.256;N42.9411;12;
3;USA;Nebraska;Cherry;Sweetheart Trailer Court;W100.551;N42.8728;12;
3;USA;Nebraska;Cherry;Thatcher;W100.466;N42.8061;12;
3;USA;Nebraska;Cherry;Valentine;W100.551;N42.8728;12;
3;USA;Nebraska;Cherry;Wood Lake;W100.238;N42.6386;12;
3;USA;Nebraska;Cheyenne;Brownson;W103.113;N41.1875;12;
3;USA;Nebraska;Cheyenne;Colton;W102.857;N41.1533;12;
3;USA;Nebraska;Cheyenne;Conestoga Mobile Home Park;W102.973;N41.1444;12;
3;USA;Nebraska;Cheyenne;Dalton;W102.974;N41.4072;12;
3;USA;Nebraska;Cheyenne;Gordons Mobile Plaza;W102.988;N41.1369;12;
3;USA;Nebraska;Cheyenne;Gurley;W102.971;N41.3222;12;
3;USA;Nebraska;Cheyenne;Huntsman;W102.974;N41.2208;12;
3;USA;Nebraska;Cheyenne;Lodgepole;W102.636;N41.1497;12;
3;USA;Nebraska;Cheyenne;Lorenzo;W103.068;N41.0475;12;
3;USA;Nebraska;Cheyenne;Mount Vernon;W103.2;N41.1067;12;
3;USA;Nebraska;Cheyenne;Point of Rocks;W103.246;N41.2103;12;
3;USA;Nebraska;Cheyenne;Potter;W103.316;N41.2175;12;
3;USA;Nebraska;Cheyenne;Sidney;W102.978;N41.1428;12;
3;USA;Nebraska;Cheyenne;Sunol;W102.764;N41.1553;12;
3;USA;Nebraska;Clay;Anan;W98.1842;N40.4667;12;
3;USA;Nebraska;Clay;Clay Center;W98.0553;N40.5217;12;
3;USA;Nebraska;Clay;Deweese;W98.1386;N40.3547;12;
3;USA;Nebraska;Clay;Edgar;W97.9714;N40.3722;12;
3;USA;Nebraska;Clay;Eldorado;W97.9956;N40.6842;12;
3;USA;Nebraska;Clay;Fairfield;W98.1058;N40.4317;12;
3;USA;Nebraska;Clay;Glenvil;W98.2531;N40.5042;12;
3;USA;Nebraska;Clay;Harvard;W98.0972;N40.6189;12;
3;USA;Nebraska;Clay;Inland;W98.2225;N40.5969;12;
3;USA;Nebraska;Clay;Ong;W97.8358;N40.3986;12;
3;USA;Nebraska;Clay;Saronville;W97.9383;N40.6011;12;
3;USA;Nebraska;Clay;Sutton;W97.8592;N40.6056;12;
3;USA;Nebraska;Clay;Trumbull;W98.2733;N40.6794;12;
3;USA;Nebraska;Clay;Verona;W97.9661;N40.5536;12;
3;USA;Nebraska;Colfax;Clarkson;W97.1222;N41.7267;12;
3;USA;Nebraska;Colfax;Genes Trailer Court;W97.0628;N41.4464;12;
3;USA;Nebraska;Colfax;Heun;W97.0406;N41.63;12;
3;USA;Nebraska;Colfax;Howells;W97.0028;N41.725;12;
3;USA;Nebraska;Colfax;Leigh;W97.2381;N41.7053;12;
3;USA;Nebraska;Colfax;Lonnies Trailer Court;W97.065;N41.4531;12;
3;USA;Nebraska;Colfax;Olean;W96.9453;N41.7361;12;
3;USA;Nebraska;Colfax;Richland;W97.2125;N41.4356;12;
3;USA;Nebraska;Colfax;Rogers;W96.915;N41.4653;12;
3;USA;Nebraska;Colfax;Schuyler;W97.0594;N41.4472;12;
3;USA;Nebraska;Colfax;Sunset Acres;W97.0803;N41.4522;12;
3;USA;Nebraska;Cuming;Aloys;W96.9033;N41.8294;12;
3;USA;Nebraska;Cuming;Bancroft;W96.5728;N42.0128;12;
3;USA;Nebraska;Cuming;Beemer;W96.8117;N41.93;12;
3;USA;Nebraska;Cuming;Bismarck;W96.8669;N41.9;12;
3;USA;Nebraska;Cuming;Monterey;W96.805;N41.7928;12;
3;USA;Nebraska;Cuming;Saint Charles;W96.7489;N41.7933;12;
3;USA;Nebraska;Cuming;West Point;W96.7086;N41.8417;12;
3;USA;Nebraska;Cuming;Wisner;W96.9142;N41.9872;12;
3;USA;Nebraska;Custer;Anselmo;W99.865;N41.6186;12;
3;USA;Nebraska;Custer;Ansley;W99.3817;N41.2878;12;
3;USA;Nebraska;Custer;Arnold;W100.193;N41.4225;12;
3;USA;Nebraska;Custer;Berwyn;W99.4994;N41.3511;12;
3;USA;Nebraska;Custer;Broken Bow;W99.6392;N41.4019;12;
3;USA;Nebraska;Custer;Buckeye;W99.5683;N41.1906;12;
3;USA;Nebraska;Custer;Burr Oak;W99.5594;N41.1256;12;
3;USA;Nebraska;Custer;Callaway;W99.9225;N41.2919;12;
3;USA;Nebraska;Custer;Comstock;W99.2503;N41.5606;12;
3;USA;Nebraska;Custer;Cumro;W99.4925;N41.1053;12;
3;USA;Nebraska;Custer;Etna;W100.157;N41.1406;12;
3;USA;Nebraska;Custer;Finchville;W100.083;N41.3711;12;
3;USA;Nebraska;Custer;Gates;W99.6358;N41.6403;12;
3;USA;Nebraska;Custer;Lillian;W99.6442;N41.5897;12;
3;USA;Nebraska;Custer;Lodi;W99.8528;N41.2156;12;
3;USA;Nebraska;Custer;Mason City;W99.3003;N41.2231;12;
3;USA;Nebraska;Custer;Merna;W99.76;N41.4839;12;
3;USA;Nebraska;Custer;Milburn;W99.7311;N41.7194;12;
3;USA;Nebraska;Custer;New Helena;W99.7511;N41.6114;12;
3;USA;Nebraska;Custer;Oconto;W99.7631;N41.1411;12;
3;USA;Nebraska;Custer;Pleasant Hill;W100.078;N41.4803;12;
3;USA;Nebraska;Custer;Round Valley;W99.5194;N41.5683;12;
3;USA;Nebraska;Custer;Sargent;W99.3711;N41.6406;12;
3;USA;Nebraska;Custer;Walworth;W99.5775;N41.6528;12;
3;USA;Nebraska;Custer;Weissert;W99.4431;N41.4672;12;
3;USA;Nebraska;Custer;Wescott;W99.27;N41.5389;12;
3;USA;Nebraska;Custer;Westerville;W99.3808;N41.3961;12;
3;USA;Nebraska;Dakota;Dakota City;W96.4183;N42.4156;12;
3;USA;Nebraska;Dakota;Freeway Homes;W96.4344;N42.4472;12;
3;USA;Nebraska;Dakota;Goodwin;W96.6553;N42.4553;12;
3;USA;Nebraska;Dakota;Homer;W96.4894;N42.3217;12;
3;USA;Nebraska;Dakota;Hubbard;W96.5894;N42.3867;12;
3;USA;Nebraska;Dakota;Jackson;W96.5647;N42.4486;12;
3;USA;Nebraska;Dakota;Lake Village Trailer Court;W96.4267;N42.4458;12;
3;USA;Nebraska;Dakota;Millis Beach;W96.4483;N42.4347;12;
3;USA;Nebraska;Dakota;Nacora;W96.6608;N42.3186;12;
3;USA;Nebraska;Dakota;North Shore;W96.4417;N42.4406;12;
3;USA;Nebraska;Dakota;Shady Elm Trailer Court;W96.3975;N42.48;12;
3;USA;Nebraska;Dakota;South Sioux City;W96.4136;N42.4739;12;
3;USA;Nebraska;Dakota;Willis;W96.6289;N42.4753;12;
3;USA;Nebraska;Dawes;Belmont;W103.357;N42.5497;12;
3;USA;Nebraska;Dawes;Bordeaux;W102.814;N42.7681;12;
3;USA;Nebraska;Dawes;Chadron;W103;N42.8294;12;
3;USA;Nebraska;Dawes;Crawford;W103.413;N42.6831;12;
3;USA;Nebraska;Dawes;Dakota Junction;W103.094;N42.8597;12;
3;USA;Nebraska;Dawes;Horn;W103.444;N42.7628;12;
3;USA;Nebraska;Dawes;J and L Trailer Court;W103.07;N42.8294;12;
3;USA;Nebraska;Dawes;Marsland;W103.299;N42.4439;12;
3;USA;Nebraska;Dawes;Pine Ridge;W103.472;N42.4944;12;
3;USA;Nebraska;Dawes;Prairie Pines Retirement Community;W103.006;N42.8319;12;
3;USA;Nebraska;Dawes;Redwood Mobile Court;W103;N42.8294;12;
3;USA;Nebraska;Dawes;Wagon Wheel Trailer Court;W103.003;N42.8294;12;
3;USA;Nebraska;Dawes;Westview Mobile Park;W103.003;N42.8294;12;
3;USA;Nebraska;Dawes;Whitney;W103.256;N42.7828;12;
3;USA;Nebraska;Dawson;Area Mobile Park;W99.5375;N40.7386;12;
3;USA;Nebraska;Dawson;Buffalo;W99.8353;N40.9892;12;
3;USA;Nebraska;Dawson;Cozad;W99.9872;N40.8597;12;
3;USA;Nebraska;Dawson;Darr;W99.8836;N40.8208;12;
3;USA;Nebraska;Dawson;Donald Price Mobile Home Park;W99.7497;N40.7736;12;
3;USA;Nebraska;Dawson;Eddyville;W99.6242;N41.0114;12;
3;USA;Nebraska;Dawson;Farnam;W100.215;N40.7058;12;
3;USA;Nebraska;Dawson;Gothenburg;W100.161;N40.9294;12;
3;USA;Nebraska;Dawson;Horizon Mobile Home Park;W99.9844;N40.8533;12;
3;USA;Nebraska;Dawson;Josselyn;W99.6242;N40.7497;12;
3;USA;Nebraska;Dawson;Lexington;W99.7414;N40.7808;12;
3;USA;Nebraska;Dawson;Northside Village Mobile Home Park;W99.5375;N40.7386;12;
3;USA;Nebraska;Dawson;Overton;W99.5375;N40.7386;12;
3;USA;Nebraska;Dawson;Sumner;W99.5053;N40.95;12;
3;USA;Nebraska;Dawson;Trued;W99.4642;N40.7278;12;
3;USA;Nebraska;Dawson;Willow Island;W100.071;N40.8886;12;
3;USA;Nebraska;Deuel;Barton;W102.174;N41.0339;12;
3;USA;Nebraska;Deuel;Big Springs;W102.074;N41.0614;12;
3;USA;Nebraska;Deuel;Chappell;W102.471;N41.0928;12;
3;USA;Nebraska;Deuel;Mobile Manor Trailer Park;W102.471;N41.0928;12;
3;USA;Nebraska;Deuel;Stahr Trailer Court;W102.471;N41.0928;12;
3;USA;Nebraska;Dixon;Allen;W96.8453;N42.4164;12;
3;USA;Nebraska;Dixon;Concord;W96.9883;N42.3836;12;
3;USA;Nebraska;Dixon;Dixon;W96.9972;N42.4161;12;
3;USA;Nebraska;Dixon;Emerson;W96.7267;N42.2786;12;
3;USA;Nebraska;Dixon;Lembke Landing;W96.8017;N42.6672;12;
3;USA;Nebraska;Dixon;Lime Grove;W96.9994;N42.6636;12;
3;USA;Nebraska;Dixon;Martinsburg;W96.8308;N42.5083;12;
3;USA;Nebraska;Dixon;Maskell;W96.9825;N42.69;12;
3;USA;Nebraska;Dixon;Newcastle;W96.8736;N42.6514;12;
3;USA;Nebraska;Dixon;Ponca;W96.7056;N42.5625;12;
3;USA;Nebraska;Dixon;Saint Johns Trailer Court;W96.865;N42.2692;12;
3;USA;Nebraska;Dixon;Wakefield;W96.865;N42.2692;12;
3;USA;Nebraska;Dixon;Waterbury;W96.7347;N42.4578;12;
3;USA;Nebraska;Dodge;Ames;W96.6244;N41.4522;12;
3;USA;Nebraska;Dodge;Crowell;W96.7078;N41.7281;12;
3;USA;Nebraska;Dodge;Dodge;W96.8828;N41.7211;12;
3;USA;Nebraska;Dodge;Fremont;W96.4981;N41.4333;12;
3;USA;Nebraska;Dodge;Green Acres Mobile Home Community;W96.4703;N41.5344;12;
3;USA;Nebraska;Dodge;Hooper;W96.5481;N41.6106;12;
3;USA;Nebraska;Dodge;Inglewood;W96.5014;N41.4164;12;
3;USA;Nebraska;Dodge;Midway Trailer Court;W96.5119;N41.44;12;
3;USA;Nebraska;Dodge;Nickerson;W96.4703;N41.5344;12;
3;USA;Nebraska;Dodge;North Bend;W96.7797;N41.4619;12;
3;USA;Nebraska;Dodge;Paradise Estates;W96.4978;N41.42;12;
3;USA;Nebraska;Dodge;Regency II Mobile Home Park;W96.4994;N41.4222;12;
3;USA;Nebraska;Dodge;Scribner;W96.6658;N41.6667;12;
3;USA;Nebraska;Dodge;Snyder;W96.7886;N41.7039;12;
3;USA;Nebraska;Dodge;South Broad Trailer Court;W96.5;N41.4214;12;
3;USA;Nebraska;Dodge;Uehling;W96.505;N41.7342;12;
3;USA;Nebraska;Dodge;Webster;W96.79;N41.5972;12;
3;USA;Nebraska;Dodge;Westlake Mobile Home Park;W96.5489;N41.4519;12;
3;USA;Nebraska;Dodge;Winslow;W96.5044;N41.6092;12;
3;USA;Nebraska;Douglas;Aksarben Mobile Home Park;W96.0114;N41.2361;12;
3;USA;Nebraska;Douglas;Beechwood;W95.9425;N41.3236;12;
3;USA;Nebraska;Douglas;Bennington;W96.1578;N41.3647;12;
3;USA;Nebraska;Douglas;Boys Town;W96.1319;N41.2611;12;
3;USA;Nebraska;Douglas;Briggs;W96.0078;N41.3503;12;
3;USA;Nebraska;Douglas;C and K Mobile Home Park;W96.3503;N41.3058;12;
3;USA;Nebraska;Douglas;Caradon Mobile Home Park;W96.0197;N41.2347;12;
3;USA;Nebraska;Douglas;Coniglias Mobile Home Park;W96.0106;N41.2261;12;
3;USA;Nebraska;Douglas;Debolt;W96.0117;N41.3236;12;
3;USA;Nebraska;Douglas;East Omaha;W95.9003;N41.285;12;
3;USA;Nebraska;Douglas;Elk City;W96.2678;N41.3717;12;
3;USA;Nebraska;Douglas;Elkhorn;W96.2344;N41.2864;12;
3;USA;Nebraska;Douglas;Garden Valley Courts;W95.9383;N41.3083;12;
3;USA;Nebraska;Douglas;Green Meadows;W96.1289;N41.2789;12;
3;USA;Nebraska;Douglas;Hi Land Mobile Home Park;W96.2419;N41.2833;12;
3;USA;Nebraska;Douglas;Home Park;W95.9397;N41.3206;12;
3;USA;Nebraska;Douglas;Irvington;W96.0547;N41.3211;12;
3;USA;Nebraska;Douglas;King Lake;W96.3011;N41.3136;12;
3;USA;Nebraska;Douglas;Lake Platte View;W96.3522;N41.2444;12;
3;USA;Nebraska;Douglas;Lane;W96.1608;N41.2419;12;
3;USA;Nebraska;Douglas;Maplewood Estates;W96.1128;N41.295;12;
3;USA;Nebraska;Douglas;Mercer;W96.4258;N41.3744;12;
3;USA;Nebraska;Douglas;Millard Mobile Home Park;W96.1303;N41.2111;12;
3;USA;Nebraska;Douglas;Millard;W96.1211;N41.2083;12;
3;USA;Nebraska;Douglas;Omaha Regency;W96.1858;N41.2694;12;
3;USA;Nebraska;Douglas;Omaha;W95.9378;N41.2586;12;
3;USA;Nebraska;Douglas;Park Meadow Estates Mobile Home Community;W96.0864;N41.3244;12;
3;USA;Nebraska;Douglas;Peaceful Valley Mobile Homes;W96.0683;N41.3317;12;
3;USA;Nebraska;Douglas;Ponderosa Village Mobile Home Park;W95.9397;N41.3211;12;
3;USA;Nebraska;Douglas;Ralston;W96.0425;N41.2053;12;
3;USA;Nebraska;Douglas;Rellers Park;W96.3003;N41.3825;12;
3;USA;Nebraska;Douglas;Skyline;W96.2494;N41.2497;12;
3;USA;Nebraska;Douglas;South Omaha;W95.9625;N41.2106;12;
3;USA;Nebraska;Douglas;Town and Country Mobile Homes;W95.9744;N41.3417;12;
3;USA;Nebraska;Douglas;Valley;W96.3461;N41.3128;12;
3;USA;Nebraska;Douglas;Venice;W96.3536;N41.2339;12;
3;USA;Nebraska;Douglas;Waterloo;W96.2856;N41.2869;12;
3;USA;Nebraska;Dundy;Baney Trailer Park;W101.533;N40.0492;12;
3;USA;Nebraska;Dundy;Benkelman;W101.533;N40.0492;12;
3;USA;Nebraska;Dundy;Haigler;W101.939;N40.0139;12;
3;USA;Nebraska;Dundy;Lamont;W101.873;N40.3208;12;
3;USA;Nebraska;Dundy;Max;W101.403;N40.1139;12;
3;USA;Nebraska;Dundy;Merklin Trailer Court;W101.532;N40.0519;12;
3;USA;Nebraska;Dundy;Ough;W101.513;N40.3222;12;
3;USA;Nebraska;Dundy;Parks;W101.725;N40.0417;12;
3;USA;Nebraska;Dundy;Rainbow Fountain Park;W101.533;N40.0492;12;
3;USA;Nebraska;Dundy;Sanborn;W102.02;N40.0536;12;
3;USA;Nebraska;Fillmore;Bixby;W97.7858;N40.655;12;
3;USA;Nebraska;Fillmore;Burress;W97.5017;N40.5814;12;
3;USA;Nebraska;Fillmore;Carlisle;W97.765;N40.3506;12;
3;USA;Nebraska;Fillmore;Exeter;W97.4503;N40.6442;12;
3;USA;Nebraska;Fillmore;Fairmont;W97.5853;N40.6369;12;
3;USA;Nebraska;Fillmore;Geneva;W97.5958;N40.5269;12;
3;USA;Nebraska;Fillmore;Grafton;W97.7139;N40.6281;12;
3;USA;Nebraska;Fillmore;Martland;W97.6714;N40.4519;12;
3;USA;Nebraska;Fillmore;Milligan;W97.3875;N40.5003;12;
3;USA;Nebraska;Fillmore;Ohiowa;W97.4528;N40.4144;12;
3;USA;Nebraska;Fillmore;Shickley;W97.7225;N40.4167;12;
3;USA;Nebraska;Fillmore;Strang;W97.5869;N40.4156;12;
3;USA;Nebraska;Fillmore;Townhall;W97.4258;N40.5464;12;
3;USA;Nebraska;Franklin;Bloomington;W99.0369;N40.0942;12;
3;USA;Nebraska;Franklin;Campbell;W98.7319;N40.2983;12;
3;USA;Nebraska;Franklin;Franklin;W98.9525;N40.0961;12;
3;USA;Nebraska;Franklin;Hildreth;W99.0436;N40.3372;12;
3;USA;Nebraska;Franklin;Macon;W98.9525;N40.205;12;
3;USA;Nebraska;Franklin;Naponee;W99.1414;N40.0767;12;
3;USA;Nebraska;Franklin;Riverton;W98.7589;N40.0894;12;
3;USA;Nebraska;Franklin;Upland;W98.9011;N40.3186;12;
3;USA;Nebraska;Frontier;Curtis;W100.516;N40.63;12;
3;USA;Nebraska;Frontier;Eustis;W100.029;N40.6625;12;
3;USA;Nebraska;Frontier;Freedom;W100.369;N40.4244;12;
3;USA;Nebraska;Frontier;Maywood;W100.622;N40.6575;12;
3;USA;Nebraska;Frontier;Moorefield;W100.399;N40.69;12;
3;USA;Nebraska;Frontier;Orafino;W100.229;N40.4972;12;
3;USA;Nebraska;Frontier;Quick;W100.648;N40.4392;12;
3;USA;Nebraska;Frontier;Stockville;W100.384;N40.5328;12;
3;USA;Nebraska;Furnas;Arapahoe;W99.9003;N40.3042;12;
3;USA;Nebraska;Furnas;Beaver City;W99.8294;N40.1375;12;
3;USA;Nebraska;Furnas;Cambridge;W100.166;N40.2819;12;
3;USA;Nebraska;Furnas;Deerfield Corner;W99.8939;N40.1311;12;
3;USA;Nebraska;Furnas;Edison;W99.7769;N40.2772;12;
3;USA;Nebraska;Furnas;Hendley;W99.9697;N40.1303;12;
3;USA;Nebraska;Furnas;Holbrook;W100.01;N40.3047;12;
3;USA;Nebraska;Furnas;Hollinger;W99.7078;N40.1592;12;
3;USA;Nebraska;Furnas;Oxford;W99.6333;N40.2483;12;
3;USA;Nebraska;Furnas;Precept;W99.7331;N40.0678;12;
3;USA;Nebraska;Furnas;Roach;W103.934;N42.0222;12;
3;USA;Nebraska;Furnas;Scoville;W103.918;N42.0156;12;
3;USA;Nebraska;Furnas;Wilsonville;W100.107;N40.1119;12;
3;USA;Nebraska;Gage;Adams;W96.51;N40.4594;12;
3;USA;Nebraska;Gage;Badger;W96.5956;N40.0883;12;
3;USA;Nebraska;Gage;Barneston;W96.5769;N40.0483;12;
3;USA;Nebraska;Gage;Beatrice;W96.7469;N40.2681;12;
3;USA;Nebraska;Gage;Blue Springs;W96.6592;N40.1394;12;
3;USA;Nebraska;Gage;Clatonia;W96.8497;N40.4653;12;
3;USA;Nebraska;Gage;Cortland;W96.7058;N40.5056;12;
3;USA;Nebraska;Gage;Filley;W96.5353;N40.2861;12;
3;USA;Nebraska;Gage;Glenover;W96.7569;N40.2811;12;
3;USA;Nebraska;Gage;Hoag;W96.8328;N40.3175;12;
3;USA;Nebraska;Gage;Holmesville;W96.6578;N40.2008;12;
3;USA;Nebraska;Gage;Hoyle North 77 Mobile Homes;W96.7453;N40.3078;12;
3;USA;Nebraska;Gage;Krider;W96.7461;N40.0708;12;
3;USA;Nebraska;Gage;Lanham;W96.8739;N40.0028;12;
3;USA;Nebraska;Gage;Liberty;W96.4828;N40.0847;12;
3;USA;Nebraska;Gage;Odell;W96.8033;N40.05;12;
3;USA;Nebraska;Gage;Pickrell;W96.7286;N40.3786;12;
3;USA;Nebraska;Gage;Rockford;W96.6003;N40.2517;12;
3;USA;Nebraska;Gage;Virginia;W96.4969;N40.2458;12;
3;USA;Nebraska;Gage;Wymore;W96.6625;N40.1222;12;
3;USA;Nebraska;Garden;Coldwater Trailer Court;W102.62;N41.4972;12;
3;USA;Nebraska;Garden;Lewellen;W102.144;N41.3314;12;
3;USA;Nebraska;Garden;Lisco;W102.62;N41.4972;12;
3;USA;Nebraska;Garden;Mumper;W102.44;N41.7614;12;
3;USA;Nebraska;Garden;Oshkosh;W102.344;N41.405;12;
3;USA;Nebraska;Garden;Rackett;W102.206;N41.6667;12;
3;USA;Nebraska;Garfield;Burwell;W99.1331;N41.7817;12;
3;USA;Nebraska;Garfield;Deverre;W99.0869;N41.8925;12;
3;USA;Nebraska;Garfield;Gables;W98.85;N41.9383;12;
3;USA;Nebraska;Garfield;Rainbow Trailer Court;W99.1331;N41.7817;12;
3;USA;Nebraska;Gosper;Devils Gap;W99.8719;N40.5794;12;
3;USA;Nebraska;Gosper;Elwood;W99.8608;N40.5903;12;
3;USA;Nebraska;Gosper;Smithfield;W99.7422;N40.5725;12;
3;USA;Nebraska;Grant;Ashby;W101.928;N42.0219;12;
3;USA;Nebraska;Grant;Duluth;W101.636;N42.0178;12;
3;USA;Nebraska;Grant;Hyannis;W101.762;N42.0006;12;
3;USA;Nebraska;Grant;Whitman;W101.523;N42.0419;12;
3;USA;Nebraska;Greeley;Belfast;W98.6167;N41.6375;12;
3;USA;Nebraska;Greeley;Brayton;W98.4775;N41.4633;12;
3;USA;Nebraska;Greeley;Greeley;W98.5311;N41.5486;12;
3;USA;Nebraska;Greeley;Horace;W98.6733;N41.5431;12;
3;USA;Nebraska;Greeley;O'Connor;W98.4739;N41.5106;12;
3;USA;Nebraska;Greeley;Scotia Junction;W98.7175;N41.4553;12;
3;USA;Nebraska;Greeley;Scotia;W98.7031;N41.4664;12;
3;USA;Nebraska;Greeley;Spalding;W98.3633;N41.6889;12;
3;USA;Nebraska;Greeley;Wolbach;W98.3942;N41.3969;12;
3;USA;Nebraska;Hall;Abbott;W98.4814;N40.9747;12;
3;USA;Nebraska;Hall;Alda;W98.4681;N40.8711;12;
3;USA;Nebraska;Hall;Cairo;W98.6075;N41.0011;12;
3;USA;Nebraska;Hall;Cameron;W98.6353;N40.9172;12;
3;USA;Nebraska;Hall;Do-Mar Mobile Home Park;W98.3694;N40.7719;12;
3;USA;Nebraska;Hall;Doniphan;W98.3694;N40.7719;12;
3;USA;Nebraska;Hall;Grand Island;W98.3419;N40.925;12;
3;USA;Nebraska;Hall;Kingwood Estates;W98.3336;N40.8986;12;
3;USA;Nebraska;Hall;Kuesters Lake;W98.2953;N40.9222;12;
3;USA;Nebraska;Hall;Ovina;W98.4553;N40.9686;12;
3;USA;Nebraska;Hall;Parkview;W98.3475;N40.9028;12;
3;USA;Nebraska;Hall;Pioneer Estates;W98.3453;N40.95;12;
3;USA;Nebraska;Hall;Rosedale;W98.4733;N40.7131;12;
3;USA;Nebraska;Hall;West Park Plaza Mobile Home Park;W98.4322;N40.8875;12;
3;USA;Nebraska;Hall;Wood River;W98.6;N40.8206;12;
3;USA;Nebraska;Hall;Woodriver Valley Mobile Park;W98.6;N40.8206;12;
3;USA;Nebraska;Hamilton;Aurora;W98.0042;N40.8672;12;
3;USA;Nebraska;Hamilton;Giltner;W98.1536;N40.7739;12;
3;USA;Nebraska;Hamilton;Hampton;W97.8858;N40.8789;12;
3;USA;Nebraska;Hamilton;Hordville;W97.8853;N41.0756;12;
3;USA;Nebraska;Hamilton;Kronborg;W97.94;N41.0028;12;
3;USA;Nebraska;Hamilton;Marquette;W98.0094;N41.0031;12;
3;USA;Nebraska;Hamilton;Murphy;W98.1119;N40.8792;12;
3;USA;Nebraska;Hamilton;Overland;W97.9861;N41.0775;12;
3;USA;Nebraska;Hamilton;Phillips;W98.2147;N40.8972;12;
3;USA;Nebraska;Hamilton;Stockham;W97.9397;N40.7161;12;
3;USA;Nebraska;Harlan;Alma;W99.3619;N40.0975;12;
3;USA;Nebraska;Harlan;Flynn Junction;W99.5161;N40.1314;12;
3;USA;Nebraska;Harlan;Huntley;W99.2922;N40.21;12;
3;USA;Nebraska;Harlan;Mascot;W99.5461;N40.2644;12;
3;USA;Nebraska;Harlan;Orleans;W99.4553;N40.1292;12;
3;USA;Nebraska;Harlan;Oxford Junction;W99.5989;N40.235;12;
3;USA;Nebraska;Harlan;Ragan;W99.2897;N40.3103;12;
3;USA;Nebraska;Harlan;Republican City;W99.2203;N40.0997;12;
3;USA;Nebraska;Harlan;Stamford;W99.5928;N40.1331;12;
3;USA;Nebraska;Harlan;Taylor Manor Trailer Court;W99.2203;N40.0997;12;
3;USA;Nebraska;Hayes;Hamlet;W101.235;N40.385;12;
3;USA;Nebraska;Hayes;Hayes Center;W101.02;N40.5108;12;
3;USA;Nebraska;Hayes;Marengo;W100.911;N40.6386;12;
3;USA;Nebraska;Hitchcock;Beverly;W100.974;N40.2808;12;
3;USA;Nebraska;Hitchcock;Culbertson;W100.839;N40.2297;12;
3;USA;Nebraska;Hitchcock;Palisade;W101.108;N40.3492;12;
3;USA;Nebraska;Hitchcock;Smith Trailer Court;W101.108;N40.3492;12;
3;USA;Nebraska;Hitchcock;Stratton;W101.227;N40.1481;12;
3;USA;Nebraska;Hitchcock;Trenton;W101.013;N40.1756;12;
3;USA;Nebraska;Holt;Amelia;W98.9119;N42.2356;12;
3;USA;Nebraska;Holt;Anncar;W98.7433;N42.8072;12;
3;USA;Nebraska;Holt;Atkinson;W98.9781;N42.5314;12;
3;USA;Nebraska;Holt;Catalpa;W98.8686;N42.7761;12;
3;USA;Nebraska;Holt;Chambers;W98.7489;N42.205;12;
3;USA;Nebraska;Holt;Deloit;W98.32;N42.1181;12;
3;USA;Nebraska;Holt;Dorsey;W98.3444;N42.6817;12;
3;USA;Nebraska;Holt;Douthit Trailer Court;W98.6475;N42.4578;12;
3;USA;Nebraska;Holt;Dustin;W99.07;N42.8269;12;
3;USA;Nebraska;Holt;Emmet;W98.8061;N42.4756;12;
3;USA;Nebraska;Holt;Ewing;W98.3464;N42.2578;12;
3;USA;Nebraska;Holt;Inez;W99.0014;N42.2911;12;
3;USA;Nebraska;Holt;Inman;W98.5281;N42.3819;12;
3;USA;Nebraska;Holt;Kaup Trailer Court;W99.1425;N42.5992;12;
3;USA;Nebraska;Holt;Kipples Trailer Court;W98.6475;N42.4578;12;
3;USA;Nebraska;Holt;Knievels Corner;W98.3394;N42.1181;12;
3;USA;Nebraska;Holt;McDonalds Trailer Court;W98.6475;N42.4578;12;
3;USA;Nebraska;Holt;Meek;W98.6275;N42.6969;12;
3;USA;Nebraska;Holt;Midway;W98.6575;N42.6969;12;
3;USA;Nebraska;Holt;O'Neill;W98.6475;N42.4578;12;
3;USA;Nebraska;Holt;Opportunity;W98.5011;N42.5961;12;
3;USA;Nebraska;Holt;Paddock;W98.6189;N42.7781;12;
3;USA;Nebraska;Holt;Page;W98.4172;N42.4008;12;
3;USA;Nebraska;Holt;Redbird;W98.4425;N42.7617;12;
3;USA;Nebraska;Holt;Stafford;W98.4469;N42.3283;12;
3;USA;Nebraska;Holt;Star;W98.3403;N42.6114;12;
3;USA;Nebraska;Holt;Stuart;W99.1425;N42.5992;12;
3;USA;Nebraska;Holt;Swan Lake;W99.0217;N42.17;12;
3;USA;Nebraska;Holt;Waymanns Trailer Court;W98.6475;N42.4578;12;
3;USA;Nebraska;Holt;Wilson Ranch;W99.0772;N42.695;12;
3;USA;Nebraska;Holt;Zaks Trailer Court;W98.6475;N42.4578;12;
3;USA;Nebraska;Hooker;Kelso;W100.926;N42.0436;12;
3;USA;Nebraska;Hooker;Mullen;W101.043;N42.0428;12;
3;USA;Nebraska;Hooker;Weir;W101.367;N42.0381;12;
3;USA;Nebraska;Hooker;Wright City Trailer Court;W101.044;N42.0431;12;
3;USA;Nebraska;Howard;Boelus;W98.7156;N41.0739;12;
3;USA;Nebraska;Howard;Cotesfield;W98.6325;N41.3572;12;
3;USA;Nebraska;Howard;Cushing;W98.3683;N41.2972;12;
3;USA;Nebraska;Howard;Dannebrog;W98.5458;N41.1183;12;
3;USA;Nebraska;Howard;Dannevirke;W98.7083;N41.3225;12;
3;USA;Nebraska;Howard;Elba;W98.5678;N41.2856;12;
3;USA;Nebraska;Howard;Farwell;W98.6281;N41.2156;12;
3;USA;Nebraska;Howard;Midway;W98.5569;N41.2147;12;
3;USA;Nebraska;Howard;Nysted;W98.6144;N41.1344;12;
3;USA;Nebraska;Howard;Saint Libory;W98.3553;N41.0819;12;
3;USA;Nebraska;Howard;Saint Paul;W98.4581;N41.2147;12;
3;USA;Nebraska;Jefferson;Daykin;W97.2986;N40.3222;12;
3;USA;Nebraska;Jefferson;Diller;W96.935;N40.1094;12;
3;USA;Nebraska;Jefferson;Ellis;W96.8758;N40.2183;12;
3;USA;Nebraska;Jefferson;Endicott;W97.0983;N40.0833;12;
3;USA;Nebraska;Jefferson;Fairbury;W97.1806;N40.1372;12;
3;USA;Nebraska;Jefferson;Gladstone;W97.3081;N40.1597;12;
3;USA;Nebraska;Jefferson;Harbine;W96.9725;N40.1922;12;
3;USA;Nebraska;Jefferson;Hedrix;W97.2414;N40.2047;12;
3;USA;Nebraska;Jefferson;Helvey;W97.255;N40.2667;12;
3;USA;Nebraska;Jefferson;Jansen;W97.0836;N40.1853;12;
3;USA;Nebraska;Jefferson;Plymouth;W96.9889;N40.3031;12;
3;USA;Nebraska;Jefferson;Powell;W97.2847;N40.2208;12;
3;USA;Nebraska;Jefferson;Reynolds;W97.3356;N40.0597;12;
3;USA;Nebraska;Jefferson;Rudy;W97.0547;N40.0644;12;
3;USA;Nebraska;Jefferson;Steele City;W97.0247;N40.0378;12;
3;USA;Nebraska;Jefferson;Thompson;W97.2586;N40.0683;12;
3;USA;Nebraska;Johnson;Cook;W96.1636;N40.5097;12;
3;USA;Nebraska;Johnson;Crab Orchard;W96.4217;N40.335;12;
3;USA;Nebraska;Johnson;Elk Creek;W96.1294;N40.2861;12;
3;USA;Nebraska;Johnson;Saint Mary;W96.29;N40.4242;12;
3;USA;Nebraska;Johnson;Sterling;W96.3775;N40.4592;12;
3;USA;Nebraska;Johnson;Tecumseh;W96.1961;N40.3667;12;
3;USA;Nebraska;Johnson;Vesta;W96.3375;N40.3564;12;
3;USA;Nebraska;Kearney;Axtell;W99.1267;N40.4783;12;
3;USA;Nebraska;Kearney;Countryside Mobile Home Park;W98.9478;N40.4986;12;
3;USA;Nebraska;Kearney;Heartwell;W98.7878;N40.5706;12;
3;USA;Nebraska;Kearney;Keene;W99.0658;N40.4253;12;
3;USA;Nebraska;Kearney;Koller;W98.8606;N40.5381;12;
3;USA;Nebraska;Kearney;Lowell;W98.8472;N40.6475;12;
3;USA;Nebraska;Kearney;Minden;W98.9478;N40.4986;12;
3;USA;Nebraska;Kearney;Newark;W98.9631;N40.6411;12;
3;USA;Nebraska;Kearney;Norman;W98.7922;N40.4797;12;
3;USA;Nebraska;Kearney;South Side Mobile Home Court;W98.9478;N40.4986;12;
3;USA;Nebraska;Kearney;Wilcox;W99.17;N40.365;12;
3;USA;Nebraska;Keith;Beals Trailer Court;W101.888;N41.0942;12;
3;USA;Nebraska;Keith;Belmar;W101.917;N41.2989;12;
3;USA;Nebraska;Keith;Broganville;W101.517;N41.2072;12;
3;USA;Nebraska;Keith;Brule;W101.888;N41.0942;12;
3;USA;Nebraska;Keith;Keystone;W101.584;N41.2161;12;
3;USA;Nebraska;Keith;L and L Mobile Home Park;W101.72;N41.1281;12;
3;USA;Nebraska;Keith;Lemoyne Mobile Home Park;W101.813;N41.2725;12;
3;USA;Nebraska;Keith;Lemoyne;W101.813;N41.2725;12;
3;USA;Nebraska;Keith;Martin;W101.691;N41.2561;12;
3;USA;Nebraska;Keith;Megeath;W101.986;N41.0797;12;
3;USA;Nebraska;Keith;Nevens;W101.424;N41.185;12;
3;USA;Nebraska;Keith;Ogallala;W101.72;N41.1281;12;
3;USA;Nebraska;Keith;Paxton;W101.356;N41.1242;12;
3;USA;Nebraska;Keith;Roscoe;W101.586;N41.1306;12;
3;USA;Nebraska;Keith;Ruthton;W102.011;N41.3111;12;
3;USA;Nebraska;Keith;Sarben;W101.307;N41.165;12;
3;USA;Nebraska;Keya Paha;Brocksburg;W99.3322;N42.9303;12;
3;USA;Nebraska;Keya Paha;Burton;W99.5917;N42.9117;12;
3;USA;Nebraska;Keya Paha;Jamison;W99.3078;N42.9978;12;
3;USA;Nebraska;Keya Paha;Meadville;W99.8489;N42.7589;12;
3;USA;Nebraska;Keya Paha;Mills;W99.4439;N42.9406;12;
3;USA;Nebraska;Keya Paha;Norden;W100.074;N42.8686;12;
3;USA;Nebraska;Keya Paha;Riverview;W99.5894;N42.7292;12;
3;USA;Nebraska;Keya Paha;Springview;W99.7489;N42.8244;12;
3;USA;Nebraska;Kimball;Bushnell;W103.892;N41.2322;12;
3;USA;Nebraska;Kimball;Dix;W103.486;N41.2353;12;
3;USA;Nebraska;Kimball;Jacinto;W103.404;N41.2258;12;
3;USA;Nebraska;Kimball;Kimball;W103.663;N41.2358;12;
3;USA;Nebraska;Kimball;Oliver;W103.788;N41.2294;12;
3;USA;Nebraska;Kimball;Owasco;W103.575;N41.2394;12;
3;USA;Nebraska;Kimball;Ridgewood Mobile Home Park;W103.642;N41.2328;12;
3;USA;Nebraska;Kimball;Stahlas North Court;W103.67;N41.2378;12;
3;USA;Nebraska;Knox;Bazile Mills;W97.905;N42.5128;12;
3;USA;Nebraska;Knox;Bloomfield Trailer Court;W97.6456;N42.5989;12;
3;USA;Nebraska;Knox;Bloomfield;W97.6456;N42.5989;12;
3;USA;Nebraska;Knox;Center;W97.8767;N42.6094;12;
3;USA;Nebraska;Knox;Creighton;W97.9061;N42.4667;12;
3;USA;Nebraska;Knox;Crofton;W97.4956;N42.7289;12;
3;USA;Nebraska;Knox;Dukeville;W98.1342;N42.6925;12;
3;USA;Nebraska;Knox;Jelen;W98.1458;N42.6281;12;
3;USA;Nebraska;Knox;Knoxville;W98.2964;N42.6686;12;
3;USA;Nebraska;Knox;Lindy;W97.74;N42.7342;12;
3;USA;Nebraska;Knox;Midland;W97.7006;N42.4672;12;
3;USA;Nebraska;Knox;Niobrara;W98.0286;N42.7547;12;
3;USA;Nebraska;Knox;Pishelville;W98.2122;N42.7269;12;
3;USA;Nebraska;Knox;Ponca;W98.0744;N42.7119;12;
3;USA;Nebraska;Knox;Santee;W97.8508;N42.8411;12;
3;USA;Nebraska;Knox;Sparta;W97.9736;N42.6553;12;
3;USA;Nebraska;Knox;Tewsville;W97.7397;N42.7569;12;
3;USA;Nebraska;Knox;Venus;W98.2678;N42.4572;12;
3;USA;Nebraska;Knox;Verdel;W98.1925;N42.8111;12;
3;USA;Nebraska;Knox;Verdigre;W98.0336;N42.5969;12;
3;USA;Nebraska;Knox;Walnut;W98.2089;N42.5494;12;
3;USA;Nebraska;Knox;Wausa;W97.5419;N42.4994;12;
3;USA;Nebraska;Knox;Winnetoon;W97.9608;N42.5125;12;
3;USA;Nebraska;Lancaster;Agnew;W96.8147;N41.0169;12;
3;USA;Nebraska;Lancaster;Arbor;W96.6731;N40.8956;12;
3;USA;Nebraska;Lancaster;Belmont;W96.7031;N40.8461;12;
3;USA;Nebraska;Lancaster;Bennet;W96.5064;N40.68;12;
3;USA;Nebraska;Lancaster;Bethany;W96.6333;N40.8325;12;
3;USA;Nebraska;Lancaster;Center Court Mobile Home Park;W96.6669;N40.8458;12;
3;USA;Nebraska;Lancaster;Centerville;W96.7431;N40.6539;12;
3;USA;Nebraska;Lancaster;Cheney;W96.5961;N40.7256;12;
3;USA;Nebraska;Lancaster;College View;W96.6522;N40.7722;12;
3;USA;Nebraska;Lancaster;Contempo-Lincoln Mobile Home Park;W96.7239;N40.8483;12;
3;USA;Nebraska;Lancaster;Countryside Estates;W96.7194;N40.8367;12;
3;USA;Nebraska;Lancaster;Cushman;W96.7797;N40.8083;12;
3;USA;Nebraska;Lancaster;Davey;W96.6661;N40.9875;12;
3;USA;Nebraska;Lancaster;Denton;W96.8444;N40.7378;12;
3;USA;Nebraska;Lancaster;Emerald;W96.835;N40.8139;12;
3;USA;Nebraska;Lancaster;Firth;W96.6061;N40.5325;12;
3;USA;Nebraska;Lancaster;Gaslight Village;W96.7194;N40.8367;12;
3;USA;Nebraska;Lancaster;Hallam;W96.7872;N40.5378;12;
3;USA;Nebraska;Lancaster;Hanlon;W96.6711;N40.6583;12;
3;USA;Nebraska;Lancaster;Harbour West Mobile Home Park;W96.7414;N40.7939;12;
3;USA;Nebraska;Lancaster;Hickman;W96.6292;N40.62;12;
3;USA;Nebraska;Lancaster;Holland;W96.5917;N40.5964;12;
3;USA;Nebraska;Lancaster;Huskerville;W96.7939;N40.8597;12;
3;USA;Nebraska;Lancaster;Jamaica;W96.6897;N40.6989;12;
3;USA;Nebraska;Lancaster;Kramer;W96.8753;N40.5883;12;
3;USA;Nebraska;Lancaster;Lincoln;W96.6669;N40.8;12;
3;USA;Nebraska;Lancaster;Malcolm;W96.8628;N40.9067;12;
3;USA;Nebraska;Lancaster;Marian Center;W96.5692;N40.8825;12;
3;USA;Nebraska;Lancaster;Mark IV Estates;W96.6925;N40.8561;12;
3;USA;Nebraska;Lancaster;Martell;W96.7586;N40.6375;12;
3;USA;Nebraska;Lancaster;Panama;W96.5108;N40.5978;12;
3;USA;Nebraska;Lancaster;Pine Acre Mobile Home Park;W96.6669;N40.8458;12;
3;USA;Nebraska;Lancaster;Pine Lake;W96.6119;N40.7444;12;
3;USA;Nebraska;Lancaster;Prairie Home;W96.5208;N40.8647;12;
3;USA;Nebraska;Lancaster;Princeton;W96.7047;N40.5736;12;
3;USA;Nebraska;Lancaster;Raymond;W96.7828;N40.9569;12;
3;USA;Nebraska;Lancaster;Roca;W96.6581;N40.6575;12;
3;USA;Nebraska;Lancaster;Rokeby;W96.7361;N40.7119;12;
3;USA;Nebraska;Lancaster;Saltillo;W96.6825;N40.7;12;
3;USA;Nebraska;Lancaster;Shady Elm Mobile Home Park;W96.6925;N40.8561;12;
3;USA;Nebraska;Lancaster;Shamrock Mobile Home Court;W96.6836;N40.8403;12;
3;USA;Nebraska;Lancaster;Sprague;W96.7447;N40.6258;12;
3;USA;Nebraska;Lancaster;University Place;W96.6553;N40.8408;12;
3;USA;Nebraska;Lancaster;Walton;W96.5619;N40.7986;12;
3;USA;Nebraska;Lancaster;Waverly;W96.5283;N40.9175;12;
3;USA;Nebraska;Lancaster;West Lincoln;W96.7311;N40.8378;12;
3;USA;Nebraska;Lancaster;West O Trailer Park;W96.7428;N40.8142;12;
3;USA;Nebraska;Lancaster;Woodlawn Estates;W96.7194;N40.8367;12;
3;USA;Nebraska;Lancaster;Woodlawn;W96.7792;N40.88;12;
3;USA;Nebraska;Lincoln;Beck;W100.694;N41.1381;12;
3;USA;Nebraska;Lincoln;Bignell;W100.611;N41.0633;12;
3;USA;Nebraska;Lincoln;Birdwood;W100.885;N41.1536;12;
3;USA;Nebraska;Lincoln;Brady;W100.368;N41.0222;12;
3;USA;Nebraska;Lincoln;Coker;W101.117;N41.1839;12;
3;USA;Nebraska;Lincoln;Dickens;W100.993;N40.8261;12;
3;USA;Nebraska;Lincoln;Green Acres Trailer Court;W100.806;N41.1556;12;
3;USA;Nebraska;Lincoln;Hershey;W101.003;N41.1586;12;
3;USA;Nebraska;Lincoln;Keith;W100.564;N41.0906;12;
3;USA;Nebraska;Lincoln;Key Estates;W100.791;N41.1258;12;
3;USA;Nebraska;Lincoln;Maxwell;W100.525;N41.0789;12;
3;USA;Nebraska;Lincoln;Mobile Manor;W100.784;N41.1506;12;
3;USA;Nebraska;Lincoln;North Platte;W100.766;N41.1239;12;
3;USA;Nebraska;Lincoln;O'Fallons;W101.077;N41.1603;12;
3;USA;Nebraska;Lincoln;Sioux View Park;W100.751;N41.1256;12;
3;USA;Nebraska;Lincoln;Somerset;W100.861;N40.8253;12;
3;USA;Nebraska;Lincoln;Sutherland;W101.126;N41.1569;12;
3;USA;Nebraska;Lincoln;Tri States Trailer Court;W100.751;N41.1256;12;
3;USA;Nebraska;Lincoln;Village Square;W100.802;N41.1397;12;
3;USA;Nebraska;Lincoln;Vroman;W100.257;N40.9669;12;
3;USA;Nebraska;Lincoln;Wallace;W101.165;N40.8383;12;
3;USA;Nebraska;Lincoln;Wellfleet;W100.73;N40.7522;12;
3;USA;Nebraska;Logan;Gandy;W100.459;N41.4697;12;
3;USA;Nebraska;Logan;Hoagland;W100.371;N41.5083;12;
3;USA;Nebraska;Logan;Logan;W100.3;N41.4947;12;
3;USA;Nebraska;Logan;Stapleton;W100.513;N41.4803;12;
3;USA;Nebraska;Loup;Aggies Acres;W99.2675;N41.8672;12;
3;USA;Nebraska;Loup;Almeria;W99.5219;N41.8258;12;
3;USA;Nebraska;Loup;Mikes Meadows;W99.2669;N41.8667;12;
3;USA;Nebraska;Loup;Taylor;W99.3786;N41.7703;12;
3;USA;Nebraska;Madison;Battle Creek;W97.5983;N41.9994;12;
3;USA;Nebraska;Madison;Emerick;W97.7367;N41.9019;12;
3;USA;Nebraska;Madison;Enola;W97.4628;N41.9039;12;
3;USA;Nebraska;Madison;Hillside Vista Trailer Court;W97.455;N41.8283;12;
3;USA;Nebraska;Madison;Kalamazoo;W97.6403;N41.8292;12;
3;USA;Nebraska;Madison;Mackels Mobile Home Court;W97.4169;N42.0283;12;
3;USA;Nebraska;Madison;Madison;W97.455;N41.8283;12;
3;USA;Nebraska;Madison;Meadow Grove;W97.7339;N42.0289;12;
3;USA;Nebraska;Madison;Newman Grove;W97.7753;N41.75;12;
3;USA;Nebraska;Madison;Norfolk Mobile Home Community;W97.4169;N42.0283;12;
3;USA;Nebraska;Madison;Norfolk;W97.4169;N42.0283;12;
3;USA;Nebraska;Madison;Tilden;W97.8339;N42.0472;12;
3;USA;Nebraska;Madison;Warnerville;W97.4461;N41.96;12;
3;USA;Nebraska;McPherson;Flats;W101.352;N41.5689;12;
3;USA;Nebraska;McPherson;Ringgold;W100.792;N41.5086;12;
3;USA;Nebraska;McPherson;Tryon;W100.958;N41.5528;12;
3;USA;Nebraska;Merrick;Archer;W98.1358;N41.1653;12;
3;USA;Nebraska;Merrick;Central City;W98.0017;N41.1158;12;
3;USA;Nebraska;Merrick;Chapman;W98.1592;N41.0242;12;
3;USA;Nebraska;Merrick;Clarks;W97.8358;N41.2153;12;
3;USA;Nebraska;Merrick;Havens;W97.7497;N41.2653;12;
3;USA;Nebraska;Merrick;Heber;W97.975;N41.1111;12;
3;USA;Nebraska;Merrick;Hord;W98.0672;N41.15;12;
3;USA;Nebraska;Merrick;Lockwood;W98.2444;N40.97;12;
3;USA;Nebraska;Merrick;Paddock;W98.0606;N41.0817;12;
3;USA;Nebraska;Merrick;Palmer;W98.2572;N41.2222;12;
3;USA;Nebraska;Merrick;Platte Valley Trailer Court;W98.0017;N41.1158;12;
3;USA;Nebraska;Merrick;Riverside Park;W97.9728;N41.0964;12;
3;USA;Nebraska;Merrick;Silver Creek;W97.6578;N41.3089;12;
3;USA;Nebraska;Merrick;Worms;W98.2689;N41.0972;12;
3;USA;Nebraska;Morrill;Alden;W103.036;N41.5614;12;
3;USA;Nebraska;Morrill;Angora;W103.125;N41.8519;12;
3;USA;Nebraska;Morrill;Atkins;W103.215;N41.7239;12;
3;USA;Nebraska;Morrill;Bayard;W103.324;N41.755;12;
3;USA;Nebraska;Morrill;Bonner;W103.021;N41.9397;12;
3;USA;Nebraska;Morrill;Bridgeport;W103.099;N41.6653;12;
3;USA;Nebraska;Morrill;Broadwater;W102.853;N41.5961;12;
3;USA;Nebraska;Morrill;Craft;W103.346;N41.8158;12;
3;USA;Nebraska;Morrill;DeGraw;W103.156;N41.715;12;
3;USA;Nebraska;Morrill;Kemp;W103.108;N41.7131;12;
3;USA;Nebraska;Morrill;Lakeview Mobile Park;W103.099;N41.6653;12;
3;USA;Nebraska;Morrill;Lynn;W102.976;N41.8014;12;
3;USA;Nebraska;Morrill;Mohler;W103.235;N41.7147;12;
3;USA;Nebraska;Morrill;Moomaw Corner;W103.324;N41.8167;12;
3;USA;Nebraska;Morrill;Nebraska Boys Ranch;W102.814;N41.8964;12;
3;USA;Nebraska;Morrill;Northport;W103.088;N41.6822;12;
3;USA;Nebraska;Morrill;Perrin;W103.246;N41.8125;12;
3;USA;Nebraska;Morrill;Piper;W103.259;N41.7597;12;
3;USA;Nebraska;Morrill;Redington;W103.273;N41.5839;12;
3;USA;Nebraska;Morrill;South Bayard;W103.322;N41.7158;12;
3;USA;Nebraska;Morrill;Vance;W103.113;N41.7772;12;
3;USA;Nebraska;Nance;Belgrade;W98.0683;N41.4731;12;
3;USA;Nebraska;Nance;Fullerton;W97.9692;N41.3633;12;
3;USA;Nebraska;Nance;Genoa;W97.7306;N41.4486;12;
3;USA;Nebraska;Nance;Krakow;W97.7525;N41.3947;12;
3;USA;Nebraska;Nance;Merchiston;W97.8847;N41.3903;12;
3;USA;Nebraska;Nance;North Star;W98.1347;N41.3733;12;
3;USA;Nebraska;Nance;Timber Creek;W98.1958;N41.4481;12;
3;USA;Nebraska;Nemaha;Auburn;W95.8389;N40.3928;12;
3;USA;Nebraska;Nemaha;Brock;W95.9594;N40.48;12;
3;USA;Nebraska;Nemaha;Brownville;W95.6581;N40.3978;12;
3;USA;Nebraska;Nemaha;Glenrock;W95.8911;N40.4436;12;
3;USA;Nebraska;Nemaha;Howe;W95.8192;N40.3219;12;
3;USA;Nebraska;Nemaha;Johnson;W95.9981;N40.4108;12;
3;USA;Nebraska;Nemaha;Julian;W95.8678;N40.5228;12;
3;USA;Nebraska;Nemaha;Nemaha;W95.6731;N40.3383;12;
3;USA;Nebraska;Nemaha;Peru;W95.7336;N40.4742;12;
3;USA;Nebraska;Nemaha;Rohrs;W95.9325;N40.3928;12;
3;USA;Nebraska;Nemaha;Southside Trailer Park;W95.8394;N40.3786;12;
3;USA;Nebraska;Nemaha;Terrace Mobile Home Park;W95.8547;N40.3875;12;
3;USA;Nebraska;Nuckolls;Angus;W97.9794;N40.2822;12;
3;USA;Nebraska;Nuckolls;Bostwick;W98.1842;N40.0483;12;
3;USA;Nebraska;Nuckolls;Cadams;W98.01;N40.1039;12;
3;USA;Nebraska;Nuckolls;Hardy;W97.9269;N40.0089;12;
3;USA;Nebraska;Nuckolls;Lawrence;W98.26;N40.2919;12;
3;USA;Nebraska;Nuckolls;Mount Clare;W98.2181;N40.1828;12;
3;USA;Nebraska;Nuckolls;Nelson;W98.0678;N40.2017;12;
3;USA;Nebraska;Nuckolls;Nora;W97.9703;N40.1617;12;
3;USA;Nebraska;Nuckolls;Oak Mill;W97.8758;N40.2258;12;
3;USA;Nebraska;Nuckolls;Oak;W97.9033;N40.2369;12;
3;USA;Nebraska;Nuckolls;Ruskin;W97.8692;N40.1439;12;
3;USA;Nebraska;Nuckolls;Saint Stephens;W98.2561;N40.2536;12;
3;USA;Nebraska;Nuckolls;Sedan;W97.8972;N40.3425;12;
3;USA;Nebraska;Nuckolls;Smyrna;W98.0672;N40.1186;12;
3;USA;Nebraska;Nuckolls;Superior;W98.07;N40.0208;12;
3;USA;Nebraska;Otoe;Applewood Mobile Home Park;W95.865;N40.6828;12;
3;USA;Nebraska;Otoe;Burr;W96.3;N40.5356;12;
3;USA;Nebraska;Otoe;Douglas;W96.3875;N40.5956;12;
3;USA;Nebraska;Otoe;Dunbar;W96.03;N40.6681;12;
3;USA;Nebraska;Otoe;Elberon;W95.9383;N40.645;12;
3;USA;Nebraska;Otoe;Lorton;W96.0244;N40.5956;12;
3;USA;Nebraska;Otoe;Minersville;W95.7892;N40.5969;12;
3;USA;Nebraska;Otoe;Nebraska City;W95.8592;N40.6767;12;
3;USA;Nebraska;Otoe;Otoe;W96.1169;N40.7236;12;
3;USA;Nebraska;Otoe;Palmyra;W96.3875;N40.7044;12;
3;USA;Nebraska;Otoe;Park EZ Mobile Home Court;W95.8669;N40.6719;12;
3;USA;Nebraska;Otoe;Paul;W95.8967;N40.5953;12;
3;USA;Nebraska;Otoe;Syracuse;W96.1864;N40.6572;12;
3;USA;Nebraska;Otoe;Talmage;W96.0217;N40.5306;12;
3;USA;Nebraska;Otoe;Tangeman;W96.0864;N40.5586;12;
3;USA;Nebraska;Otoe;Unadilla;W96.2697;N40.6833;12;
3;USA;Nebraska;Otoe;Wyoming;W95.9194;N40.7356;12;
3;USA;Nebraska;Pawnee;Bookwalter;W96.3694;N40.0617;12;
3;USA;Nebraska;Pawnee;Burchard;W96.3503;N40.1475;12;
3;USA;Nebraska;Pawnee;Du Bois;W96.0483;N40.0347;12;
3;USA;Nebraska;Pawnee;Lewiston;W96.4036;N40.2433;12;
3;USA;Nebraska;Pawnee;Mayberry;W96.3119;N40.2231;12;
3;USA;Nebraska;Pawnee;Pawnee City;W96.1544;N40.1083;12;
3;USA;Nebraska;Pawnee;Steinauer;W96.2342;N40.2078;12;
3;USA;Nebraska;Pawnee;Table Rock;W96.0967;N40.1783;12;
3;USA;Nebraska;Perkins;Brandon;W101.912;N40.8033;12;
3;USA;Nebraska;Perkins;Elsie;W101.389;N40.8475;12;
3;USA;Nebraska;Perkins;Grainton;W101.287;N40.8231;12;
3;USA;Nebraska;Perkins;Grant;W101.725;N40.8419;12;
3;USA;Nebraska;Perkins;Madrid;W101.544;N40.85;12;
3;USA;Nebraska;Perkins;Triple C Trailer Court;W101.725;N40.8419;12;
3;USA;Nebraska;Perkins;Venango;W102.041;N40.7636;12;
3;USA;Nebraska;Phelps;Atlanta;W99.4731;N40.3667;12;
3;USA;Nebraska;Phelps;Bertrand;W99.6336;N40.5267;12;
3;USA;Nebraska;Phelps;Clyde;W99.4181;N40.4133;12;
3;USA;Nebraska;Phelps;Dewaynes Trailer Court;W99.3697;N40.4403;12;
3;USA;Nebraska;Phelps;Funk;W99.2492;N40.4625;12;
3;USA;Nebraska;Phelps;Holdrege;W99.3697;N40.4403;12;
3;USA;Nebraska;Phelps;Loomis;W99.5069;N40.4783;12;
3;USA;Nebraska;Phelps;Sacramento;W99.275;N40.4089;12;
3;USA;Nebraska;Phelps;Westmark;W99.53;N40.5978;12;
3;USA;Nebraska;Phelps;Westside Plaza Mobile Home Park;W99.3697;N40.4403;12;
3;USA;Nebraska;Pierce;Breslau;W97.6989;N42.3503;12;
3;USA;Nebraska;Pierce;East End Tailer Court;W97.7792;N42.3514;12;
3;USA;Nebraska;Pierce;Foster;W97.6644;N42.2739;12;
3;USA;Nebraska;Pierce;Hadar;W97.4492;N42.105;12;
3;USA;Nebraska;Pierce;McLean;W97.4686;N42.3856;12;
3;USA;Nebraska;Pierce;Osmond;W97.5967;N42.36;12;
3;USA;Nebraska;Pierce;Pierce;W97.5267;N42.1992;12;
3;USA;Nebraska;Pierce;Plainview;W97.7919;N42.3497;12;
3;USA;Nebraska;Pierce;Wee Town;W97.4261;N42.2067;12;
3;USA;Nebraska;Platte;Carriage House Estates;W97.3328;N41.4417;12;
3;USA;Nebraska;Platte;College View Park;W97.3919;N41.4458;12;
3;USA;Nebraska;Platte;Columbus;W97.3683;N41.4297;12;
3;USA;Nebraska;Platte;Cornlea;W97.5664;N41.68;12;
3;USA;Nebraska;Platte;Country Mobile Villa;W97.2864;N41.4403;12;
3;USA;Nebraska;Platte;Countryview Estates;W97.3919;N41.4458;12;
3;USA;Nebraska;Platte;Creston;W97.3625;N41.7067;12;
3;USA;Nebraska;Platte;Duncan;W97.4947;N41.3894;12;
3;USA;Nebraska;Platte;Gardiner;W97.5647;N41.3575;12;
3;USA;Nebraska;Platte;Humphrey;W97.4844;N41.6917;12;
3;USA;Nebraska;Platte;Lindsay;W97.6939;N41.7;12;
3;USA;Nebraska;Platte;Monroe;W97.5994;N41.4742;12;
3;USA;Nebraska;Platte;Oconee;W97.5189;N41.47;12;
3;USA;Nebraska;Platte;Platte Center;W97.4883;N41.5375;12;
3;USA;Nebraska;Platte;Rosenburg;W97.7539;N41.6319;12;
3;USA;Nebraska;Platte;Saint Bernard;W97.6289;N41.7219;12;
3;USA;Nebraska;Platte;Sheldonville;W97.4258;N41.4639;12;
3;USA;Nebraska;Platte;Tarnov;W97.5022;N41.6158;12;
3;USA;Nebraska;Platte;Wagners Lake;W97.3856;N41.4219;12;
3;USA;Nebraska;Polk;Durant;W97.6639;N41.0922;12;
3;USA;Nebraska;Polk;Osceola;W97.5475;N41.1797;12;
3;USA;Nebraska;Polk;Polk;W97.7839;N41.0767;12;
3;USA;Nebraska;Polk;Shelby;W97.4253;N41.1922;12;
3;USA;Nebraska;Polk;Stromsburg;W97.5989;N41.1142;12;
3;USA;Nebraska;Polk;Swedehome;W97.6636;N41.1628;12;
3;USA;Nebraska;Red Willow;Bartley;W100.312;N40.2492;12;
3;USA;Nebraska;Red Willow;Danbury;W100.404;N40.0394;12;
3;USA;Nebraska;Red Willow;Indianola;W100.418;N40.2344;12;
3;USA;Nebraska;Red Willow;Lazy L Mobile Ranch;W100.633;N40.2144;12;
3;USA;Nebraska;Red Willow;Lebanon;W100.276;N40.0506;12;
3;USA;Nebraska;Red Willow;Marion;W100.481;N40.0158;12;
3;USA;Nebraska;Red Willow;McCook;W100.626;N40.2019;12;
3;USA;Nebraska;Red Willow;Perry;W100.723;N40.2103;12;
3;USA;Nebraska;Red Willow;Red Willow;W100.498;N40.2253;12;
3;USA;Nebraska;Red Willow;Shippee;W100.202;N40.0592;12;
3;USA;Nebraska;Red Willow;Wilcox Trailer Court;W100.626;N40.2019;12;
3;USA;Nebraska;Red Willow;Youngs Trailer Court;W100.418;N40.2344;12;
3;USA;Nebraska;Richardson;Barada;W95.5778;N40.2186;12;
3;USA;Nebraska;Richardson;Dawson;W95.8306;N40.1311;12;
3;USA;Nebraska;Richardson;Falls City;W95.6019;N40.0608;12;
3;USA;Nebraska;Richardson;Humboldt;W95.945;N40.1639;12;
3;USA;Nebraska;Richardson;Nim City;W95.8697;N40.0439;12;
3;USA;Nebraska;Richardson;Preston;W95.5172;N40.0344;12;
3;USA;Nebraska;Richardson;Rulo;W95.4269;N40.0519;12;
3;USA;Nebraska;Richardson;Salem;W95.7208;N40.0756;12;
3;USA;Nebraska;Richardson;Shubert;W95.6822;N40.2364;12;
3;USA;Nebraska;Richardson;Stella;W95.7733;N40.2331;12;
3;USA;Nebraska;Richardson;Straussville;W95.6339;N40.1083;12;
3;USA;Nebraska;Richardson;Verdon;W95.7128;N40.1483;12;
3;USA;Nebraska;Rock;Bassett;W99.5378;N42.5858;12;
3;USA;Nebraska;Rock;Duff;W99.6042;N42.2025;12;
3;USA;Nebraska;Rock;Dyer;W99.4983;N42.8033;12;
3;USA;Nebraska;Rock;Mariaville;W99.3353;N42.7753;12;
3;USA;Nebraska;Rock;Newport;W99.3272;N42.6014;12;
3;USA;Nebraska;Rock;Rose;W99.5256;N42.1806;12;
3;USA;Nebraska;Rock;Sybrant;W99.3511;N42.3183;12;
3;USA;Nebraska;Saline;Berks;W96.9136;N40.6586;12;
3;USA;Nebraska;Saline;Crete;W96.9614;N40.6278;12;
3;USA;Nebraska;Saline;De Witt;W96.9228;N40.3936;12;
3;USA;Nebraska;Saline;Dorchester;W97.1133;N40.6472;12;
3;USA;Nebraska;Saline;Friend;W97.2861;N40.6536;12;
3;USA;Nebraska;Saline;Pleasant Hill;W97.0817;N40.5867;12;
3;USA;Nebraska;Saline;Shestak;W96.9633;N40.5681;12;
3;USA;Nebraska;Saline;Swanton;W97.0797;N40.3786;12;
3;USA;Nebraska;Saline;Tobias;W97.3361;N40.4181;12;
3;USA;Nebraska;Saline;Western;W97.1981;N40.3936;12;
3;USA;Nebraska;Saline;Wilber;W96.9606;N40.4814;12;
3;USA;Nebraska;Sarpy;Avery;W95.9225;N41.1636;12;
3;USA;Nebraska;Sarpy;Beacon View;W96.3264;N41.0672;12;
3;USA;Nebraska;Sarpy;Bellevue;W95.8908;N41.1367;12;
3;USA;Nebraska;Sarpy;Capehart;W95.9569;N41.1258;12;
3;USA;Nebraska;Sarpy;Chalco;W96.1503;N41.1839;12;
3;USA;Nebraska;Sarpy;Fort Crook;W95.9278;N41.1256;12;
3;USA;Nebraska;Sarpy;Gilmore Junction;W95.935;N41.15;12;
3;USA;Nebraska;Sarpy;Gilmore;W95.9514;N41.1444;12;
3;USA;Nebraska;Sarpy;Green Acres Mobile Home Park;W95.8933;N41.1264;12;
3;USA;Nebraska;Sarpy;Gretna;W96.2397;N41.1408;12;
3;USA;Nebraska;Sarpy;La Platte;W95.9236;N41.0747;12;
3;USA;Nebraska;Sarpy;La Vista;W96.0311;N41.1839;12;
3;USA;Nebraska;Sarpy;Linoma Beach;W96.3189;N41.0639;12;
3;USA;Nebraska;Sarpy;Martinview Mobile Home Park;W95.9247;N41.1375;12;
3;USA;Nebraska;Sarpy;Meadow;W96.1567;N41.0161;12;
3;USA;Nebraska;Sarpy;Melia;W96.2756;N41.0961;12;
3;USA;Nebraska;Sarpy;Papillion;W96.0422;N41.1544;12;
3;USA;Nebraska;Sarpy;Paradise Park;W95.8947;N41.1222;12;
3;USA;Nebraska;Sarpy;Portal;W96.0808;N41.1764;12;
3;USA;Nebraska;Sarpy;Richfield;W96.0753;N41.1083;12;
3;USA;Nebraska;Sarpy;Rumsey;W95.9936;N41.1467;12;
3;USA;Nebraska;Sarpy;Sands Trailer Park;W95.9236;N41.07;12;
3;USA;Nebraska;Sarpy;Springfield;W96.1344;N41.0819;12;
3;USA;Nebraska;Sarpy;Washington Mobile Home Terrace;W95.8961;N41.1264;12;
3;USA;Nebraska;Saunders;Abel;W96.3553;N41.0742;12;
3;USA;Nebraska;Saunders;Ashland;W96.3683;N41.0392;12;
3;USA;Nebraska;Saunders;Cedar Bluffs;W96.6114;N41.3969;12;
3;USA;Nebraska;Saunders;Ceresco;W96.6447;N41.0572;12;
3;USA;Nebraska;Saunders;Colon;W96.6058;N41.2975;12;
3;USA;Nebraska;Saunders;Ithaca;W96.5397;N41.1628;12;
3;USA;Nebraska;Saunders;Leshara;W96.4283;N41.3297;12;
3;USA;Nebraska;Saunders;Malmo;W96.7222;N41.2661;12;
3;USA;Nebraska;Saunders;Mead;W96.4878;N41.2278;12;
3;USA;Nebraska;Saunders;Memphis;W96.4314;N41.095;12;
3;USA;Nebraska;Saunders;Morse Bluff;W96.7664;N41.4319;12;
3;USA;Nebraska;Saunders;Prague;W96.8083;N41.3103;12;
3;USA;Nebraska;Saunders;Riverside;W96.3556;N41.0994;12;
3;USA;Nebraska;Saunders;Swedeburg;W96.6247;N41.1361;12;
3;USA;Nebraska;Saunders;Touhy;W96.8231;N41.1331;12;
3;USA;Nebraska;Saunders;Valparaiso;W96.8317;N41.0814;12;
3;USA;Nebraska;Saunders;Wahoo;W96.6203;N41.2114;12;
3;USA;Nebraska;Saunders;Wann;W96.3558;N41.1467;12;
3;USA;Nebraska;Saunders;Weston;W96.7428;N41.1942;12;
3;USA;Nebraska;Saunders;Woodcliff;W96.4717;N41.3817;12;
3;USA;Nebraska;Saunders;Yutan;W96.3972;N41.245;12;
3;USA;Nebraska;Scotts Bluff;Baxter;W103.472;N41.8594;12;
3;USA;Nebraska;Scotts Bluff;Bradley;W103.382;N41.7703;12;
3;USA;Nebraska;Scotts Bluff;Carlson;W103.515;N41.8731;12;
3;USA;Nebraska;Scotts Bluff;Costin;W103.731;N41.8644;12;
3;USA;Nebraska;Scotts Bluff;Covert;W103.716;N41.8969;12;
3;USA;Nebraska;Scotts Bluff;Doyle;W103.833;N41.9894;12;
3;USA;Nebraska;Scotts Bluff;Evergreen Estates Mobile Homes;W103.646;N41.8236;12;
3;USA;Nebraska;Scotts Bluff;Gering;W103.661;N41.8258;12;
3;USA;Nebraska;Scotts Bluff;Haig;W103.759;N41.8794;12;
3;USA;Nebraska;Scotts Bluff;Harrys Mobile Home Incorporated;W103.504;N41.8094;12;
3;USA;Nebraska;Scotts Bluff;Hartman;W103.985;N41.8767;12;
3;USA;Nebraska;Scotts Bluff;Heldt;W103.706;N41.8878;12;
3;USA;Nebraska;Scotts Bluff;Henry;W104.047;N41.9986;12;
3;USA;Nebraska;Scotts Bluff;Hillerage;W103.604;N41.8617;12;
3;USA;Nebraska;Scotts Bluff;Hubbard Corner;W103.813;N41.8722;12;
3;USA;Nebraska;Scotts Bluff;James;W103.579;N41.9319;12;
3;USA;Nebraska;Scotts Bluff;Jane;W103.774;N41.9247;12;
3;USA;Nebraska;Scotts Bluff;Janise;W104.004;N41.8531;12;
3;USA;Nebraska;Scotts Bluff;Joyce;W103.969;N41.9281;12;
3;USA;Nebraska;Scotts Bluff;Lyman;W104.039;N41.9172;12;
3;USA;Nebraska;Scotts Bluff;McGrew;W103.418;N41.7467;12;
3;USA;Nebraska;Scotts Bluff;Melbeta;W103.518;N41.7817;12;
3;USA;Nebraska;Scotts Bluff;Minatare;W103.504;N41.8094;12;
3;USA;Nebraska;Scotts Bluff;Mintle;W103.681;N41.9458;12;
3;USA;Nebraska;Scotts Bluff;Mitchell;W103.809;N41.9403;12;
3;USA;Nebraska;Scotts Bluff;Morrill Mobile Home Estates;W103.926;N41.9633;12;
3;USA;Nebraska;Scotts Bluff;Morrill;W103.926;N41.9633;12;
3;USA;Nebraska;Scotts Bluff;Northside Mobile Home Ranch;W103.688;N41.8917;12;
3;USA;Nebraska;Scotts Bluff;Pelton;W103.833;N41.9208;12;
3;USA;Nebraska;Scotts Bluff;Redus;W103.871;N41.9994;12;
3;USA;Nebraska;Scotts Bluff;Scottsbluff;W103.667;N41.8667;12;
3;USA;Nebraska;Scotts Bluff;Sears;W104.006;N41.8933;12;
3;USA;Nebraska;Scotts Bluff;South Mitchell;W103.813;N41.9111;12;
3;USA;Nebraska;Scotts Bluff;South Morrill;W103.928;N41.9297;12;
3;USA;Nebraska;Scotts Bluff;Stegall;W103.948;N41.8714;12;
3;USA;Nebraska;Scotts Bluff;Sunflower Mobile Home Park;W103.809;N41.9403;12;
3;USA;Nebraska;Scotts Bluff;Sunrise Village Mobile Home Park;W103.641;N41.8569;12;
3;USA;Nebraska;Scotts Bluff;Terrytown;W103.662;N41.8475;12;
3;USA;Nebraska;Scotts Bluff;Tony;W103.396;N41.8306;12;
3;USA;Nebraska;Scotts Bluff;Trout;W103.603;N41.8964;12;
3;USA;Nebraska;Seward;Beaver Crossing;W97.2822;N40.7786;12;
3;USA;Nebraska;Seward;Bee;W97.0572;N41.0064;12;
3;USA;Nebraska;Seward;Cordova;W97.3531;N40.7172;12;
3;USA;Nebraska;Seward;Garland;W96.9856;N40.9447;12;
3;USA;Nebraska;Seward;Goehner;W97.2211;N40.8322;12;
3;USA;Nebraska;Seward;Grover;W97.0378;N40.7797;12;
3;USA;Nebraska;Seward;Milford;W97.0506;N40.7744;12;
3;USA;Nebraska;Seward;Pleasant Dale;W96.9322;N40.7919;12;
3;USA;Nebraska;Seward;Riverside Park;W97.0511;N40.7875;12;
3;USA;Nebraska;Seward;Ruby;W97.0769;N40.8314;12;
3;USA;Nebraska;Seward;Seward;W97.0989;N40.9069;12;
3;USA;Nebraska;Seward;Staplehurst;W97.1725;N40.975;12;
3;USA;Nebraska;Seward;Tamora;W97.225;N40.8939;12;
3;USA;Nebraska;Seward;Twin Oaks Mobile Park;W97.1031;N40.8867;12;
3;USA;Nebraska;Seward;Utica;W97.3453;N40.8961;12;
3;USA;Nebraska;Sheridan;Antioch;W102.582;N42.0683;12;
3;USA;Nebraska;Sheridan;Bingham;W102.089;N42.0211;12;
3;USA;Nebraska;Sheridan;Clark Trailer Court;W102.203;N42.8047;12;
3;USA;Nebraska;Sheridan;Clinton;W102.349;N42.76;12;
3;USA;Nebraska;Sheridan;Ellsworth;W102.281;N42.0586;12;
3;USA;Nebraska;Sheridan;Gordon;W102.203;N42.8047;12;
3;USA;Nebraska;Sheridan;Hay Springs;W102.69;N42.6839;12;
3;USA;Nebraska;Sheridan;Hoffland;W102.658;N42.0753;12;
3;USA;Nebraska;Sheridan;Kellers Trailer Court;W102.203;N42.8047;12;
3;USA;Nebraska;Sheridan;Lakeside;W102.425;N42.0558;12;
3;USA;Nebraska;Sheridan;Otis Motel and Trailer Court;W102.203;N42.8047;12;
3;USA;Nebraska;Sheridan;Pine Ridge;W102.557;N42.9967;12;
3;USA;Nebraska;Sheridan;Rushville;W102.464;N42.7183;12;
3;USA;Nebraska;Sheridan;Shedeeds Trailer Court;W102.203;N42.8047;12;
3;USA;Nebraska;Sheridan;Whiteclay;W102.555;N42.9969;12;
3;USA;Nebraska;Sherman;Ashton;W98.7942;N41.2481;12;
3;USA;Nebraska;Sherman;Hazard;W99.0792;N41.0906;12;
3;USA;Nebraska;Sherman;Litchfield;W99.1556;N41.1575;12;
3;USA;Nebraska;Sherman;Loup City;W98.9667;N41.2756;12;
3;USA;Nebraska;Sherman;Rockville;W98.8317;N41.1183;12;
3;USA;Nebraska;Sioux;Agate;W103.794;N42.42;12;
3;USA;Nebraska;Sioux;Andrews;W103.734;N42.6314;12;
3;USA;Nebraska;Sioux;Five Points;W103.69;N42.7806;12;
3;USA;Nebraska;Sioux;Glen;W103.584;N42.6075;12;
3;USA;Nebraska;Sioux;Harrison;W103.883;N42.6872;12;
3;USA;Nebraska;Sioux;Joder;W103.552;N42.8583;12;
3;USA;Nebraska;Sioux;Montrose;W103.729;N42.9225;12;
3;USA;Nebraska;Sioux;Orella;W103.501;N42.8933;12;
3;USA;Nebraska;Sioux;Spurior Place;W103.906;N42.1447;12;
3;USA;Nebraska;Sioux;Story;W103.939;N42.93;12;
3;USA;Nebraska;Stanton;Pilger;W97.0539;N42.0086;12;
3;USA;Nebraska;Stanton;Spurville;W97.2142;N42.0189;12;
3;USA;Nebraska;Stanton;Stanton Mobile Park;W97.2239;N41.9503;12;
3;USA;Nebraska;Stanton;Stanton;W97.2239;N41.9503;12;
3;USA;Nebraska;Thayer;Alexandria;W97.3892;N40.2453;12;
3;USA;Nebraska;Thayer;Belvidere;W97.5578;N40.2519;12;
3;USA;Nebraska;Thayer;Bruning;W97.5658;N40.3361;12;
3;USA;Nebraska;Thayer;Byron;W97.7689;N40.0039;12;
3;USA;Nebraska;Thayer;Carleton;W97.6786;N40.3006;12;
3;USA;Nebraska;Thayer;Chester;W97.6183;N40.0103;12;
3;USA;Nebraska;Thayer;Davenport;W97.8119;N40.3128;12;
3;USA;Nebraska;Thayer;Deshler;W97.7228;N40.1408;12;
3;USA;Nebraska;Thayer;Gilead;W97.4131;N40.1464;12;
3;USA;Nebraska;Thayer;Hebron;W97.5858;N40.1664;12;
3;USA;Nebraska;Thayer;Hubbell;W97.4975;N40.0092;12;
3;USA;Nebraska;Thomas;Halsey;W100.269;N41.9033;12;
3;USA;Nebraska;Thomas;Natick;W100.439;N41.9558;12;
3;USA;Nebraska;Thomas;Norway;W100.718;N41.9989;12;
3;USA;Nebraska;Thomas;Seneca;W100.833;N42.0433;12;
3;USA;Nebraska;Thomas;Thedford;W100.576;N41.9783;12;
3;USA;Nebraska;Thurston;Macy;W96.3564;N42.1131;12;
3;USA;Nebraska;Thurston;Pender;W96.7072;N42.1142;12;
3;USA;Nebraska;Thurston;Rosalie;W96.5125;N42.0564;12;
3;USA;Nebraska;Thurston;Thurston;W96.7008;N42.1772;12;
3;USA;Nebraska;Thurston;Walthill;W96.4883;N42.1483;12;
3;USA;Nebraska;Thurston;Winnebago;W96.4725;N42.2358;12;
3;USA;Nebraska;Valley;Arcadia;W99.1261;N41.4233;12;
3;USA;Nebraska;Valley;Elyria;W99.0061;N41.6808;12;
3;USA;Nebraska;Valley;Kittles Trailer Court;W98.9261;N41.6033;12;
3;USA;Nebraska;Valley;Manchester Trailer Court;W98.9261;N41.6033;12;
3;USA;Nebraska;Valley;North Loup;W98.7731;N41.4953;12;
3;USA;Nebraska;Valley;Olean;W98.8075;N41.5608;12;
3;USA;Nebraska;Valley;Ord;W98.9261;N41.6033;12;
3;USA;Nebraska;Valley;Saunders;W98.8883;N41.5861;12;
3;USA;Nebraska;Valley;Spelts;W98.8472;N41.5967;12;
3;USA;Nebraska;Valley;Sumter;W98.7883;N41.5894;12;
3;USA;Nebraska;Washington;Arlington;W96.3511;N41.4525;12;
3;USA;Nebraska;Washington;Blair;W96.125;N41.5444;12;
3;USA;Nebraska;Washington;Country Estates Mobile Home Park;W96.1281;N41.5444;12;
3;USA;Nebraska;Washington;De Soto;W96.0575;N41.4986;12;
3;USA;Nebraska;Washington;Fontanelle;W96.4281;N41.5386;12;
3;USA;Nebraska;Washington;Fort Calhoun;W96.0264;N41.4558;12;
3;USA;Nebraska;Washington;Herman;W96.215;N41.6733;12;
3;USA;Nebraska;Washington;Kennard;W96.2033;N41.4731;12;
3;USA;Nebraska;Washington;Nashville;W95.9967;N41.4064;12;
3;USA;Nebraska;Washington;Orum;W96.2706;N41.5458;12;
3;USA;Nebraska;Washington;Telbasta;W96.3861;N41.5817;12;
3;USA;Nebraska;Washington;Washington;W96.2081;N41.3975;12;
3;USA;Nebraska;Wayne;Altona;W96.9922;N42.105;12;
3;USA;Nebraska;Wayne;Carroll;W97.1892;N42.2761;12;
3;USA;Nebraska;Wayne;Hoskins;W97.3061;N42.1122;12;
3;USA;Nebraska;Wayne;Sholes;W97.2944;N42.3328;12;
3;USA;Nebraska;Wayne;Wayne;W97.0178;N42.2306;12;
3;USA;Nebraska;Wayne;Winside;W97.175;N42.1764;12;
3;USA;Nebraska;Webster;Amboy;W98.4386;N40.0903;12;
3;USA;Nebraska;Webster;Bladen;W98.5947;N40.3222;12;
3;USA;Nebraska;Webster;Blue Hill;W98.4486;N40.3325;12;
3;USA;Nebraska;Webster;Cowles;W98.4456;N40.1717;12;
3;USA;Nebraska;Webster;Guide Rock;W98.3306;N40.0747;12;
3;USA;Nebraska;Webster;Inavale;W98.6494;N40.0914;12;
3;USA;Nebraska;Webster;Lester Junction;W98.4436;N40.0856;12;
3;USA;Nebraska;Webster;Pawnee Village;W98.4042;N40.0586;12;
3;USA;Nebraska;Webster;Red Cloud;W98.5194;N40.0889;12;
3;USA;Nebraska;Webster;Rosemont;W98.3642;N40.2869;12;
3;USA;Nebraska;Wheeler;Bartlett;W98.5522;N41.8853;12;
3;USA;Nebraska;Wheeler;Cumminsville;W98.5483;N41.9869;12;
3;USA;Nebraska;Wheeler;Day Ranch;W98.4069;N41.9442;12;
3;USA;Nebraska;Wheeler;Ericson;W98.6772;N41.78;12;
3;USA;Nebraska;Wheeler;Koinzan Ranch;W98.4097;N41.9722;12;
3;USA;Nebraska;Wheeler;Mignery Ranch;W98.4408;N41.9494;12;
3;USA;Nebraska;Wheeler;Stokes Ranch;W98.4833;N41.9775;12;
3;USA;Nebraska;York;Arborville;W97.7744;N41.0228;12;
3;USA;Nebraska;York;Benedict;W97.6064;N41.0058;12;
3;USA;Nebraska;York;Bradshaw;W97.7469;N40.8839;12;
3;USA;Nebraska;York;Gresham;W97.4022;N41.0283;12;
3;USA;Nebraska;York;Henderson;W97.8122;N40.7797;12;
3;USA;Nebraska;York;Houston;W97.54;N40.9158;12;
3;USA;Nebraska;York;Knox;W97.5897;N40.8139;12;
3;USA;Nebraska;York;Lushton;W97.725;N40.7247;12;
3;USA;Nebraska;York;Mapps;W97.6069;N40.9447;12;
3;USA;Nebraska;York;McCool Junction;W97.5975;N40.7442;12;
3;USA;Nebraska;York;Thayer;W97.4972;N40.9686;12;
3;USA;Nebraska;York;Waco;W97.4633;N40.8969;12;
3;USA;Nebraska;York;York;W97.5919;N40.8681;12;
