2;USA;New Mexico;Bernalillo;;W106.667;N35.05;9;
2;USA;New Mexico;Catron;;W109.046;N34.5225;9;
2;USA;New Mexico;Chaves;;W104.451;N33.3833;9;
2;USA;New Mexico;Cibola;;W109.059;N34.8608;9;
2;USA;New Mexico;Colfax;;W105.126;N36.8756;9;
2;USA;New Mexico;Curry;;W103.252;N34.9528;9;
2;USA;New Mexico;DeBaca;;W104.257;N34.7558;9;
2;USA;New Mexico;Dona Ana;;W106.376;N33.0006;9;
2;USA;New Mexico;Eddy;;W104.751;N32.8756;9;
2;USA;New Mexico;Grant;;W108.384;N32.7833;9;
2;USA;New Mexico;Guadalupe;;W105.251;N35.1256;9;
2;USA;New Mexico;Harding;;W104.376;N36.1256;9;
2;USA;New Mexico;Hidalgo;;W109.027;N32.6978;9;
2;USA;New Mexico;Lea;;W103.467;N32.8;9;
2;USA;New Mexico;Lincoln;;W105.251;N34.2506;9;
2;USA;New Mexico;Los Alamos;;W106.292;N35.8778;9;
2;USA;New Mexico;Luna;;W107.976;N32.5903;9;
2;USA;New Mexico;McKinley;;W109.034;N35.9;9;
2;USA;New Mexico;Mora;;W104.967;N35.9833;9;
2;USA;New Mexico;Otero;;W105.767;N32.5333;9;
2;USA;New Mexico;Quay;;W105.767;N35.0833;9;
2;USA;New Mexico;Rio Arriba;;W106.701;N36.5333;9;
2;USA;New Mexico;Roosevelt;;W103.451;N33.9667;9;
2;USA;New Mexico;San Juan;;W109.041;N36.9992;9;
2;USA;New Mexico;San Miguel;;W104.884;N35.4833;9;
2;USA;New Mexico;Sandoval;;W106.851;N35.65;9;
2;USA;New Mexico;Santa Fe;;W105.951;N35.5167;9;
2;USA;New Mexico;Sierra;;W107.301;N33.1167;9;
2;USA;New Mexico;Socorro;;W106.884;N34.0333;9;
2;USA;New Mexico;Taos;;W105.667;N36.5667;9;
2;USA;New Mexico;Torrance;;W105.817;N34.6333;9;
2;USA;New Mexico;Union;;W103.467;N36.45;9;
2;USA;New Mexico;Valencia;;W106.817;N34.7333;9;
3;USA;New Mexico;Bernalillo;Alameda;W106.618;N35.1867;12;
3;USA;New Mexico;Bernalillo;Albuquerque;W106.651;N35.0844;12;
3;USA;New Mexico;Bernalillo;Alley Place;W106.25;N34.9725;12;
3;USA;New Mexico;Bernalillo;Arenal;W106.704;N35.0533;12;
3;USA;New Mexico;Bernalillo;Armijo;W106.677;N35.0536;12;
3;USA;New Mexico;Bernalillo;Atrisco;W106.688;N35.0811;12;
3;USA;New Mexico;Bernalillo;Augustine;W106.194;N34.9369;12;
3;USA;New Mexico;Bernalillo;Barelas;W106.657;N35.0731;12;
3;USA;New Mexico;Bernalillo;Barr;W106.668;N34.9775;12;
3;USA;New Mexico;Bernalillo;Barton;W106.247;N35.0831;12;
3;USA;New Mexico;Bernalillo;Buena Ventura;W106.538;N35.0764;12;
3;USA;New Mexico;Bernalillo;Cañada Village;W106.503;N35.0664;12;
3;USA;New Mexico;Bernalillo;Cañoncito;W106.373;N35.1369;12;
3;USA;New Mexico;Bernalillo;Canyon Estates;W106.381;N35.0822;12;
3;USA;New Mexico;Bernalillo;Carnuel;W106.457;N35.0639;12;
3;USA;New Mexico;Bernalillo;Casa Loma;W106.386;N35.1108;12;
3;USA;New Mexico;Bernalillo;Cedar Crest;W106.373;N35.1075;12;
3;USA;New Mexico;Bernalillo;Cedro;W106.354;N35.0222;12;
3;USA;New Mexico;Bernalillo;Chelwood Park;W106.507;N35.0961;12;
3;USA;New Mexico;Bernalillo;Chilili;W106.233;N34.8894;12;
3;USA;New Mexico;Bernalillo;Dennis Chaves Estates;W106.318;N35.1228;12;
3;USA;New Mexico;Bernalillo;El Refugio;W106.338;N35.1175;12;
3;USA;New Mexico;Bernalillo;El Tablazon;W106.34;N35.1039;12;
3;USA;New Mexico;Bernalillo;Escabosa;W106.29;N34.925;12;
3;USA;New Mexico;Bernalillo;Five Points;W106.667;N35.0661;12;
3;USA;New Mexico;Bernalillo;Forest Park;W106.373;N35.1164;12;
3;USA;New Mexico;Bernalillo;Hahn;W106.635;N35.1306;12;
3;USA;New Mexico;Bernalillo;Herrera;W107.115;N35.1922;12;
3;USA;New Mexico;Bernalillo;Hoffmantown;W106.538;N35.1133;12;
3;USA;New Mexico;Bernalillo;Isleta Pueblo;W106.681;N34.9069;12;
3;USA;New Mexico;Bernalillo;Isleta Village Proper;W106.693;N34.9078;12;
3;USA;New Mexico;Bernalillo;Isleta;W106.689;N34.9072;12;
3;USA;New Mexico;Bernalillo;Juan Tomas;W106.298;N35.0269;12;
3;USA;New Mexico;Bernalillo;Kinney;W106.661;N35.0103;12;
3;USA;New Mexico;Bernalillo;Kirtland Addition;W106.631;N35.0553;12;
3;USA;New Mexico;Bernalillo;La Cuesta;W106.507;N35.0783;12;
3;USA;New Mexico;Bernalillo;Lee Acres;W106.647;N35.1486;12;
3;USA;New Mexico;Bernalillo;Los Candelarias;W106.664;N35.1233;12;
3;USA;New Mexico;Bernalillo;Los Duranes;W106.677;N35.1086;12;
3;USA;New Mexico;Bernalillo;Los Griegos;W106.651;N35.1394;12;
3;USA;New Mexico;Bernalillo;Los Padillas;W106.696;N34.9692;12;
3;USA;New Mexico;Bernalillo;Los Pinos;W106.317;N35.1158;12;
3;USA;New Mexico;Bernalillo;Los Ranchos de Albuquerque;W106.643;N35.1619;12;
3;USA;New Mexico;Bernalillo;Martinez Town;W106.642;N35.0892;12;
3;USA;New Mexico;Bernalillo;Mesa Village;W106.543;N35.0897;12;
3;USA;New Mexico;Bernalillo;Miera;W106.291;N34.965;12;
3;USA;New Mexico;Bernalillo;Monticello;W106.445;N35.0653;12;
3;USA;New Mexico;Bernalillo;Mountainview;W106.664;N34.995;12;
3;USA;New Mexico;Bernalillo;North Valley;W106.623;N35.1733;12;
3;USA;New Mexico;Bernalillo;Old Chilili;W106.197;N34.9064;12;
3;USA;New Mexico;Bernalillo;Old Town;W106.671;N35.095;12;
3;USA;New Mexico;Bernalillo;Pajarito;W106.697;N34.9864;12;
3;USA;New Mexico;Bernalillo;Paradise Hills;W106.701;N35.2006;12;
3;USA;New Mexico;Bernalillo;Ponderosa Pine;W106.324;N34.9769;12;
3;USA;New Mexico;Bernalillo;Ponderosa;W106.303;N34.9808;12;
3;USA;New Mexico;Bernalillo;Primera Agua;W106.378;N35.0833;12;
3;USA;New Mexico;Bernalillo;Rincon;W106.361;N35.1128;12;
3;USA;New Mexico;Bernalillo;San Antonio;W106.378;N35.1019;12;
3;USA;New Mexico;Bernalillo;San Antonito;W106.347;N35.1631;12;
3;USA;New Mexico;Bernalillo;San Jose;W106.647;N35.0578;12;
3;USA;New Mexico;Bernalillo;Sandia Heights;W106.491;N35.1769;12;
3;USA;New Mexico;Bernalillo;Sandia Knolls;W106.311;N35.1639;12;
3;USA;New Mexico;Bernalillo;Sandia Park;W106.366;N35.1678;12;
3;USA;New Mexico;Bernalillo;Sandia Vista;W106.523;N35.0847;12;
3;USA;New Mexico;Bernalillo;Sedillo;W106.296;N35.0997;12;
3;USA;New Mexico;Bernalillo;Sierra Vista Estates;W106.357;N35.1264;12;
3;USA;New Mexico;Bernalillo;South Valley;W106.678;N35.01;12;
3;USA;New Mexico;Bernalillo;Taylor Ranch;W106.72;N35.1686;12;
3;USA;New Mexico;Bernalillo;Tierra Monte Subdivision;W106.486;N35.2092;12;
3;USA;New Mexico;Bernalillo;Tijeras;W106.388;N35.0808;12;
3;USA;New Mexico;Bernalillo;Vista Encantada;W106.568;N35.1108;12;
3;USA;New Mexico;Bernalillo;Yrisarri;W106.291;N34.9664;12;
3;USA;New Mexico;Bernalillo;Zamora;W106.356;N35.1022;12;
3;USA;New Mexico;Catron;Alma;W108.903;N33.3794;12;
3;USA;New Mexico;Catron;Apache Creek;W108.625;N33.8331;12;
3;USA;New Mexico;Catron;Aragon;W108.539;N33.8811;12;
3;USA;New Mexico;Catron;Aspen Mountain;W108.966;N33.6981;12;
3;USA;New Mexico;Catron;Box Bar Place;W107.791;N34.4242;12;
3;USA;New Mexico;Catron;Claremont;W108.78;N33.4111;12;
3;USA;New Mexico;Catron;Cooney;W108.808;N33.4228;12;
3;USA;New Mexico;Catron;Cruzville;W108.665;N33.8072;12;
3;USA;New Mexico;Catron;Datil;W107.844;N34.145;12;
3;USA;New Mexico;Catron;Glenwood;W108.883;N33.3167;12;
3;USA;New Mexico;Catron;Greens Gap;W108.143;N34.0947;12;
3;USA;New Mexico;Catron;Gribble Place;W108.876;N33.9631;12;
3;USA;New Mexico;Catron;Gutierrezville;W107.924;N34.06;12;
3;USA;New Mexico;Catron;Jeffers Place;W107.774;N34.1956;12;
3;USA;New Mexico;Catron;Lehew;W108.036;N34.4575;12;
3;USA;New Mexico;Catron;Lower San Francisco Plaza;W108.787;N33.6628;12;
3;USA;New Mexico;Catron;Luna;W108.954;N33.8189;12;
3;USA;New Mexico;Catron;Mangas;W108.319;N34.1569;12;
3;USA;New Mexico;Catron;Manuelito Place;W108.777;N34.1436;12;
3;USA;New Mexico;Catron;McCord Place;W107.815;N34.4239;12;
3;USA;New Mexico;Catron;Mogollon;W108.794;N33.3967;12;
3;USA;New Mexico;Catron;New Horse Springs;W108.188;N33.925;12;
3;USA;New Mexico;Catron;Old Campbell Place;W108.892;N33.8444;12;
3;USA;New Mexico;Catron;Old Horse Springs;W108.228;N33.9244;12;
3;USA;New Mexico;Catron;Old Waterman Place;W108.738;N33.4314;12;
3;USA;New Mexico;Catron;Omega;W108.374;N34.3231;12;
3;USA;New Mexico;Catron;Pie Town;W108.135;N34.2983;12;
3;USA;New Mexico;Catron;Pleasanton;W108.873;N33.2722;12;
3;USA;New Mexico;Catron;Potato Patch;W108.908;N33.7553;12;
3;USA;New Mexico;Catron;Quemado;W108.496;N34.3439;12;
3;USA;New Mexico;Catron;Rancho Grande Estates;W108.862;N33.6856;12;
3;USA;New Mexico;Catron;Red Hill;W108.872;N34.2186;12;
3;USA;New Mexico;Catron;Reserve;W108.758;N33.7131;12;
3;USA;New Mexico;Catron;Ruyle Place;W108.921;N33.8497;12;
3;USA;New Mexico;Catron;Salt Lake;W108.77;N34.4533;12;
3;USA;New Mexico;Catron;San Francisco Plaza;W108.766;N33.6933;12;
3;USA;New Mexico;Catron;Satathite Place;W107.733;N33.9081;12;
3;USA;New Mexico;Catron;Spur Lake;W108.876;N33.9931;12;
3;USA;New Mexico;Catron;Tres Lagunas;W108.095;N34.3822;12;
3;USA;New Mexico;Catron;Webster Place;W107.879;N34.2117;12;
3;USA;New Mexico;Catron;Wilcox Peak;W108.816;N33.2808;12;
3;USA;New Mexico;Catron;Willow Mountain;W108.677;N33.3508;12;
3;USA;New Mexico;Chaves;Acme;W104.329;N33.5922;12;
3;USA;New Mexico;Chaves;Beatty Wells;W103.95;N33.7258;12;
3;USA;New Mexico;Chaves;Boaz;W103.971;N33.7367;12;
3;USA;New Mexico;Chaves;Campbell;W104.197;N33.6081;12;
3;USA;New Mexico;Chaves;Center Mill;W104.775;N33.275;12;
3;USA;New Mexico;Chaves;Chisum;W104.419;N33.2619;12;
3;USA;New Mexico;Chaves;Corner Well;W103.631;N33.6422;12;
3;USA;New Mexico;Chaves;Deering Place;W104.29;N33.9544;12;
3;USA;New Mexico;Chaves;Dexter;W104.373;N33.1972;12;
3;USA;New Mexico;Chaves;Diamante Mill;W104.839;N33.3283;12;
3;USA;New Mexico;Chaves;Dunken;W105.203;N32.8128;12;
3;USA;New Mexico;Chaves;East Grand Plains;W104.438;N33.3356;12;
3;USA;New Mexico;Chaves;Elk;W105.334;N32.9431;12;
3;USA;New Mexico;Chaves;Elkins;W104.055;N33.6944;12;
3;USA;New Mexico;Chaves;Fairbanks;W104.486;N33.3531;12;
3;USA;New Mexico;Chaves;Greenfield;W104.349;N33.1653;12;
3;USA;New Mexico;Chaves;Hagerman;W104.327;N33.115;12;
3;USA;New Mexico;Chaves;Higgins Place;W104.525;N33.1794;12;
3;USA;New Mexico;Chaves;Highway Mill;W104.848;N33.3661;12;
3;USA;New Mexico;Chaves;Lake Arthur;W104.367;N32.9981;12;
3;USA;New Mexico;Chaves;Lake Van;W104.357;N33.1933;12;
3;USA;New Mexico;Chaves;Lone Wolf;W103.841;N33.6925;12;
3;USA;New Mexico;Chaves;Loving Place;W104.511;N33.1867;12;
3;USA;New Mexico;Chaves;McDermott Wells;W104.454;N33.7722;12;
3;USA;New Mexico;Chaves;Melena;W104.398;N33.5428;12;
3;USA;New Mexico;Chaves;Mesa;W104.678;N33.9842;12;
3;USA;New Mexico;Chaves;Midway;W104.451;N33.2947;12;
3;USA;New Mexico;Chaves;Mossman;W104.354;N33.0539;12;
3;USA;New Mexico;Chaves;Mountain View;W104.523;N33.34;12;
3;USA;New Mexico;Chaves;Old Longbotbam Place;W105.172;N32.9333;12;
3;USA;New Mexico;Chaves;Olive;W104.038;N33.9508;12;
3;USA;New Mexico;Chaves;River Mill;W104.755;N33.2933;12;
3;USA;New Mexico;Chaves;Robertson Wells;W103.922;N33.6994;12;
3;USA;New Mexico;Chaves;Roswell;W104.523;N33.3942;12;
3;USA;New Mexico;Chaves;Sherman Place;W104.63;N33.2872;12;
3;USA;New Mexico;Chaves;South Mill;W104.144;N33.1672;12;
3;USA;New Mexico;Chaves;South Spring Acres;W104.486;N33.3444;12;
3;USA;New Mexico;Chaves;South Spring;W104.473;N33.3356;12;
3;USA;New Mexico;Chaves;Vest Wells;W103.7;N33.6353;12;
3;USA;New Mexico;Cibola;Acoma Pueblo;W107.582;N34.8964;12;
3;USA;New Mexico;Cibola;Acoma Village;W107.587;N34.8986;12;
3;USA;New Mexico;Cibola;Acomita Lake;W107.614;N35.0703;12;
3;USA;New Mexico;Cibola;Acomita;W107.572;N35.0553;12;
3;USA;New Mexico;Cibola;Alaska;W107.596;N35.0528;12;
3;USA;New Mexico;Cibola;Anzac;W107.727;N35.0686;12;
3;USA;New Mexico;Cibola;Aragon;W108.132;N35.1092;12;
3;USA;New Mexico;Cibola;Atarque;W108.703;N34.7364;12;
3;USA;New Mexico;Cibola;Bibo;W107.389;N35.1742;12;
3;USA;New Mexico;Cibola;Bluewater;W107.986;N35.255;12;
3;USA;New Mexico;Cibola;Boon Place;W108.393;N35.2772;12;
3;USA;New Mexico;Cibola;Budville;W107.526;N35.07;12;
3;USA;New Mexico;Cibola;Casa Blanca;W107.471;N35.0456;12;
3;USA;New Mexico;Cibola;Casa Fria;W107.467;N35.2636;12;
3;USA;New Mexico;Cibola;Cebolletita;W107.396;N35.1744;12;
3;USA;New Mexico;Cibola;Copperton;W108.15;N35.1461;12;
3;USA;New Mexico;Cibola;Crane Place;W107.384;N34.815;12;
3;USA;New Mexico;Cibola;Cubero;W107.518;N35.0858;12;
3;USA;New Mexico;Cibola;Diener;W108.127;N35.1747;12;
3;USA;New Mexico;Cibola;El Morro;W108.32;N35.0444;12;
3;USA;New Mexico;Cibola;El Morro;W108.351;N35.0117;12;
3;USA;New Mexico;Cibola;El Rito;W107.3;N34.9992;12;
3;USA;New Mexico;Cibola;Encinal;W107.465;N35.1172;12;
3;USA;New Mexico;Cibola;Fence Lake;W108.678;N34.6533;12;
3;USA;New Mexico;Cibola;Grants;W107.851;N35.1472;12;
3;USA;New Mexico;Cibola;Grassie Place;W108.357;N34.6867;12;
3;USA;New Mexico;Cibola;Harrisburg;W107.502;N35.0481;12;
3;USA;New Mexico;Cibola;Hogg Place;W108.252;N34.6892;12;
3;USA;New Mexico;Cibola;Hughes Place;W107.781;N34.6781;12;
3;USA;New Mexico;Cibola;Julian Place;W108.243;N34.6547;12;
3;USA;New Mexico;Cibola;Laguna;W107.383;N35.0367;12;
3;USA;New Mexico;Cibola;Marmon;W107.301;N35.0172;12;
3;USA;New Mexico;Cibola;McCartys;W107.669;N35.0628;12;
3;USA;New Mexico;Cibola;McCord Place;W107.674;N34.6986;12;
3;USA;New Mexico;Cibola;Mesita;W107.313;N35.0183;12;
3;USA;New Mexico;Cibola;Milan;W107.891;N35.1697;12;
3;USA;New Mexico;Cibola;Moquino;W107.369;N35.1725;12;
3;USA;New Mexico;Cibola;New Laguna;W107.422;N35.0408;12;
3;USA;New Mexico;Cibola;New York;W107.527;N35.0586;12;
3;USA;New Mexico;Cibola;North Acomita Village;W107.566;N35.0633;12;
3;USA;New Mexico;Cibola;Ojo Caliente;W108.968;N34.9167;12;
3;USA;New Mexico;Cibola;Orchard Place;W107.477;N34.6928;12;
3;USA;New Mexico;Cibola;Paguate;W107.379;N35.1386;12;
3;USA;New Mexico;Cibola;Paraje;W107.476;N35.0553;12;
3;USA;New Mexico;Cibola;Paxton Springs;W108.067;N35.0392;12;
3;USA;New Mexico;Cibola;Philadelphia;W107.512;N35.0394;12;
3;USA;New Mexico;Cibola;Piedra Lumbre;W107.241;N35.1558;12;
3;USA;New Mexico;Cibola;Pinehill;W108.411;N34.9992;12;
3;USA;New Mexico;Cibola;Romero Place;W107.4;N34.87;12;
3;USA;New Mexico;Cibola;San Fidel;W107.599;N35.0822;12;
3;USA;New Mexico;Cibola;San Mateo;W107.643;N35.3314;12;
3;USA;New Mexico;Cibola;San Rafael;W107.882;N35.1125;12;
3;USA;New Mexico;Cibola;Sand Corner;W108.329;N35.0981;12;
3;USA;New Mexico;Cibola;Sawyer;W108.248;N35.1792;12;
3;USA;New Mexico;Cibola;Seama;W107.525;N35.0397;12;
3;USA;New Mexico;Cibola;Seboyeta;W107.389;N35.2011;12;
3;USA;New Mexico;Cibola;Techado;W108.387;N34.5853;12;
3;USA;New Mexico;Cibola;Tinaja;W108.264;N35.0825;12;
3;USA;New Mexico;Cibola;Tingle;W108.541;N34.6719;12;
3;USA;New Mexico;Cibola;Toltec;W107.91;N35.2144;12;
3;USA;New Mexico;Cibola;Villa de Cubero;W107.542;N35.0847;12;
3;USA;New Mexico;Cibola;West Village;W107.582;N35.0525;12;
3;USA;New Mexico;Colfax;Abbott;W104.259;N36.3056;12;
3;USA;New Mexico;Colfax;Agua Fria;W105.299;N36.43;12;
3;USA;New Mexico;Colfax;Angel Fire;W105.285;N36.3931;12;
3;USA;New Mexico;Colfax;Banning Place;W105.129;N36.9222;12;
3;USA;New Mexico;Colfax;Black Lake Resorts;W105.244;N36.2739;12;
3;USA;New Mexico;Colfax;Black Lake;W105.259;N36.2983;12;
3;USA;New Mexico;Colfax;Brilliant;W104.534;N36.9561;12;
3;USA;New Mexico;Colfax;Capitan Hill;W104.774;N36.6703;12;
3;USA;New Mexico;Colfax;Carisbrook;W104.371;N36.9169;12;
3;USA;New Mexico;Colfax;Casa Grande;W104.979;N36.8883;12;
3;USA;New Mexico;Colfax;Chico;W104.193;N36.4867;12;
3;USA;New Mexico;Colfax;Cimarron;W104.916;N36.5108;12;
3;USA;New Mexico;Colfax;Colfax;W104.738;N36.5967;12;
3;USA;New Mexico;Colfax;Colmor;W104.649;N36.2206;12;
3;USA;New Mexico;Colfax;Dawson;W104.775;N36.6642;12;
3;USA;New Mexico;Colfax;Dillon;W104.456;N36.8656;12;
3;USA;New Mexico;Colfax;Eagle Nest;W105.264;N36.5547;12;
3;USA;New Mexico;Colfax;Elizabethtown;W105.284;N36.6192;12;
3;USA;New Mexico;Colfax;Farley;W104.039;N36.3528;12;
3;USA;New Mexico;Colfax;French;W104.558;N36.4742;12;
3;USA;New Mexico;Colfax;Gardiner;W104.483;N36.8853;12;
3;USA;New Mexico;Colfax;Hebron;W104.466;N36.7386;12;
3;USA;New Mexico;Colfax;Idlewild;W105.305;N36.5494;12;
3;USA;New Mexico;Colfax;Keota;W104.476;N36.9544;12;
3;USA;New Mexico;Colfax;Kiowa;W104.108;N36.6539;12;
3;USA;New Mexico;Colfax;Koehler;W104.618;N36.7408;12;
3;USA;New Mexico;Colfax;Lakeview Pines;W105.304;N36.5086;12;
3;USA;New Mexico;Colfax;Maxwell;W104.543;N36.54;12;
3;USA;New Mexico;Colfax;McCrystal Place;W105.145;N36.8106;12;
3;USA;New Mexico;Colfax;McDaniel Cimarron Place;W104.847;N36.4683;12;
3;USA;New Mexico;Colfax;Miami;W104.793;N36.35;12;
3;USA;New Mexico;Colfax;Raton;W104.439;N36.9033;12;
3;USA;New Mexico;Colfax;Rayado;W104.927;N36.3686;12;
3;USA;New Mexico;Colfax;Ring Place;W105.121;N36.7722;12;
3;USA;New Mexico;Colfax;Schomberg;W104.499;N36.6389;12;
3;USA;New Mexico;Colfax;Shuree;W105.192;N36.7714;12;
3;USA;New Mexico;Colfax;Six Mile Gate;W104.964;N36.5872;12;
3;USA;New Mexico;Colfax;Springer;W104.595;N36.3611;12;
3;USA;New Mexico;Colfax;Sugarite;W104.382;N36.9439;12;
3;USA;New Mexico;Colfax;Sunny Side;W104.902;N36.3636;12;
3;USA;New Mexico;Colfax;Taylor Springs;W104.492;N36.3272;12;
3;USA;New Mexico;Colfax;Tinaja;W104.39;N36.6531;12;
3;USA;New Mexico;Colfax;Toril;W104.586;N36.3875;12;
3;USA;New Mexico;Colfax;Urraca Place;W104.844;N36.41;12;
3;USA;New Mexico;Colfax;Ute Park;W105.115;N36.5581;12;
3;USA;New Mexico;Colfax;Val Verde Ski Area;W105.322;N36.555;12;
3;USA;New Mexico;Colfax;Valdez Place;W104.854;N36.2742;12;
3;USA;New Mexico;Colfax;Van Houten;W104.566;N36.7922;12;
3;USA;New Mexico;Colfax;Virginia City;W105.24;N36.5797;12;
3;USA;New Mexico;Colfax;Yankee;W104.328;N36.945;12;
3;USA;New Mexico;Curry;Bellview;W103.108;N34.8211;12;
3;USA;New Mexico;Curry;Broadview;W103.214;N34.8194;12;
3;USA;New Mexico;Curry;Claud;W103.179;N34.5942;12;
3;USA;New Mexico;Curry;Clovis;W103.205;N34.4047;12;
3;USA;New Mexico;Curry;Field;W103.566;N34.6286;12;
3;USA;New Mexico;Curry;Gallaher;W103.297;N34.4028;12;
3;USA;New Mexico;Curry;Grady;W103.317;N34.8214;12;
3;USA;New Mexico;Curry;Grier;W103.399;N34.4106;12;
3;USA;New Mexico;Curry;Hollene;W103.091;N34.7775;12;
3;USA;New Mexico;Curry;Melrose;W103.632;N34.4303;12;
3;USA;New Mexico;Curry;Pleasant Hill;W103.074;N34.5203;12;
3;USA;New Mexico;Curry;Portair;W103.302;N34.4053;12;
3;USA;New Mexico;Curry;Ranchvale;W103.319;N34.4925;12;
3;USA;New Mexico;Curry;Saint Vrain;W103.49;N34.4161;12;
3;USA;New Mexico;Curry;Texico;W103.051;N34.3886;12;
3;USA;New Mexico;Curry;Weber City;W103.636;N34.6336;12;
3;USA;New Mexico;DeBaca;Agudo;W104.304;N34.4053;12;
3;USA;New Mexico;DeBaca;Dunlap;W104.529;N34.0847;12;
3;USA;New Mexico;DeBaca;Evanola;W104.494;N34.4158;12;
3;USA;New Mexico;DeBaca;Fort Sumner;W104.246;N34.4717;12;
3;USA;New Mexico;DeBaca;Guadalupe;W104.428;N34.5461;12;
3;USA;New Mexico;DeBaca;La Lande;W104.134;N34.4481;12;
3;USA;New Mexico;DeBaca;Lake Sumner;W104.377;N34.6228;12;
3;USA;New Mexico;DeBaca;Largo;W104.712;N34.4469;12;
3;USA;New Mexico;DeBaca;Salado;W104.412;N34.5878;12;
3;USA;New Mexico;DeBaca;Taiban;W104.009;N34.44;12;
3;USA;New Mexico;DeBaca;Yeso;W104.61;N34.4392;12;
3;USA;New Mexico;Dona Ana;Aden;W107.127;N32.1528;12;
3;USA;New Mexico;Dona Ana;Afton;W106.944;N32.0728;12;
3;USA;New Mexico;Dona Ana;Anapra;W106.564;N31.7842;12;
3;USA;New Mexico;Dona Ana;Angostura;W107.093;N32.6519;12;
3;USA;New Mexico;Dona Ana;Anthony;W106.606;N32.0039;12;
3;USA;New Mexico;Dona Ana;Berino;W106.621;N32.0708;12;
3;USA;New Mexico;Dona Ana;Boyd;W106.574;N32.3225;12;
3;USA;New Mexico;Dona Ana;Chamberino;W106.675;N32.0497;12;
3;USA;New Mexico;Dona Ana;Chamberino;W106.686;N32.04;12;
3;USA;New Mexico;Dona Ana;Chapparal;W106.418;N32.035;12;
3;USA;New Mexico;Dona Ana;Chappel;W107.185;N32.1917;12;
3;USA;New Mexico;Dona Ana;Doña Ana;W106.814;N32.3894;12;
3;USA;New Mexico;Dona Ana;El Ojito;W106.678;N32.0053;12;
3;USA;New Mexico;Dona Ana;Fairacres;W106.847;N32.3039;12;
3;USA;New Mexico;Dona Ana;Fort Selden;W106.913;N32.4836;12;
3;USA;New Mexico;Dona Ana;Four Points;W106.786;N32.265;12;
3;USA;New Mexico;Dona Ana;Garfield;W107.264;N32.7569;12;
3;USA;New Mexico;Dona Ana;Grama;W107.032;N32.7428;12;
3;USA;New Mexico;Dona Ana;Hacienda Acres;W106.578;N32.0019;12;
3;USA;New Mexico;Dona Ana;Hatch;W107.153;N32.6653;12;
3;USA;New Mexico;Dona Ana;Hersey Place;W107.079;N32.5128;12;
3;USA;New Mexico;Dona Ana;Hill;W106.854;N32.4272;12;
3;USA;New Mexico;Dona Ana;Hockett;W107.285;N32.6025;12;
3;USA;New Mexico;Dona Ana;Kenzin;W107.016;N32.1064;12;
3;USA;New Mexico;Dona Ana;Kimball Place;W107.045;N32.5147;12;
3;USA;New Mexico;Dona Ana;La Mesa;W106.708;N32.1219;12;
3;USA;New Mexico;Dona Ana;La Union Vieja;W106.669;N31.9408;12;
3;USA;New Mexico;Dona Ana;La Union;W106.662;N31.9506;12;
3;USA;New Mexico;Dona Ana;Lanark;W106.816;N31.97;12;
3;USA;New Mexico;Dona Ana;Las Cruces;W106.778;N32.3122;12;
3;USA;New Mexico;Dona Ana;Leasburg;W106.883;N32.4539;12;
3;USA;New Mexico;Dona Ana;Lizard;W106.629;N31.8217;12;
3;USA;New Mexico;Dona Ana;Malpais;W107.253;N31.7983;12;
3;USA;New Mexico;Dona Ana;Mastodon;W106.696;N31.8219;12;
3;USA;New Mexico;Dona Ana;Mesilla Park;W106.767;N32.2758;12;
3;USA;New Mexico;Dona Ana;Mesilla;W106.801;N32.27;12;
3;USA;New Mexico;Dona Ana;Mesquite;W106.697;N32.1644;12;
3;USA;New Mexico;Dona Ana;Noria;W106.863;N31.8047;12;
3;USA;New Mexico;Dona Ana;Orange;W106.636;N31.8608;12;
3;USA;New Mexico;Dona Ana;Organ;W106.597;N32.4256;12;
3;USA;New Mexico;Dona Ana;Picacho;W106.85;N32.3247;12;
3;USA;New Mexico;Dona Ana;Placitas;W107.169;N32.665;12;
3;USA;New Mexico;Dona Ana;Potrillo;W106.993;N31.8017;12;
3;USA;New Mexico;Dona Ana;Pronto;W107.063;N32.1242;12;
3;USA;New Mexico;Dona Ana;Radium Springs;W106.928;N32.5011;12;
3;USA;New Mexico;Dona Ana;Rincon;W107.065;N32.6728;12;
3;USA;New Mexico;Dona Ana;Rodey;W107.136;N32.6567;12;
3;USA;New Mexico;Dona Ana;Rutter;W106.875;N32.0214;12;
3;USA;New Mexico;Dona Ana;Salem;W107.213;N32.7075;12;
3;USA;New Mexico;Dona Ana;San Miguel;W106.735;N32.1553;12;
3;USA;New Mexico;Dona Ana;San Pablo;W106.773;N32.2494;12;
3;USA;New Mexico;Dona Ana;San Ysidro;W106.811;N32.3508;12;
3;USA;New Mexico;Dona Ana;Santa Teresa;W106.639;N31.8558;12;
3;USA;New Mexico;Dona Ana;Santo Tomas;W106.746;N32.1817;12;
3;USA;New Mexico;Dona Ana;Spaceport City;W106.684;N32.3958;12;
3;USA;New Mexico;Dona Ana;Strauss;W106.699;N31.8642;12;
3;USA;New Mexico;Dona Ana;Sunland Park;W106.58;N31.7964;12;
3;USA;New Mexico;Dona Ana;Tonuco;W106.997;N32.5908;12;
3;USA;New Mexico;Dona Ana;Tortugas;W106.753;N32.27;12;
3;USA;New Mexico;Dona Ana;University Park;W106.753;N32.2833;12;
3;USA;New Mexico;Dona Ana;Vado;W106.662;N32.1117;12;
3;USA;New Mexico;Dona Ana;Vevay;W106.76;N31.9186;12;
3;USA;New Mexico;Dona Ana;White Sands;W106.479;N32.3808;12;
3;USA;New Mexico;Eddy;Artesia;W104.403;N32.8422;12;
3;USA;New Mexico;Eddy;Atoka;W104.389;N32.7694;12;
3;USA;New Mexico;Eddy;Avalon;W104.237;N32.4975;12;
3;USA;New Mexico;Eddy;Barber Crossing;W104.397;N32.4853;12;
3;USA;New Mexico;Eddy;Black River Village;W104.253;N32.2017;12;
3;USA;New Mexico;Eddy;Carlsbad;W104.229;N32.4206;12;
3;USA;New Mexico;Eddy;Cole Place;W104.744;N32.8203;12;
3;USA;New Mexico;Eddy;Dayton;W104.385;N32.7314;12;
3;USA;New Mexico;Eddy;Espuela;W104.388;N32.9297;12;
3;USA;New Mexico;Eddy;Four Forks;W104.36;N32.3903;12;
3;USA;New Mexico;Eddy;Four Wells;W104.717;N32.3731;12;
3;USA;New Mexico;Eddy;Frontier Post;W104.395;N32.6886;12;
3;USA;New Mexico;Eddy;Hagerman Heights;W104.221;N32.4161;12;
3;USA;New Mexico;Eddy;Harkey Crossing;W104.198;N32.2364;12;
3;USA;New Mexico;Eddy;Harroun Crossing;W104.049;N32.2406;12;
3;USA;New Mexico;Eddy;Hope;W104.733;N32.8103;12;
3;USA;New Mexico;Eddy;Hunter Place;W104.739;N32.8625;12;
3;USA;New Mexico;Eddy;Illinois Camp;W104.213;N32.7094;12;
3;USA;New Mexico;Eddy;Knowles Place;W104.58;N32.5589;12;
3;USA;New Mexico;Eddy;La Huerta;W104.221;N32.4428;12;
3;USA;New Mexico;Eddy;Loco Hills;W103.978;N32.8189;12;
3;USA;New Mexico;Eddy;Lookout Crossing;W104.119;N32.2253;12;
3;USA;New Mexico;Eddy;Loving;W104.096;N32.2861;12;
3;USA;New Mexico;Eddy;Malaga;W104.073;N32.2239;12;
3;USA;New Mexico;Eddy;Old Horner Place;W104.507;N32.7989;12;
3;USA;New Mexico;Eddy;Otis;W104.169;N32.3511;12;
3;USA;New Mexico;Eddy;Pierce Canyon Crossing;W103.978;N32.1892;12;
3;USA;New Mexico;Eddy;Queen;W104.746;N32.1908;12;
3;USA;New Mexico;Eddy;Red Bluff;W104.04;N32.0739;12;
3;USA;New Mexico;Eddy;Riverside;W104.282;N32.8289;12;
3;USA;New Mexico;Eddy;Ross Place;W103.726;N32.0719;12;
3;USA;New Mexico;Eddy;San Jose;W104.232;N32.4081;12;
3;USA;New Mexico;Eddy;Seven Rivers;W104.422;N32.595;12;
3;USA;New Mexico;Eddy;Three Forks;W104.782;N32.3514;12;
3;USA;New Mexico;Eddy;West Carlsbad;W104.255;N32.4261;12;
3;USA;New Mexico;Eddy;Whites City;W104.377;N32.1756;12;
3;USA;New Mexico;Grant;Arenas Valley;W108.184;N32.7939;12;
3;USA;New Mexico;Grant;Bayard;W108.131;N32.7617;12;
3;USA;New Mexico;Grant;Big Mill;W107.992;N32.6589;12;
3;USA;New Mexico;Grant;Bloodgood Place;W107.97;N33.0514;12;
3;USA;New Mexico;Grant;Brockman;W108.485;N32.1231;12;
3;USA;New Mexico;Grant;Buckhorn;W108.708;N33.0369;12;
3;USA;New Mexico;Grant;Central;W108.154;N32.7764;12;
3;USA;New Mexico;Grant;Chapman Place;W108.993;N32.8908;12;
3;USA;New Mexico;Grant;Cliff;W108.611;N32.9622;12;
3;USA;New Mexico;Grant;Cobre;W108.112;N32.7806;12;
3;USA;New Mexico;Grant;Dwyer;W107.867;N32.6283;12;
3;USA;New Mexico;Grant;Edgal Place;W108.582;N32.6808;12;
3;USA;New Mexico;Grant;Estes Place;W108.921;N32.8853;12;
3;USA;New Mexico;Grant;Fierro;W108.078;N32.8453;12;
3;USA;New Mexico;Grant;Fort Bayard;W108.15;N32.7961;12;
3;USA;New Mexico;Grant;Gila Hot Springs;W108.207;N33.1958;12;
3;USA;New Mexico;Grant;Gila;W108.577;N32.9658;12;
3;USA;New Mexico;Grant;Guess Place;W108.264;N32.1742;12;
3;USA;New Mexico;Grant;Hachita;W108.32;N31.9181;12;
3;USA;New Mexico;Grant;Hanover Junction;W108.115;N32.7783;12;
3;USA;New Mexico;Grant;Hanover;W108.091;N32.8133;12;
3;USA;New Mexico;Grant;Harden Cienega;W109.039;N33.1733;12;
3;USA;New Mexico;Grant;Hext Place;W108.929;N32.8158;12;
3;USA;New Mexico;Grant;Hurley;W108.132;N32.6992;12;
3;USA;New Mexico;Grant;Little Walnut Village;W108.274;N32.8353;12;
3;USA;New Mexico;Grant;Mangas Springs;W108.512;N32.8425;12;
3;USA;New Mexico;Grant;Matthew Place;W108.836;N32.8492;12;
3;USA;New Mexico;Grant;McKelvey Place;W108.89;N32.8233;12;
3;USA;New Mexico;Grant;Mimbres;W107.98;N32.8561;12;
3;USA;New Mexico;Grant;Minero;W108.376;N31.935;12;
3;USA;New Mexico;Grant;Moore Place;W108.987;N32.8914;12;
3;USA;New Mexico;Grant;Mule Creek;W108.956;N33.1219;12;
3;USA;New Mexico;Grant;North Hurley;W108.132;N32.7228;12;
3;USA;New Mexico;Grant;Oak Grove;W108.345;N32.6308;12;
3;USA;New Mexico;Grant;Old Hachita;W108.433;N31.9139;12;
3;USA;New Mexico;Grant;Pinos Altos;W108.221;N32.8633;12;
3;USA;New Mexico;Grant;Pothook;W108.495;N31.9747;12;
3;USA;New Mexico;Grant;Rastus Place;W108.423;N33.0125;12;
3;USA;New Mexico;Grant;Redrock;W108.738;N32.6861;12;
3;USA;New Mexico;Grant;Redstone;W108.198;N32.9392;12;
3;USA;New Mexico;Grant;Riverside;W108.596;N32.9317;12;
3;USA;New Mexico;Grant;San Juan;W107.905;N32.7608;12;
3;USA;New Mexico;Grant;San Lorenzo;W107.92;N32.81;12;
3;USA;New Mexico;Grant;Santa Clara;W108.15;N32.7794;12;
3;USA;New Mexico;Grant;Separ;W108.422;N32.2008;12;
3;USA;New Mexico;Grant;Sherman;W107.886;N32.7467;12;
3;USA;New Mexico;Grant;Sid Place;W108.97;N32.9369;12;
3;USA;New Mexico;Grant;Silver Acres;W108.264;N32.73;12;
3;USA;New Mexico;Grant;Silver City;W108.28;N32.77;12;
3;USA;New Mexico;Grant;Turnerville;W108.085;N32.8019;12;
3;USA;New Mexico;Grant;Tyrone;W108.302;N32.7097;12;
3;USA;New Mexico;Grant;Union Hill;W108.079;N32.8344;12;
3;USA;New Mexico;Grant;Vanadium;W108.118;N32.7792;12;
3;USA;New Mexico;Grant;Vista;W108.439;N31.9653;12;
3;USA;New Mexico;Grant;White Signal;W108.366;N32.5558;12;
3;USA;New Mexico;Grant;Whitewater;W108.134;N32.5814;12;
3;USA;New Mexico;Grant;Wilna;W108.235;N32.2069;12;
3;USA;New Mexico;Grant;Wimsattville;W108.084;N32.8056;12;
3;USA;New Mexico;Guadalupe;Anton Chico;W105.142;N35.2;12;
3;USA;New Mexico;Guadalupe;Arabella;W104.784;N34.8636;12;
3;USA;New Mexico;Guadalupe;Borica;W104.648;N34.6753;12;
3;USA;New Mexico;Guadalupe;Colonias;W104.847;N35.1097;12;
3;USA;New Mexico;Guadalupe;Cuervo;W104.409;N35.0311;12;
3;USA;New Mexico;Guadalupe;Dahlia;W105.277;N35.1214;12;
3;USA;New Mexico;Guadalupe;Dilia;W105.064;N35.1931;12;
3;USA;New Mexico;Guadalupe;Double Mills;W104.523;N35.0656;12;
3;USA;New Mexico;Guadalupe;Joffre;W105.044;N34.4872;12;
3;USA;New Mexico;Guadalupe;Leoncito;W105.139;N34.6717;12;
3;USA;New Mexico;Guadalupe;Llano Del Medio;W105.11;N35.1897;12;
3;USA;New Mexico;Guadalupe;Llano Viejo;W105.126;N35.1878;12;
3;USA;New Mexico;Guadalupe;Los Ojitos;W104.461;N34.6853;12;
3;USA;New Mexico;Guadalupe;Los Tanos;W104.543;N34.9953;12;
3;USA;New Mexico;Guadalupe;Milagro;W105.239;N34.9383;12;
3;USA;New Mexico;Guadalupe;Newkirk;W104.265;N35.0683;12;
3;USA;New Mexico;Guadalupe;Pastura;W104.945;N34.7828;12;
3;USA;New Mexico;Guadalupe;Pintada;W105.072;N34.8822;12;
3;USA;New Mexico;Guadalupe;Puerto De Luna;W104.621;N34.8319;12;
3;USA;New Mexico;Guadalupe;San Ignacio;W104.946;N34.9133;12;
3;USA;New Mexico;Guadalupe;Santa Rosa;W104.683;N34.9386;12;
3;USA;New Mexico;Guadalupe;Tejon;W105.286;N34.5897;12;
3;USA;New Mexico;Guadalupe;Tony;W105.182;N34.615;12;
3;USA;New Mexico;Guadalupe;Upper Anton Chico;W105.169;N35.2083;12;
3;USA;New Mexico;Guadalupe;Upper Dilia;W105.081;N35.1847;12;
3;USA;New Mexico;Guadalupe;Vaughn;W105.208;N34.6017;12;
3;USA;New Mexico;Guadalupe;Vegas Junction;W104.991;N34.9764;12;
3;USA;New Mexico;Harding;Albert;W103.865;N35.9344;12;
3;USA;New Mexico;Harding;Bates Place;W103.413;N35.4944;12;
3;USA;New Mexico;Harding;Brown Place;W103.419;N35.5356;12;
3;USA;New Mexico;Harding;Bueyeros;W103.687;N35.9794;12;
3;USA;New Mexico;Harding;Dehaven;W103.827;N36.0617;12;
3;USA;New Mexico;Harding;Gallegos;W103.707;N35.6097;12;
3;USA;New Mexico;Harding;Mills;W104.255;N36.0853;12;
3;USA;New Mexico;Harding;Mosquero;W103.957;N35.7769;12;
3;USA;New Mexico;Harding;Rosebud Farms;W103.425;N35.8128;12;
3;USA;New Mexico;Harding;Rosebud;W103.446;N35.8411;12;
3;USA;New Mexico;Harding;Roy;W104.196;N35.9439;12;
3;USA;New Mexico;Harding;Sabino;W103.959;N35.9906;12;
3;USA;New Mexico;Harding;Solano;W104.067;N35.8483;12;
3;USA;New Mexico;Harding;Yates;W103.901;N36.1303;12;
3;USA;New Mexico;Hidalgo;Abe Yarbrough;W108.846;N31.6519;12;
3;USA;New Mexico;Hidalgo;Alamo Hueco;W108.427;N31.4406;12;
3;USA;New Mexico;Hidalgo;Animas;W108.807;N31.9489;12;
3;USA;New Mexico;Hidalgo;Antelope Wells;W108.509;N31.3489;12;
3;USA;New Mexico;Hidalgo;Antelope;W108.714;N31.9569;12;
3;USA;New Mexico;Hidalgo;Bene Dunagan;W108.823;N31.7139;12;
3;USA;New Mexico;Hidalgo;Birchfield;W108.852;N31.6308;12;
3;USA;New Mexico;Hidalgo;Cloverdale;W108.93;N31.4169;12;
3;USA;New Mexico;Hidalgo;Corner Ranch;W108.211;N31.3561;12;
3;USA;New Mexico;Hidalgo;Cotton City;W108.879;N32.0883;12;
3;USA;New Mexico;Hidalgo;Deer Creek Wells;W108.691;N31.4344;12;
3;USA;New Mexico;Hidalgo;Deer;W108.631;N31.3822;12;
3;USA;New Mexico;Hidalgo;Double Adobes;W108.756;N31.645;12;
3;USA;New Mexico;Hidalgo;Eakins;W108.825;N31.7208;12;
3;USA;New Mexico;Hidalgo;Eaton Place;W108.937;N31.6806;12;
3;USA;New Mexico;Hidalgo;Gary;W108.818;N32.3242;12;
3;USA;New Mexico;Hidalgo;Gibson Place;W108.795;N31.7642;12;
3;USA;New Mexico;Hidalgo;Gibson;W108.939;N31.6367;12;
3;USA;New Mexico;Hidalgo;High Lonesome Wells;W108.558;N31.4178;12;
3;USA;New Mexico;Hidalgo;Jim Robinson;W108.803;N31.7706;12;
3;USA;New Mexico;Hidalgo;Joe Yarbrough;W108.832;N31.6661;12;
3;USA;New Mexico;Hidalgo;Lisbon;W108.547;N32.2778;12;
3;USA;New Mexico;Hidalgo;Lordsburg;W108.709;N32.3503;12;
3;USA;New Mexico;Hidalgo;Lovett;W108.934;N31.6436;12;
3;USA;New Mexico;Hidalgo;Lower Lovett Place;W108.943;N31.6564;12;
3;USA;New Mexico;Hidalgo;Mace;W108.912;N31.6272;12;
3;USA;New Mexico;Hidalgo;McFarlands;W108.326;N31.4719;12;
3;USA;New Mexico;Hidalgo;McGhee Wells;W108.932;N32.1803;12;
3;USA;New Mexico;Hidalgo;Middle Wells;W108.834;N31.6697;12;
3;USA;New Mexico;Hidalgo;Mitchell Place;W108.614;N32.2467;12;
3;USA;New Mexico;Hidalgo;Mondel;W108.914;N32.2617;12;
3;USA;New Mexico;Hidalgo;Mouser Place;W108.922;N31.7994;12;
3;USA;New Mexico;Hidalgo;Old Isaacs Place;W108.898;N31.6947;12;
3;USA;New Mexico;Hidalgo;Pierce;W108.34;N31.4561;12;
3;USA;New Mexico;Hidalgo;Playas;W108.534;N31.9167;12;
3;USA;New Mexico;Hidalgo;Rock Cabin;W108.87;N31.7231;12;
3;USA;New Mexico;Hidalgo;Rodeo;W109.031;N31.8353;12;
3;USA;New Mexico;Hidalgo;Shakespeare;W108.738;N32.3258;12;
3;USA;New Mexico;Hidalgo;Spears;W108.817;N31.7297;12;
3;USA;New Mexico;Hidalgo;Steins;W108.989;N32.2292;12;
3;USA;New Mexico;Hidalgo;Ulmoris;W108.632;N32.3289;12;
3;USA;New Mexico;Hidalgo;Upper Lovett Place;W108.949;N31.6539;12;
3;USA;New Mexico;Hidalgo;Upshaw Place;W108.707;N31.6986;12;
3;USA;New Mexico;Hidalgo;Valedon;W108.745;N32.3175;12;
3;USA;New Mexico;Hidalgo;Virden;W109.002;N32.6869;12;
3;USA;New Mexico;Hidalgo;White Place;W108.609;N31.9689;12;
3;USA;New Mexico;Hidalgo;Windmill;W108.625;N31.9778;12;
3;USA;New Mexico;Hidalgo;Yarbrough Place;W108.718;N31.6822;12;
3;USA;New Mexico;Lea;Air Base City;W103.195;N32.7697;12;
3;USA;New Mexico;Lea;Andrews Place;W103.398;N32.0325;12;
3;USA;New Mexico;Lea;Arkansas Junction;W103.351;N32.6967;12;
3;USA;New Mexico;Lea;Baird Place;W103.428;N32.1608;12;
3;USA;New Mexico;Lea;Bennett;W103.211;N32.0678;12;
3;USA;New Mexico;Lea;Buckeye;W103.506;N32.8019;12;
3;USA;New Mexico;Lea;Caprock;W103.713;N33.3919;12;
3;USA;New Mexico;Lea;Cotton Place;W103.663;N32.2247;12;
3;USA;New Mexico;Lea;Crossroads;W103.34;N33.5122;12;
3;USA;New Mexico;Lea;Eunice;W103.159;N32.4372;12;
3;USA;New Mexico;Lea;Gladiola;W103.18;N33.2572;12;
3;USA;New Mexico;Lea;Halfway;W103.736;N32.5517;12;
3;USA;New Mexico;Lea;Hillburn City;W103.316;N33.0856;12;
3;USA;New Mexico;Lea;Hobbs;W103.136;N32.7025;12;
3;USA;New Mexico;Lea;Humble City;W103.219;N32.795;12;
3;USA;New Mexico;Lea;Jal;W103.194;N32.1131;12;
3;USA;New Mexico;Lea;Jones City;W103.126;N32.4706;12;
3;USA;New Mexico;Lea;Knowles;W103.128;N32.8403;12;
3;USA;New Mexico;Lea;Lea;W103.533;N32.5222;12;
3;USA;New Mexico;Lea;Lovington;W103.349;N32.9439;12;
3;USA;New Mexico;Lea;Maljamar;W103.763;N32.8561;12;
3;USA;New Mexico;Lea;Maypens;W103.153;N32.3603;12;
3;USA;New Mexico;Lea;McDonald;W103.317;N33.1406;12;
3;USA;New Mexico;Lea;Medlin Place;W103.373;N32.1228;12;
3;USA;New Mexico;Lea;Monument;W103.264;N32.6239;12;
3;USA;New Mexico;Lea;Nadine;W103.127;N32.6239;12;
3;USA;New Mexico;Lea;Ochoa;W103.44;N32.1917;12;
3;USA;New Mexico;Lea;Oil Center;W103.261;N32.4992;12;
3;USA;New Mexico;Lea;Peveler Place;W103.431;N33.145;12;
3;USA;New Mexico;Lea;Prairieview;W103.198;N33.0967;12;
3;USA;New Mexico;Lea;Tatum;W103.318;N33.2569;12;
3;USA;New Mexico;Lea;Warren;W103.147;N32.6092;12;
3;USA;New Mexico;Lincoln;Alpine Cellars Village;W105.692;N33.3744;12;
3;USA;New Mexico;Lincoln;Alto;W105.681;N33.3986;12;
3;USA;New Mexico;Lincoln;Ancho;W105.74;N33.9378;12;
3;USA;New Mexico;Lincoln;Angus;W105.666;N33.4453;12;
3;USA;New Mexico;Lincoln;Arabela;W105.173;N33.5869;12;
3;USA;New Mexico;Lincoln;Bluewater;W105.186;N33.5578;12;
3;USA;New Mexico;Lincoln;Bonito;W105.709;N33.4506;12;
3;USA;New Mexico;Lincoln;Capitan;W105.572;N33.5453;12;
3;USA;New Mexico;Lincoln;Carrizozo;W105.877;N33.6417;12;
3;USA;New Mexico;Lincoln;Coalora;W105.597;N33.5678;12;
3;USA;New Mexico;Lincoln;Cooper;W105.786;N33.93;12;
3;USA;New Mexico;Lincoln;Cora Crew;W106.025;N33.4825;12;
3;USA;New Mexico;Lincoln;Corona;W105.597;N34.2508;12;
3;USA;New Mexico;Lincoln;Coyote;W105.824;N33.8125;12;
3;USA;New Mexico;Lincoln;Double Crossing;W105.44;N33.5261;12;
3;USA;New Mexico;Lincoln;Encinoso;W105.483;N33.6856;12;
3;USA;New Mexico;Lincoln;Fort Stanton;W105.523;N33.4958;12;
3;USA;New Mexico;Lincoln;Gallinas;W105.654;N34.1503;12;
3;USA;New Mexico;Lincoln;Glencoe;W105.449;N33.4092;12;
3;USA;New Mexico;Lincoln;Hollywood;W105.635;N33.3233;12;
3;USA;New Mexico;Lincoln;Hondo;W105.271;N33.3875;12;
3;USA;New Mexico;Lincoln;Jicarilla;W105.663;N33.8689;12;
3;USA;New Mexico;Lincoln;Kimmons;W106.019;N33.4908;12;
3;USA;New Mexico;Lincoln;Largo;W105.79;N33.9019;12;
3;USA;New Mexico;Lincoln;Lincoln;W105.384;N33.4919;12;
3;USA;New Mexico;Lincoln;Lon;W105.124;N34.15;12;
3;USA;New Mexico;Lincoln;Lovelace;W106.041;N33.7681;12;
3;USA;New Mexico;Lincoln;Luna;W105.699;N33.9686;12;
3;USA;New Mexico;Lincoln;Nogal;W105.708;N33.5581;12;
3;USA;New Mexico;Lincoln;Oscura;W106.054;N33.4836;12;
3;USA;New Mexico;Lincoln;Picacho;W105.145;N33.3517;12;
3;USA;New Mexico;Lincoln;Pine Lodge;W105.245;N33.6231;12;
3;USA;New Mexico;Lincoln;Polly;W105.958;N33.5753;12;
3;USA;New Mexico;Lincoln;Ponderosa Heights;W105.684;N33.3444;12;
3;USA;New Mexico;Lincoln;Ramon;W104.9;N34.2328;12;
3;USA;New Mexico;Lincoln;Ramsdale Place;W105.723;N33.8022;12;
3;USA;New Mexico;Lincoln;Reventon;W105.64;N33.795;12;
3;USA;New Mexico;Lincoln;Riverside;W105.06;N33.3328;12;
3;USA;New Mexico;Lincoln;Roberson Place;W106.152;N33.4775;12;
3;USA;New Mexico;Lincoln;Robsart;W105.833;N33.7364;12;
3;USA;New Mexico;Lincoln;Ruidoso Downs;W105.604;N33.3289;12;
3;USA;New Mexico;Lincoln;Ruidoso;W105.673;N33.3317;12;
3;USA;New Mexico;Lincoln;San Patricio;W105.327;N33.4089;12;
3;USA;New Mexico;Lincoln;Sierra Vista;W105.693;N33.4089;12;
3;USA;New Mexico;Lincoln;Sun Valley;W105.683;N33.4122;12;
3;USA;New Mexico;Lincoln;Sunset;W105.075;N33.3394;12;
3;USA;New Mexico;Lincoln;Tecolote;W105.663;N34.0178;12;
3;USA;New Mexico;Lincoln;Tinnie;W105.226;N33.3706;12;
3;USA;New Mexico;Lincoln;Villa Madonna;W105.724;N33.4225;12;
3;USA;New Mexico;Lincoln;White Oaks;W105.736;N33.7475;12;
3;USA;New Mexico;Los Alamos;Los Alamos;W106.307;N35.8881;12;
3;USA;New Mexico;Los Alamos;Upper Frijoles Crossing;W106.361;N35.8153;12;
3;USA;New Mexico;Los Alamos;White Rock;W106.204;N35.8275;12;
3;USA;New Mexico;Luna;Akela;W107.406;N32.2458;12;
3;USA;New Mexico;Luna;Arena;W107.416;N31.8019;12;
3;USA;New Mexico;Luna;Cambray;W107.317;N32.2253;12;
3;USA;New Mexico;Luna;Carne;W107.571;N32.2881;12;
3;USA;New Mexico;Luna;Columbus;W107.64;N31.8275;12;
3;USA;New Mexico;Luna;Deming;W107.759;N32.2686;12;
3;USA;New Mexico;Luna;Eller Place;W107.973;N32.0225;12;
3;USA;New Mexico;Luna;Florida;W107.577;N32.4158;12;
3;USA;New Mexico;Luna;Gage;W108.086;N32.2294;12;
3;USA;New Mexico;Luna;Hermanas;W107.952;N31.8508;12;
3;USA;New Mexico;Luna;Mimbres;W107.754;N31.8006;12;
3;USA;New Mexico;Luna;Mirage;W107.661;N32.33;12;
3;USA;New Mexico;Luna;Myndus;W107.457;N32.26;12;
3;USA;New Mexico;Luna;Nutt;W107.449;N32.5728;12;
3;USA;New Mexico;Luna;Old Town;W107.915;N32.5531;12;
3;USA;New Mexico;Luna;Peruhill;W107.807;N32.3031;12;
3;USA;New Mexico;Luna;Spalding;W107.968;N32.4492;12;
3;USA;New Mexico;Luna;Tunis;W107.918;N32.2514;12;
3;USA;New Mexico;Luna;Waterloo;W107.722;N31.985;12;
3;USA;New Mexico;McKinley;Allison;W108.785;N35.5242;12;
3;USA;New Mexico;McKinley;Ambrosia Lake;W107.822;N35.4189;12;
3;USA;New Mexico;McKinley;Basgal Place;W108.473;N35.3664;12;
3;USA;New Mexico;McKinley;Black Rock;W108.791;N35.0883;12;
3;USA;New Mexico;McKinley;Bread Springs;W108.667;N35.3983;12;
3;USA;New Mexico;McKinley;Brimhall Nizhoni;W108.643;N35.7675;12;
3;USA;New Mexico;McKinley;Buffalo Springs;W108.654;N35.9347;12;
3;USA;New Mexico;McKinley;Chi Chil Tah;W108.908;N35.2494;12;
3;USA;New Mexico;McKinley;Church Rock;W108.6;N35.5339;12;
3;USA;New Mexico;McKinley;Ciniza;W108.421;N35.4908;12;
3;USA;New Mexico;McKinley;Continental Divide;W108.315;N35.425;12;
3;USA;New Mexico;McKinley;Coolidge;W108.363;N35.4469;12;
3;USA;New Mexico;McKinley;Coyote Canyon;W108.621;N35.7747;12;
3;USA;New Mexico;McKinley;Crownpoint;W108.151;N35.6781;12;
3;USA;New Mexico;McKinley;Defiance;W108.896;N35.4906;12;
3;USA;New Mexico;McKinley;Dos Tristes;W107.237;N35.2553;12;
3;USA;New Mexico;McKinley;Eagle Nest;W107.324;N35.4383;12;
3;USA;New Mexico;McKinley;El Dado;W107.517;N35.5156;12;
3;USA;New Mexico;McKinley;Fort Wingate;W108.541;N35.4678;12;
3;USA;New Mexico;McKinley;Gallup;W108.743;N35.5281;12;
3;USA;New Mexico;McKinley;Gamerco;W108.765;N35.5722;12;
3;USA;New Mexico;McKinley;Gonzales;W108.321;N35.4283;12;
3;USA;New Mexico;McKinley;Grubisich Place;W108.427;N35.3208;12;
3;USA;New Mexico;McKinley;Hospah;W107.746;N35.7353;12;
3;USA;New Mexico;McKinley;Iyanbito;W108.478;N35.5222;12;
3;USA;New Mexico;McKinley;Leon;W107.6;N35.5711;12;
3;USA;New Mexico;McKinley;Lower Nutria;W108.589;N35.2567;12;
3;USA;New Mexico;McKinley;Manuelito;W108.994;N35.4219;12;
3;USA;New Mexico;McKinley;Mariano Lake;W108.322;N35.5781;12;
3;USA;New Mexico;McKinley;McCune;W108.591;N35.5278;12;
3;USA;New Mexico;McKinley;McGaffey;W108.516;N35.3753;12;
3;USA;New Mexico;McKinley;Mentmore;W108.846;N35.5142;12;
3;USA;New Mexico;McKinley;Merrill Place;W108.485;N35.3456;12;
3;USA;New Mexico;McKinley;Mexican Springs;W108.827;N35.7928;12;
3;USA;New Mexico;McKinley;Nakaibito;W108.827;N35.7928;12;
3;USA;New Mexico;McKinley;Navajo Wingate Village;W108.599;N35.5497;12;
3;USA;New Mexico;McKinley;Navajo;W109.034;N35.9;12;
3;USA;New Mexico;McKinley;Navarre Place;W108.455;N35.3236;12;
3;USA;New Mexico;McKinley;North Chaves;W108.158;N35.3919;12;
3;USA;New Mexico;McKinley;North Guam;W108.373;N35.4886;12;
3;USA;New Mexico;McKinley;Ojo Encino;W107.348;N35.9556;12;
3;USA;New Mexico;McKinley;Page;W108.441;N35.3211;12;
3;USA;New Mexico;McKinley;Perea;W108.519;N35.5044;12;
3;USA;New Mexico;McKinley;Pescado;W108.58;N35.1058;12;
3;USA;New Mexico;McKinley;Piedra de la Aguila;W107.744;N35.5844;12;
3;USA;New Mexico;McKinley;Pinedale;W108.447;N35.6039;12;
3;USA;New Mexico;McKinley;Pinehaven;W108.67;N35.3328;12;
3;USA;New Mexico;McKinley;Polich Place;W108.492;N35.3603;12;
3;USA;New Mexico;McKinley;Prewitt;W108.044;N35.3628;12;
3;USA;New Mexico;McKinley;Pueblo Pintado;W107.673;N35.9772;12;
3;USA;New Mexico;McKinley;Ramah;W108.492;N35.1331;12;
3;USA;New Mexico;McKinley;Red Rock;W108.756;N35.4542;12;
3;USA;New Mexico;McKinley;Rehoboth;W108.655;N35.5289;12;
3;USA;New Mexico;McKinley;Rock Springs;W108.829;N35.6094;12;
3;USA;New Mexico;McKinley;Sanchez Place;W108.387;N35.3128;12;
3;USA;New Mexico;McKinley;Seven Lakes;W107.936;N35.7847;12;
3;USA;New Mexico;McKinley;Smith Lake;W108.14;N35.5222;12;
3;USA;New Mexico;McKinley;South Chaves;W108.152;N35.3883;12;
3;USA;New Mexico;McKinley;South Guam;W108.379;N35.475;12;
3;USA;New Mexico;McKinley;Standing Rock;W108.361;N35.8031;12;
3;USA;New Mexico;McKinley;Sundance;W108.638;N35.4603;12;
3;USA;New Mexico;McKinley;Tekapo;W108.943;N35.0219;12;
3;USA;New Mexico;McKinley;Thoreau;W108.223;N35.4025;12;
3;USA;New Mexico;McKinley;Tinian;W107.326;N35.84;12;
3;USA;New Mexico;McKinley;Tohatchi;W108.761;N35.8589;12;
3;USA;New Mexico;McKinley;Tse Bonito;W109.041;N35.6567;12;
3;USA;New Mexico;McKinley;Twin Buttes;W108.847;N35.5044;12;
3;USA;New Mexico;McKinley;Twin Lakes;W108.775;N35.7092;12;
3;USA;New Mexico;McKinley;Upper Nutria;W108.571;N35.2697;12;
3;USA;New Mexico;McKinley;Vanderwagen;W108.755;N35.2739;12;
3;USA;New Mexico;McKinley;Voght Place;W107.717;N35.6067;12;
3;USA;New Mexico;McKinley;Whitehorse;W107.748;N35.8111;12;
3;USA;New Mexico;McKinley;Wingate;W108.545;N35.5144;12;
3;USA;New Mexico;McKinley;Yah-ta-hey;W108.78;N35.6281;12;
3;USA;New Mexico;McKinley;Zuni Pueblo;W108.851;N35.0725;12;
3;USA;New Mexico;McKinley;Zuni;W108.636;N35.5342;12;
3;USA;New Mexico;McKinley;Zuni;W108.848;N35.0694;12;
3;USA;New Mexico;Mora;Abuelo;W105.361;N35.945;12;
3;USA;New Mexico;Mora;Alamito;W104.438;N35.8225;12;
3;USA;New Mexico;Mora;Buena Vista;W105.249;N35.9136;12;
3;USA;New Mexico;Mora;Cañon;W105.37;N35.9431;12;
3;USA;New Mexico;Mora;Canoncito;W105.263;N35.9492;12;
3;USA;New Mexico;Mora;Chacon;W105.368;N36.1442;12;
3;USA;New Mexico;Mora;Ciruela;W104.819;N35.9544;12;
3;USA;New Mexico;Mora;Cleveland;W105.371;N35.9933;12;
3;USA;New Mexico;Mora;Cordillera;W105.359;N35.9822;12;
3;USA;New Mexico;Mora;El Alto;W105.308;N35.9789;12;
3;USA;New Mexico;Mora;El Turquillo;W105.251;N36.0797;12;
3;USA;New Mexico;Mora;Gascon;W105.446;N35.8867;12;
3;USA;New Mexico;Mora;Golondrinas;W105.187;N35.8894;12;
3;USA;New Mexico;Mora;Guadalupita;W105.239;N36.1375;12;
3;USA;New Mexico;Mora;Holman;W105.384;N36.0383;12;
3;USA;New Mexico;Mora;La Cueva;W105.249;N35.9417;12;
3;USA;New Mexico;Mora;La Jara;W105.183;N36.0497;12;
3;USA;New Mexico;Mora;Ledoux;W105.361;N35.9236;12;
3;USA;New Mexico;Mora;Levy;W104.687;N36.0881;12;
3;USA;New Mexico;Mora;Loma Parda;W105.076;N35.8467;12;
3;USA;New Mexico;Mora;Los Cisneros;W105.23;N36.0736;12;
3;USA;New Mexico;Mora;Los Cocas;W105.214;N36.1128;12;
3;USA;New Mexico;Mora;Los Huerros;W105.119;N36.1628;12;
3;USA;New Mexico;Mora;Los LeFebres;W105.114;N36.1994;12;
3;USA;New Mexico;Mora;Los Medinas;W105.223;N36.0442;12;
3;USA;New Mexico;Mora;Lucero;W105.228;N36.0164;12;
3;USA;New Mexico;Mora;Monte Aplanado;W105.395;N35.9553;12;
3;USA;New Mexico;Mora;Mora;W105.33;N35.9742;12;
3;USA;New Mexico;Mora;Naranjos;W104.983;N36.1617;12;
3;USA;New Mexico;Mora;North Carmen;W105.326;N35.9067;12;
3;USA;New Mexico;Mora;Ocate;W105.048;N36.1756;12;
3;USA;New Mexico;Mora;Ojo Feliz;W105.118;N36.0578;12;
3;USA;New Mexico;Mora;Optimo;W104.804;N35.8903;12;
3;USA;New Mexico;Mora;Pacheco Village;W105.384;N35.9631;12;
3;USA;New Mexico;Mora;Puertocito;W105.302;N35.9172;12;
3;USA;New Mexico;Mora;Rainsville;W105.209;N35.9786;12;
3;USA;New Mexico;Mora;Shoemaker;W104.876;N35.8164;12;
3;USA;New Mexico;Mora;South Carmen;W105.336;N35.8936;12;
3;USA;New Mexico;Mora;Tiptonville;W104.998;N35.8206;12;
3;USA;New Mexico;Mora;Vallecitos;W105.409;N35.9942;12;
3;USA;New Mexico;Mora;Valmora;W104.923;N35.8164;12;
3;USA;New Mexico;Mora;Wagon Mound;W104.707;N36.0089;12;
3;USA;New Mexico;Mora;Watrous;W104.982;N35.7906;12;
3;USA;New Mexico;Otero;Alamogordo;W105.96;N32.8994;12;
3;USA;New Mexico;Otero;Alamorosa;W105.992;N33.0056;12;
3;USA;New Mexico;Otero;Alvarado;W106.237;N32.1364;12;
3;USA;New Mexico;Otero;Apache;W105.903;N33.3253;12;
3;USA;New Mexico;Otero;Avis;W105.455;N32.7003;12;
3;USA;New Mexico;Otero;Bent;W105.857;N33.1586;12;
3;USA;New Mexico;Otero;Blazers Mill;W105.787;N33.1564;12;
3;USA;New Mexico;Otero;Boles Acres;W105.986;N32.8069;12;
3;USA;New Mexico;Otero;Carrizo;W105.707;N33.2836;12;
3;USA;New Mexico;Otero;Chippeway Park;W105.705;N32.9094;12;
3;USA;New Mexico;Otero;Cloudcroft;W105.743;N32.9572;12;
3;USA;New Mexico;Otero;Corner Well;W105.072;N32.4981;12;
3;USA;New Mexico;Otero;Crisp;W105.639;N32.7381;12;
3;USA;New Mexico;Otero;Dog Canyon Estates;W105.956;N32.7439;12;
3;USA;New Mexico;Otero;Dunes;W105.999;N32.6644;12;
3;USA;New Mexico;Otero;Elwood;W106.137;N32.2936;12;
3;USA;New Mexico;Otero;High Rolls;W105.836;N32.9508;12;
3;USA;New Mexico;Otero;Hortonville;W105.536;N32.9114;12;
3;USA;New Mexico;Otero;Kearney;W105.992;N32.9817;12;
3;USA;New Mexico;Otero;La Luz;W105.942;N32.9778;12;
3;USA;New Mexico;Otero;Marcia;W105.768;N32.8286;12;
3;USA;New Mexico;Otero;Maxon;W105.631;N32.7533;12;
3;USA;New Mexico;Otero;Mayhill;W105.478;N32.8894;12;
3;USA;New Mexico;Otero;Mescalero;W105.774;N33.1575;12;
3;USA;New Mexico;Otero;Mountain Park;W105.825;N32.9506;12;
3;USA;New Mexico;Otero;Newman;W106.323;N32.0033;12;
3;USA;New Mexico;Otero;Old Wright Place;W105.9;N32.4806;12;
3;USA;New Mexico;Otero;Omlee;W105.972;N32.8369;12;
3;USA;New Mexico;Otero;Orogrande;W106.084;N32.3711;12;
3;USA;New Mexico;Otero;Piñon;W105.394;N32.6181;12;
3;USA;New Mexico;Otero;Point of Sands;W106.196;N32.7469;12;
3;USA;New Mexico;Otero;Sacramento;W105.561;N32.7925;12;
3;USA;New Mexico;Otero;Salinas;W106.06;N33.235;12;
3;USA;New Mexico;Otero;Silver Springs;W105.621;N33.0972;12;
3;USA;New Mexico;Otero;Three Rivers;W106.075;N33.3214;12;
3;USA;New Mexico;Otero;Timberon;W105.694;N32.6208;12;
3;USA;New Mexico;Otero;Tularosa;W106.019;N33.0739;12;
3;USA;New Mexico;Otero;Turquoise;W106.033;N32.445;12;
3;USA;New Mexico;Otero;Valmont;W105.987;N32.7467;12;
3;USA;New Mexico;Otero;Weed;W105.517;N32.8025;12;
3;USA;New Mexico;Otero;Whitetail;W105.556;N33.2289;12;
3;USA;New Mexico;Otero;Wimsatt;W105.642;N32.9581;12;
3;USA;New Mexico;Quay;Bard;W103.246;N35.1286;12;
3;USA;New Mexico;Quay;Bunk Clay Place;W103.332;N35.4133;12;
3;USA;New Mexico;Quay;Cummings Place;W103.382;N35.3;12;
3;USA;New Mexico;Quay;Endee;W103.108;N35.1378;12;
3;USA;New Mexico;Quay;Forrest;W103.601;N34.7947;12;
3;USA;New Mexico;Quay;Hargis;W103.816;N35.1461;12;
3;USA;New Mexico;Quay;Hassell;W104.024;N34.7067;12;
3;USA;New Mexico;Quay;Hendricks Place;W103.499;N35.3378;12;
3;USA;New Mexico;Quay;House;W103.904;N34.6467;12;
3;USA;New Mexico;Quay;Hudson;W103.533;N35.2642;12;
3;USA;New Mexico;Quay;Jordan;W103.848;N34.7944;12;
3;USA;New Mexico;Quay;Lesbia;W103.579;N35.1619;12;
3;USA;New Mexico;Quay;Logan;W103.411;N35.3653;12;
3;USA;New Mexico;Quay;McAlister;W103.776;N34.6922;12;
3;USA;New Mexico;Quay;Montoya;W104.064;N35.0997;12;
3;USA;New Mexico;Quay;Nara Visa;W103.1;N35.6075;12;
3;USA;New Mexico;Quay;Norton;W103.525;N34.9983;12;
3;USA;New Mexico;Quay;Obar;W103.201;N35.535;12;
3;USA;New Mexico;Quay;Palomas;W103.918;N35.1283;12;
3;USA;New Mexico;Quay;Porter;W103.313;N35.2156;12;
3;USA;New Mexico;Quay;Quay;W103.761;N34.9339;12;
3;USA;New Mexico;Quay;Ragland;W103.742;N34.8225;12;
3;USA;New Mexico;Quay;Rain Place;W103.066;N35.2803;12;
3;USA;New Mexico;Quay;San Jon;W103.329;N35.1075;12;
3;USA;New Mexico;Quay;Sand Springs;W103.283;N35.4722;12;
3;USA;New Mexico;Quay;Tucumcari;W103.725;N35.1717;12;
3;USA;New Mexico;Quay;Wheatland;W103.354;N34.9086;12;
3;USA;New Mexico;Quay;Woods Place;W103.36;N35.3617;12;
3;USA;New Mexico;Rio Arriba;Abiquiu;W106.319;N36.2072;12;
3;USA;New Mexico;Rio Arriba;Alcalde;W106.054;N36.0889;12;
3;USA;New Mexico;Rio Arriba;Alire;W106.581;N36.4764;12;
3;USA;New Mexico;Rio Arriba;Amargo;W106.892;N36.9378;12;
3;USA;New Mexico;Rio Arriba;Ancones;W106.063;N36.4239;12;
3;USA;New Mexico;Rio Arriba;Apodaca;W105.862;N36.1986;12;
3;USA;New Mexico;Rio Arriba;Arroyo del Agua;W106.652;N36.1594;12;
3;USA;New Mexico;Rio Arriba;Barranca;W106.346;N36.2036;12;
3;USA;New Mexico;Rio Arriba;Big Horn;W106.182;N36.9892;12;
3;USA;New Mexico;Rio Arriba;Brazos;W106.561;N36.7514;12;
3;USA;New Mexico;Rio Arriba;Buena Vista;W106.339;N36.2028;12;
3;USA;New Mexico;Rio Arriba;Cañoncito;W105.832;N36.1808;12;
3;USA;New Mexico;Rio Arriba;Cañones;W106.439;N36.1881;12;
3;USA;New Mexico;Rio Arriba;Canjilon;W106.438;N36.4794;12;
3;USA;New Mexico;Rio Arriba;Canova;W105.985;N36.1592;12;
3;USA;New Mexico;Rio Arriba;Capulin;W106.806;N36.2311;12;
3;USA;New Mexico;Rio Arriba;Carracas;W107.245;N36.9986;12;
3;USA;New Mexico;Rio Arriba;Cebolla;W106.486;N36.5383;12;
3;USA;New Mexico;Rio Arriba;Chama;W106.579;N36.9031;12;
3;USA;New Mexico;Rio Arriba;Chamita;W106.097;N36.0703;12;
3;USA;New Mexico;Rio Arriba;Chili;W106.15;N36.105;12;
3;USA;New Mexico;Rio Arriba;Chimayo;W105.947;N36.0039;12;
3;USA;New Mexico;Rio Arriba;Clara Peak;W106.24;N36.0356;12;
3;USA;New Mexico;Rio Arriba;Cordova;W105.861;N36.0072;12;
3;USA;New Mexico;Rio Arriba;Coyote;W106.616;N36.1675;12;
3;USA;New Mexico;Rio Arriba;Crowther Cow Camp;W106.342;N36.7228;12;
3;USA;New Mexico;Rio Arriba;Dixon;W105.889;N36.1986;12;
3;USA;New Mexico;Rio Arriba;Dulce;W106.999;N36.9336;12;
3;USA;New Mexico;Rio Arriba;Duranes;W106.052;N36.2689;12;
3;USA;New Mexico;Rio Arriba;El Curuco;W106.323;N36.2069;12;
3;USA;New Mexico;Rio Arriba;El Duende;W106.12;N36.0742;12;
3;USA;New Mexico;Rio Arriba;El Guacho;W106.087;N36.0067;12;
3;USA;New Mexico;Rio Arriba;El Llano;W106.044;N36.0156;12;
3;USA;New Mexico;Rio Arriba;El Monte Rojo;W106.494;N36.3342;12;
3;USA;New Mexico;Rio Arriba;El Rito;W106.189;N36.3433;12;
3;USA;New Mexico;Rio Arriba;El Vado;W106.729;N36.5939;12;
3;USA;New Mexico;Rio Arriba;Embudo;W105.961;N36.2075;12;
3;USA;New Mexico;Rio Arriba;Ensenada;W106.533;N36.7272;12;
3;USA;New Mexico;Rio Arriba;Espanola;W106.058;N36.0028;12;
3;USA;New Mexico;Rio Arriba;Espanola;W106.081;N35.9911;12;
3;USA;New Mexico;Rio Arriba;Estaca;W106.059;N36.1119;12;
3;USA;New Mexico;Rio Arriba;Fairview;W106.064;N36.0097;12;
3;USA;New Mexico;Rio Arriba;Frijoles Spring;W106.371;N36.1611;12;
3;USA;New Mexico;Rio Arriba;Gallegos;W106.051;N36.2886;12;
3;USA;New Mexico;Rio Arriba;Guachupangue;W106.084;N35.9828;12;
3;USA;New Mexico;Rio Arriba;Guique;W106.074;N36.0878;12;
3;USA;New Mexico;Rio Arriba;Hernandez;W106.119;N36.0628;12;
3;USA;New Mexico;Rio Arriba;Jarosa;W106.685;N36.0467;12;
3;USA;New Mexico;Rio Arriba;La Bolsa;W105.905;N36.2156;12;
3;USA;New Mexico;Rio Arriba;La Careda;W106.322;N36.2017;12;
3;USA;New Mexico;Rio Arriba;La Chuachia;W106.138;N36.095;12;
3;USA;New Mexico;Rio Arriba;La Cienaga;W105.924;N36.2136;12;
3;USA;New Mexico;Rio Arriba;La Cuestecita;W105.804;N36.1642;12;
3;USA;New Mexico;Rio Arriba;La Junta;W105.917;N36.2114;12;
3;USA;New Mexico;Rio Arriba;La Mesilla;W106.071;N35.9483;12;
3;USA;New Mexico;Rio Arriba;La Puente;W106.601;N36.7;12;
3;USA;New Mexico;Rio Arriba;La Villita;W106.048;N36.1033;12;
3;USA;New Mexico;Rio Arriba;LaMadera;W106.041;N36.3869;12;
3;USA;New Mexico;Rio Arriba;Las Nutrias;W106.517;N36.5825;12;
3;USA;New Mexico;Rio Arriba;Las Placitas;W106.162;N36.3231;12;
3;USA;New Mexico;Rio Arriba;Las Tablas;W106.029;N36.5556;12;
3;USA;New Mexico;Rio Arriba;Lava;W106.095;N36.98;12;
3;USA;New Mexico;Rio Arriba;Lindrith;W107.045;N36.3044;12;
3;USA;New Mexico;Rio Arriba;Llaves;W106.867;N36.3728;12;
3;USA;New Mexico;Rio Arriba;Lobato;W106.541;N36.9542;12;
3;USA;New Mexico;Rio Arriba;Los Luceros;W106.047;N36.1097;12;
3;USA;New Mexico;Rio Arriba;Los Ojos;W106.57;N36.7292;12;
3;USA;New Mexico;Rio Arriba;Los Pachecos;W105.934;N36.0092;12;
3;USA;New Mexico;Rio Arriba;Los Pinos;W106.064;N36.9883;12;
3;USA;New Mexico;Rio Arriba;Lower Cañones;W106.451;N36.1986;12;
3;USA;New Mexico;Rio Arriba;Lumberton;W106.937;N36.93;12;
3;USA;New Mexico;Rio Arriba;Lybrook;W107.562;N36.2333;12;
3;USA;New Mexico;Rio Arriba;Lyden;W106.006;N36.1461;12;
3;USA;New Mexico;Rio Arriba;Medanales;W106.183;N36.1756;12;
3;USA;New Mexico;Rio Arriba;Monero;W106.855;N36.9019;12;
3;USA;New Mexico;Rio Arriba;Montecito;W105.855;N36.19;12;
3;USA;New Mexico;Rio Arriba;Navajo City;W107.602;N36.7519;12;
3;USA;New Mexico;Rio Arriba;Navajo;W107.063;N36.9461;12;
3;USA;New Mexico;Rio Arriba;Ojito;W107.088;N36.4297;12;
3;USA;New Mexico;Rio Arriba;Ojo Sarco;W105.783;N36.1225;12;
3;USA;New Mexico;Rio Arriba;Petaca;W106.011;N36.5083;12;
3;USA;New Mexico;Rio Arriba;Placitas;W106.442;N36.4458;12;
3;USA;New Mexico;Rio Arriba;Plaza Blanca;W106.276;N36.2525;12;
3;USA;New Mexico;Rio Arriba;Plaza Blanca;W106.608;N36.7039;12;
3;USA;New Mexico;Rio Arriba;Pueblito;W106.077;N36.0747;12;
3;USA;New Mexico;Rio Arriba;Puye;W106.23;N35.9717;12;
3;USA;New Mexico;Rio Arriba;Ranchitos;W106.064;N36.0281;12;
3;USA;New Mexico;Rio Arriba;Recheulos;W106.339;N36.0528;12;
3;USA;New Mexico;Rio Arriba;Rinconada;W105.873;N36.2183;12;
3;USA;New Mexico;Rio Arriba;Rio Puerco;W106.584;N36.2108;12;
3;USA;New Mexico;Rio Arriba;Riverside;W106.067;N35.9922;12;
3;USA;New Mexico;Rio Arriba;Rutheron;W106.612;N36.7186;12;
3;USA;New Mexico;Rio Arriba;San Jose;W106.098;N36.0392;12;
3;USA;New Mexico;Rio Arriba;San Juan Pueblo;W106.071;N36.0528;12;
3;USA;New Mexico;Rio Arriba;San Juan;W106.069;N36.0519;12;
3;USA;New Mexico;Rio Arriba;San Lorenzo;W106.285;N36.0486;12;
3;USA;New Mexico;Rio Arriba;San Miguel;W106.161;N36.9614;12;
3;USA;New Mexico;Rio Arriba;San Pedro;W106.064;N35.9853;12;
3;USA;New Mexico;Rio Arriba;Santa Clara Pueblo;W106.089;N35.9656;12;
3;USA;New Mexico;Rio Arriba;Santa Clara;W106.087;N35.9697;12;
3;USA;New Mexico;Rio Arriba;Santa Teresa;W106.679;N36.1533;12;
3;USA;New Mexico;Rio Arriba;Santo Niño;W106.063;N36.0028;12;
3;USA;New Mexico;Rio Arriba;South Petaca;W106.01;N36.4972;12;
3;USA;New Mexico;Rio Arriba;Sublette;W106.23;N36.9889;12;
3;USA;New Mexico;Rio Arriba;Tapicitoes;W107.014;N36.4592;12;
3;USA;New Mexico;Rio Arriba;Tierra Amarilla;W106.55;N36.7003;12;
3;USA;New Mexico;Rio Arriba;Tierra Azul;W106.249;N36.2067;12;
3;USA;New Mexico;Rio Arriba;Toltec;W106.272;N36.9828;12;
3;USA;New Mexico;Rio Arriba;Truchas;W105.812;N36.0436;12;
3;USA;New Mexico;Rio Arriba;Vallecitos Corrales;W106.356;N36.0667;12;
3;USA;New Mexico;Rio Arriba;Vallecitos;W106.117;N36.495;12;
3;USA;New Mexico;Rio Arriba;Vallecitos;W106.339;N36.0906;12;
3;USA;New Mexico;Rio Arriba;Velarde;W105.975;N36.1589;12;
3;USA;New Mexico;Rio Arriba;Willow Creek;W106.651;N36.8894;12;
3;USA;New Mexico;Rio Arriba;Wright Place;W106.676;N36.5019;12;
3;USA;New Mexico;Rio Arriba;Youngsville;W106.556;N36.1875;12;
3;USA;New Mexico;Roosevelt;Arch;W103.142;N34.1133;12;
3;USA;New Mexico;Roosevelt;Bethel;W103.475;N34.2286;12;
3;USA;New Mexico;Roosevelt;Bluit;W103.184;N33.6292;12;
3;USA;New Mexico;Roosevelt;Cameo;W103.223;N34.2875;12;
3;USA;New Mexico;Roosevelt;Cantara;W103.743;N34.4244;12;
3;USA;New Mexico;Roosevelt;Causey;W103.127;N33.8792;12;
3;USA;New Mexico;Roosevelt;Delphos;W103.493;N34.0753;12;
3;USA;New Mexico;Roosevelt;Dora;W103.337;N33.9386;12;
3;USA;New Mexico;Roosevelt;Elida;W103.657;N33.9467;12;
3;USA;New Mexico;Roosevelt;Floyd;W103.581;N34.2142;12;
3;USA;New Mexico;Roosevelt;Garrison;W103.213;N33.8506;12;
3;USA;New Mexico;Roosevelt;Home Place Well;W103.71;N33.7542;12;
3;USA;New Mexico;Roosevelt;Inez;W103.144;N33.9667;12;
3;USA;New Mexico;Roosevelt;Kenna;W103.772;N33.8422;12;
3;USA;New Mexico;Roosevelt;Kermit;W103.593;N34.0011;12;
3;USA;New Mexico;Roosevelt;Krider;W103.844;N34.4339;12;
3;USA;New Mexico;Roosevelt;Lingo;W103.115;N33.7883;12;
3;USA;New Mexico;Roosevelt;Midway;W103.244;N34.2561;12;
3;USA;New Mexico;Roosevelt;Milnesand;W103.34;N33.6428;12;
3;USA;New Mexico;Roosevelt;Pep;W103.336;N33.8361;12;
3;USA;New Mexico;Roosevelt;Portales;W103.334;N34.1861;12;
3;USA;New Mexico;Roosevelt;Richland;W103.266;N33.8217;12;
3;USA;New Mexico;Roosevelt;Rogers;W103.231;N33.9817;12;
3;USA;New Mexico;Roosevelt;Tinsley Crossing;W103.421;N34.1269;12;
3;USA;New Mexico;Roosevelt;Tolar;W103.932;N34.4508;12;
3;USA;New Mexico;Roosevelt;Tornero;W103.714;N33.8844;12;
3;USA;New Mexico;Roosevelt;Upton;W103.653;N34.1553;12;
3;USA;New Mexico;Roosevelt;Yerba;W103.38;N34.1567;12;
3;USA;New Mexico;San Juan;Alcatraz;W107.757;N36.7564;12;
3;USA;New Mexico;San Juan;Archuleta;W107.709;N36.7942;12;
3;USA;New Mexico;San Juan;Aztec;W107.993;N36.8222;12;
3;USA;New Mexico;San Juan;Beclabito;W109.019;N36.8414;12;
3;USA;New Mexico;San Juan;Blanco;W107.825;N36.7242;12;
3;USA;New Mexico;San Juan;Bloomfield;W107.984;N36.7111;12;
3;USA;New Mexico;San Juan;Cedar Hill;W107.89;N36.9369;12;
3;USA;New Mexico;San Juan;Christopher Place;W107.514;N36.9208;12;
3;USA;New Mexico;San Juan;Cottonwood;W108.393;N36.8739;12;
3;USA;New Mexico;San Juan;Crystal;W108.966;N36.0458;12;
3;USA;New Mexico;San Juan;Cudei;W108.776;N36.8583;12;
3;USA;New Mexico;San Juan;Farmington;W108.219;N36.7281;12;
3;USA;New Mexico;San Juan;Fivemile Crossing;W107.753;N36.6919;12;
3;USA;New Mexico;San Juan;Flora Vista;W108.08;N36.7944;12;
3;USA;New Mexico;San Juan;Fruitland;W108.396;N36.7392;12;
3;USA;New Mexico;San Juan;Garcia Place;W107.604;N36.9761;12;
3;USA;New Mexico;San Juan;Huerfano;W108.031;N36.5269;12;
3;USA;New Mexico;San Juan;Inca;W107.927;N36.8928;12;
3;USA;New Mexico;San Juan;Kimbeto;W107.841;N36.1836;12;
3;USA;New Mexico;San Juan;Kirtland;W108.36;N36.7342;12;
3;USA;New Mexico;San Juan;La Plata;W108.19;N36.9286;12;
3;USA;New Mexico;San Juan;Lake Valley;W108.157;N36.0917;12;
3;USA;New Mexico;San Juan;Laplata PO;W108.19;N36.9;12;
3;USA;New Mexico;San Juan;Lee Acres;W108.037;N36.6989;12;
3;USA;New Mexico;San Juan;Little Water;W108.725;N36.4464;12;
3;USA;New Mexico;San Juan;Lucero Place;W107.59;N36.9019;12;
3;USA;New Mexico;San Juan;Mackey Place;W107.536;N36.9847;12;
3;USA;New Mexico;San Juan;Mullen Place;W107.526;N36.9211;12;
3;USA;New Mexico;San Juan;Nageezi;W107.742;N36.2667;12;
3;USA;New Mexico;San Juan;Naschitti;W108.682;N36.065;12;
3;USA;New Mexico;San Juan;Navajo Dam;W107.612;N36.8003;12;
3;USA;New Mexico;San Juan;Nenahnezad;W108.418;N36.7361;12;
3;USA;New Mexico;San Juan;Newcomb;W108.706;N36.2847;12;
3;USA;New Mexico;San Juan;Ojo Amarillo;W108.369;N36.6933;12;
3;USA;New Mexico;San Juan;Rattlesnake;W108.802;N36.7553;12;
3;USA;New Mexico;San Juan;Riverside;W107.875;N36.9825;12;
3;USA;New Mexico;San Juan;Sanostee;W108.874;N36.4247;12;
3;USA;New Mexico;San Juan;Self Place;W107.509;N36.9739;12;
3;USA;New Mexico;San Juan;Sheep Springs;W108.707;N36.1433;12;
3;USA;New Mexico;San Juan;Sheep Springs;W108.71;N36.1431;12;
3;USA;New Mexico;San Juan;Shiprock;W108.687;N36.7856;12;
3;USA;New Mexico;San Juan;Spencerville;W108.058;N36.82;12;
3;USA;New Mexico;San Juan;Toadlena;W108.892;N36.2369;12;
3;USA;New Mexico;San Juan;Tocito;W108.781;N36.3994;12;
3;USA;New Mexico;San Juan;Tsaya;W108.174;N36.1331;12;
3;USA;New Mexico;San Juan;Turley;W107.765;N36.7525;12;
3;USA;New Mexico;San Juan;Two Grey Hills;W108.802;N36.2375;12;
3;USA;New Mexico;San Juan;Ulibarri Place;W107.525;N36.9569;12;
3;USA;New Mexico;San Juan;Upper Fruitland;W108.314;N36.7158;12;
3;USA;New Mexico;San Juan;White Rock;W108.271;N36.0886;12;
3;USA;New Mexico;San Juan;Young Place;W107.518;N36.9944;12;
3;USA;New Mexico;San Miguel;Adero Az;W104.459;N35.3536;12;
3;USA;New Mexico;San Miguel;Agua Zarca;W105.272;N35.5633;12;
3;USA;New Mexico;San Miguel;Alta Vista;W104.744;N35.535;12;
3;USA;New Mexico;San Miguel;Ancon;W104.426;N35.7153;12;
3;USA;New Mexico;San Miguel;Apache Springs;W105.193;N35.3722;12;
3;USA;New Mexico;San Miguel;Arriba;W105.201;N35.6233;12;
3;USA;New Mexico;San Miguel;Aurora;W105.449;N35.1467;12;
3;USA;New Mexico;San Miguel;Barranco;W105.415;N35.3236;12;
3;USA;New Mexico;San Miguel;Bernal;W105.317;N35.3928;12;
3;USA;New Mexico;San Miguel;Blanchard;W105.358;N35.3886;12;
3;USA;New Mexico;San Miguel;Campana;W103.894;N35.5753;12;
3;USA;New Mexico;San Miguel;Canoncito;W105.323;N35.7989;12;
3;USA;New Mexico;San Miguel;Cedar Hill;W105.267;N35.2436;12;
3;USA;New Mexico;San Miguel;Cedar Hill;W105.267;N35.4942;12;
3;USA;New Mexico;San Miguel;Chapelle;W105.294;N35.3892;12;
3;USA;New Mexico;San Miguel;Chaperito;W104.945;N35.3658;12;
3;USA;New Mexico;San Miguel;Conchas;W104.19;N35.4028;12;
3;USA;New Mexico;San Miguel;Coruco;W105.439;N35.3661;12;
3;USA;New Mexico;San Miguel;Cowles;W105.66;N35.8119;12;
3;USA;New Mexico;San Miguel;Douthit Place;W105.658;N35.2639;12;
3;USA;New Mexico;San Miguel;East Pecos;W105.664;N35.5736;12;
3;USA;New Mexico;San Miguel;El Ancon;W105.459;N35.3894;12;
3;USA;New Mexico;San Miguel;El Cerrito;W105.312;N35.2756;12;
3;USA;New Mexico;San Miguel;El Llano;W105.27;N35.6461;12;
3;USA;New Mexico;San Miguel;El Macho;W105.69;N35.6747;12;
3;USA;New Mexico;San Miguel;El Porvenir;W105.383;N35.6967;12;
3;USA;New Mexico;San Miguel;Emplazado;W105.189;N35.7394;12;
3;USA;New Mexico;San Miguel;Gabaldon;W105.292;N35.4756;12;
3;USA;New Mexico;San Miguel;Gallinas;W105.353;N35.6792;12;
3;USA;New Mexico;San Miguel;Garanbuio;W105.414;N35.3158;12;
3;USA;New Mexico;San Miguel;Geronimo;W105.645;N35.8225;12;
3;USA;New Mexico;San Miguel;Gise;W105.617;N35.4431;12;
3;USA;New Mexico;San Miguel;Gonzales Ranch;W105.461;N35.2458;12;
3;USA;New Mexico;San Miguel;Grass Mountain Summer Home Area;W105.654;N35.7989;12;
3;USA;New Mexico;San Miguel;Holy Ghost;W105.692;N35.76;12;
3;USA;New Mexico;San Miguel;Hooverville;W104.218;N35.3761;12;
3;USA;New Mexico;San Miguel;Hot Springs;W105.292;N35.6539;12;
3;USA;New Mexico;San Miguel;Ilfeld;W105.559;N35.4211;12;
3;USA;New Mexico;San Miguel;Jack Canon Place;W105.627;N35.2889;12;
3;USA;New Mexico;San Miguel;Kroenigs;W105.038;N35.7353;12;
3;USA;New Mexico;San Miguel;La Fragua;W105.407;N35.3147;12;
3;USA;New Mexico;San Miguel;La Liendre;W105.051;N35.4222;12;
3;USA;New Mexico;San Miguel;La Manga;W105.264;N35.5094;12;
3;USA;New Mexico;San Miguel;Lagunas;W105.338;N35.5292;12;
3;USA;New Mexico;San Miguel;Lagunita;W105.245;N35.3672;12;
3;USA;New Mexico;San Miguel;Las Dispensas;W105.36;N35.7453;12;
3;USA;New Mexico;San Miguel;Las Tusas;W105.283;N35.7653;12;
3;USA;New Mexico;San Miguel;Las Vegas Town;W105.255;N35.6006;12;
3;USA;New Mexico;San Miguel;Las Vegas;W105.224;N35.5939;12;
3;USA;New Mexico;San Miguel;Los Alamos;W105.152;N35.7319;12;
3;USA;New Mexico;San Miguel;Los Montoyas;W105.208;N35.4194;12;
3;USA;New Mexico;San Miguel;Los Vigiles;W105.264;N35.6494;12;
3;USA;New Mexico;San Miguel;Lovato;W105.392;N35.2872;12;
3;USA;New Mexico;San Miguel;Lower Colonias;W105.584;N35.5417;12;
3;USA;New Mexico;San Miguel;Lower La Posada;W105.679;N35.6381;12;
3;USA;New Mexico;San Miguel;Lower Pueblo;W105.43;N35.3264;12;
3;USA;New Mexico;San Miguel;Lucero;W105.462;N35.3911;12;
3;USA;New Mexico;San Miguel;Manuelitas;W105.279;N35.8006;12;
3;USA;New Mexico;San Miguel;Mineral Hill;W105.401;N35.6097;12;
3;USA;New Mexico;San Miguel;Montezuma;W105.276;N35.6522;12;
3;USA;New Mexico;San Miguel;Montosa;W104.778;N35.3722;12;
3;USA;New Mexico;San Miguel;Myers;W105.214;N35.44;12;
3;USA;New Mexico;San Miguel;New Trementina;W104.494;N35.4639;12;
3;USA;New Mexico;San Miguel;North San Ysidro;W105.554;N35.4692;12;
3;USA;New Mexico;San Miguel;Ojita;W105.246;N35.4986;12;
3;USA;New Mexico;San Miguel;Ojitos Frios;W105.317;N35.5167;12;
3;USA;New Mexico;San Miguel;Onava;W105.094;N35.6967;12;
3;USA;New Mexico;San Miguel;Pajarita;W105.645;N35.4719;12;
3;USA;New Mexico;San Miguel;Park Springs;W104.929;N35.2619;12;
3;USA;New Mexico;San Miguel;Peñasco Blanco;W105.349;N35.8672;12;
3;USA;New Mexico;San Miguel;Pecos;W105.675;N35.5742;12;
3;USA;New Mexico;San Miguel;Pendaries Village;W105.405;N35.8106;12;
3;USA;New Mexico;San Miguel;Pinos Altos;W105.391;N35.1631;12;
3;USA;New Mexico;San Miguel;Rencona;W105.663;N35.3025;12;
3;USA;New Mexico;San Miguel;Ribera;W105.449;N35.3736;12;
3;USA;New Mexico;San Miguel;Rociada;W105.421;N35.8322;12;
3;USA;New Mexico;San Miguel;Romero;W105.224;N35.5361;12;
3;USA;New Mexico;San Miguel;Romeroville;W105.245;N35.5228;12;
3;USA;New Mexico;San Miguel;Rowe;W105.675;N35.4917;12;
3;USA;New Mexico;San Miguel;Sabinoso;W104.408;N35.6989;12;
3;USA;New Mexico;San Miguel;Salitre;W104.667;N35.35;12;
3;USA;New Mexico;San Miguel;San Antonio;W105.245;N35.6286;12;
3;USA;New Mexico;San Miguel;San Augustin;W105.146;N35.4578;12;
3;USA;New Mexico;San Miguel;San Geronimo;W105.395;N35.58;12;
3;USA;New Mexico;San Miguel;San Ignacio;W105.354;N35.7711;12;
3;USA;New Mexico;San Miguel;San Jose;W105.475;N35.3972;12;
3;USA;New Mexico;San Miguel;San Juan;W105.366;N35.1456;12;
3;USA;New Mexico;San Miguel;San Miguel;W105.451;N35.3644;12;
3;USA;New Mexico;San Miguel;San Pablo;W105.399;N35.5469;12;
3;USA;New Mexico;San Miguel;San Rafael;W104.456;N35.4919;12;
3;USA;New Mexico;San Miguel;San Ramon;W104.418;N35.5464;12;
3;USA;New Mexico;San Miguel;Sanchez;W104.423;N35.6272;12;
3;USA;New Mexico;San Miguel;Sands;W105.491;N35.405;12;
3;USA;New Mexico;San Miguel;Santa Ana;W105.296;N35.4792;12;
3;USA;New Mexico;San Miguel;Sapello;W105.253;N35.7728;12;
3;USA;New Mexico;San Miguel;Sena;W105.393;N35.2983;12;
3;USA;New Mexico;San Miguel;Serafina;W105.324;N35.3975;12;
3;USA;New Mexico;San Miguel;Sheridan;W105.244;N35.4958;12;
3;USA;New Mexico;San Miguel;Soham;W105.494;N35.4156;12;
3;USA;New Mexico;San Miguel;South San Ysidro;W105.578;N35.45;12;
3;USA;New Mexico;San Miguel;Tecolote;W105.281;N35.4603;12;
3;USA;New Mexico;San Miguel;Tecolotito;W105.159;N35.2344;12;
3;USA;New Mexico;San Miguel;Tererro;W105.675;N35.7419;12;
3;USA;New Mexico;San Miguel;Tierra Monte;W105.347;N35.8592;12;
3;USA;New Mexico;San Miguel;Trementina;W104.528;N35.4697;12;
3;USA;New Mexico;San Miguel;Tres Lagunas;W105.678;N35.7211;12;
3;USA;New Mexico;San Miguel;Trout Springs;W105.341;N35.6597;12;
3;USA;New Mexico;San Miguel;Trujillo;W104.691;N35.5347;12;
3;USA;New Mexico;San Miguel;Upper Colonias;W105.584;N35.5764;12;
3;USA;New Mexico;San Miguel;Upper La Posada;W105.682;N35.6492;12;
3;USA;New Mexico;San Miguel;Upper Pueblo;W105.43;N35.3342;12;
3;USA;New Mexico;San Miguel;Upper Rociada;W105.427;N35.855;12;
3;USA;New Mexico;San Miguel;Variadero;W104.459;N35.3881;12;
3;USA;New Mexico;San Miguel;Villanueva;W105.361;N35.2667;12;
3;USA;New Mexico;San Miguel;Winsor Creek Summer Home;W105.672;N35.8142;12;
3;USA;New Mexico;Sandoval;Algodones;W106.479;N35.3806;12;
3;USA;New Mexico;Sandoval;Anasazi Trails;W106.513;N35.3164;12;
3;USA;New Mexico;Sandoval;Angostura;W106.493;N35.3742;12;
3;USA;New Mexico;Sandoval;Bernalillo;W106.551;N35.3;12;
3;USA;New Mexico;Sandoval;Bland;W106.465;N35.7575;12;
3;USA;New Mexico;Sandoval;Cañon;W106.736;N35.6569;12;
3;USA;New Mexico;Sandoval;Cabezon;W107.098;N35.6264;12;
3;USA;New Mexico;Sandoval;Casa Salazar;W107.116;N35.4833;12;
3;USA;New Mexico;Sandoval;Chical;W106.522;N35.34;12;
3;USA;New Mexico;Sandoval;Cochiti Lake;W106.338;N35.6481;12;
3;USA;New Mexico;Sandoval;Cochiti Pueblo;W106.347;N35.6075;12;
3;USA;New Mexico;Sandoval;Cochiti;W106.35;N35.6089;12;
3;USA;New Mexico;Sandoval;Corrales;W106.607;N35.2378;12;
3;USA;New Mexico;Sandoval;Counselor;W107.458;N36.2092;12;
3;USA;New Mexico;Sandoval;Cuba;W106.958;N36.0222;12;
3;USA;New Mexico;Sandoval;Cuervo Crossing;W107.018;N35.3342;12;
3;USA;New Mexico;Sandoval;Deer Creek Landing;W106.775;N35.7442;12;
3;USA;New Mexico;Sandoval;Deer Lake;W106.859;N35.9961;12;
3;USA;New Mexico;Sandoval;Desert Mountain;W106.515;N35.3144;12;
3;USA;New Mexico;Sandoval;Diamond Tail Ranch;W106.389;N35.3208;12;
3;USA;New Mexico;Sandoval;Domingo;W106.32;N35.5108;12;
3;USA;New Mexico;Sandoval;El Chapparal;W106.54;N35.3328;12;
3;USA;New Mexico;Sandoval;El Llanito;W106.531;N35.33;12;
3;USA;New Mexico;Sandoval;Evergreen Hills Subdivision;W106.487;N35.23;12;
3;USA;New Mexico;Sandoval;Frijoles;W106.271;N35.7789;12;
3;USA;New Mexico;Sandoval;Garrison;W106.931;N36.0481;12;
3;USA;New Mexico;Sandoval;Gilman;W106.76;N35.7161;12;
3;USA;New Mexico;Sandoval;Guadalupe;W107.151;N35.5414;12;
3;USA;New Mexico;Sandoval;Jemez Pueblo;W106.726;N35.6139;12;
3;USA;New Mexico;Sandoval;Jemez Springs;W106.692;N35.7686;12;
3;USA;New Mexico;Sandoval;La Gotera;W107.191;N35.3094;12;
3;USA;New Mexico;Sandoval;La Jara;W106.975;N36.0878;12;
3;USA;New Mexico;Sandoval;La Madera;W106.371;N35.2228;12;
3;USA;New Mexico;Sandoval;La Placita;W106.959;N36.0353;12;
3;USA;New Mexico;Sandoval;Lagunitas;W106.987;N35.9925;12;
3;USA;New Mexico;Sandoval;Las Colonias;W106.486;N35.3744;12;
3;USA;New Mexico;Sandoval;Las Huertas;W106.406;N35.3028;12;
3;USA;New Mexico;Sandoval;LaVentana;W106.971;N35.8272;12;
3;USA;New Mexico;Sandoval;Los Pastores;W106.428;N35.315;12;
3;USA;New Mexico;Sandoval;Marquez;W107.302;N35.3144;12;
3;USA;New Mexico;Sandoval;O'Neil Landing;W106.796;N35.8664;12;
3;USA;New Mexico;Sandoval;Paako Communities;W106.329;N35.1844;12;
3;USA;New Mexico;Sandoval;Peña Blanca;W106.338;N35.5708;12;
3;USA;New Mexico;Sandoval;Penistaja;W107.221;N35.9686;12;
3;USA;New Mexico;Sandoval;Pines;W106.437;N35.7803;12;
3;USA;New Mexico;Sandoval;Placitas Homesteads;W106.49;N35.3081;12;
3;USA;New Mexico;Sandoval;Placitas;W106.425;N35.3069;12;
3;USA;New Mexico;Sandoval;Ponderosa;W106.668;N35.66;12;
3;USA;New Mexico;Sandoval;Porter;W106.787;N35.8189;12;
3;USA;New Mexico;Sandoval;Pueblo of Sandia Village;W106.573;N35.255;12;
3;USA;New Mexico;Sandoval;Puertecito;W106.297;N35.2753;12;
3;USA;New Mexico;Sandoval;Puesta Del Sol;W106.453;N35.3064;12;
3;USA;New Mexico;Sandoval;Ranchito;W106.527;N35.3486;12;
3;USA;New Mexico;Sandoval;Ranchos des Placitas;W106.465;N35.3053;12;
3;USA;New Mexico;Sandoval;Regina;W106.957;N36.1842;12;
3;USA;New Mexico;Sandoval;Rio Rancho Estates;W106.667;N35.2386;12;
3;USA;New Mexico;Sandoval;Rio Rancho;W106.664;N35.2333;12;
3;USA;New Mexico;Sandoval;Rio Rancho;W106.706;N35.26;12;
3;USA;New Mexico;Sandoval;Rivajana;W106.536;N35.3381;12;
3;USA;New Mexico;Sandoval;San Felipe Pueblo;W106.447;N35.4339;12;
3;USA;New Mexico;Sandoval;San Luis;W107.051;N35.6825;12;
3;USA;New Mexico;Sandoval;San Miguel;W106.914;N35.9131;12;
3;USA;New Mexico;Sandoval;San Pablo;W106.911;N35.945;12;
3;USA;New Mexico;Sandoval;San Pedro Creek;W106.302;N35.2197;12;
3;USA;New Mexico;Sandoval;San Pedro Overlook;W106.279;N35.2236;12;
3;USA;New Mexico;Sandoval;San Ysidro;W106.771;N35.5633;12;
3;USA;New Mexico;Sandoval;Sandia Pueblo;W106.572;N35.2558;12;
3;USA;New Mexico;Sandoval;Santa Ana Pueblo;W106.619;N35.4289;12;
3;USA;New Mexico;Sandoval;Santo Domingo Pueblo;W106.366;N35.5147;12;
3;USA;New Mexico;Sandoval;Señorito;W106.915;N35.9781;12;
3;USA;New Mexico;Sandoval;Seven Springs;W106.712;N35.9019;12;
3;USA;New Mexico;Sandoval;Sierra de los Pinos;W106.591;N35.8117;12;
3;USA;New Mexico;Sandoval;Sile;W106.373;N35.5644;12;
3;USA;New Mexico;Sandoval;Sulphur Springs;W106.616;N35.9075;12;
3;USA;New Mexico;Sandoval;Sundance Mesa;W106.484;N35.3303;12;
3;USA;New Mexico;Sandoval;Tecolote;W106.406;N35.3194;12;
3;USA;New Mexico;Sandoval;The Overlook;W106.449;N35.3069;12;
3;USA;New Mexico;Sandoval;Torreon;W107.214;N35.7972;12;
3;USA;New Mexico;Sandoval;Upper La Jara;W106.923;N36.1206;12;
3;USA;New Mexico;Sandoval;Village de las Huertas;W106.409;N35.3014;12;
3;USA;New Mexico;Sandoval;Vista de Oro de Placitas;W106.471;N35.3022;12;
3;USA;New Mexico;Sandoval;Zia Pueblo;W106.72;N35.5069;12;
3;USA;New Mexico;Santa Fe;Agua Fria;W106.022;N35.6544;12;
3;USA;New Mexico;Santa Fe;Arroyo Seco;W106.031;N35.9653;12;
3;USA;New Mexico;Santa Fe;Blackwell Place;W106.143;N35.0994;12;
3;USA;New Mexico;Santa Fe;Briggs Place;W106.174;N35.1133;12;
3;USA;New Mexico;Santa Fe;Buckman;W106.157;N35.8319;12;
3;USA;New Mexico;Santa Fe;Cañada de los Alamos;W105.861;N35.5931;12;
3;USA;New Mexico;Santa Fe;Cedar Grove;W106.19;N35.1708;12;
3;USA;New Mexico;Santa Fe;Cerrillos;W106.123;N35.4378;12;
3;USA;New Mexico;Santa Fe;Childres Place;W105.72;N35.3278;12;
3;USA;New Mexico;Santa Fe;Chupadero;W105.917;N35.8225;12;
3;USA;New Mexico;Santa Fe;Cieneguilla;W106.124;N35.5956;12;
3;USA;New Mexico;Santa Fe;Cundiyo;W105.896;N35.9592;12;
3;USA;New Mexico;Santa Fe;Cuyamungue;W106.004;N35.8697;12;
3;USA;New Mexico;Santa Fe;Dennison Place;W106.05;N35.255;12;
3;USA;New Mexico;Santa Fe;Edgewood;W106.191;N35.0614;12;
3;USA;New Mexico;Santa Fe;El Dorado at Santa Fe;W105.909;N35.5486;12;
3;USA;New Mexico;Santa Fe;El Dorado;W105.917;N35.5417;12;
3;USA;New Mexico;Santa Fe;El Rancho;W106.08;N35.8892;12;
3;USA;New Mexico;Santa Fe;El Valle de Arroyo Seco;W106.029;N35.9628;12;
3;USA;New Mexico;Santa Fe;Eldorado at Santa Fe;W105.935;N35.5264;12;
3;USA;New Mexico;Santa Fe;En Medio;W105.904;N35.8258;12;
3;USA;New Mexico;Santa Fe;Escondillo;W105.891;N35.9528;12;
3;USA;New Mexico;Santa Fe;Galisteo;W105.946;N35.3956;12;
3;USA;New Mexico;Santa Fe;Glorieta;W105.77;N35.5831;12;
3;USA;New Mexico;Santa Fe;Golden;W106.214;N35.2669;12;
3;USA;New Mexico;Santa Fe;Horton Place;W106.209;N35.1419;12;
3;USA;New Mexico;Santa Fe;Hyer;W106.119;N35.2144;12;
3;USA;New Mexico;Santa Fe;Jacona;W106.042;N35.8906;12;
3;USA;New Mexico;Santa Fe;Jaconita;W106.06;N35.8861;12;
3;USA;New Mexico;Santa Fe;Kennedy;W105.986;N35.4042;12;
3;USA;New Mexico;Santa Fe;La Bajada;W106.241;N35.5561;12;
3;USA;New Mexico;Santa Fe;La Cienega;W106.131;N35.5628;12;
3;USA;New Mexico;Santa Fe;La Cueva;W105.733;N35.5911;12;
3;USA;New Mexico;Santa Fe;La Loma;W105.931;N35.6194;12;
3;USA;New Mexico;Santa Fe;La Puebla;W105.996;N35.9892;12;
3;USA;New Mexico;Santa Fe;Lacy Place;W106.14;N35.0814;12;
3;USA;New Mexico;Santa Fe;Lamy;W105.88;N35.4814;12;
3;USA;New Mexico;Santa Fe;Las Dos;W106.031;N35.7617;12;
3;USA;New Mexico;Santa Fe;Los Cerrilos;W106.123;N35.4389;12;
3;USA;New Mexico;Santa Fe;Los Marias;W105.943;N35.4136;12;
3;USA;New Mexico;Santa Fe;Madrid;W106.153;N35.4067;12;
3;USA;New Mexico;Santa Fe;Mosley Place;W106.162;N35.0825;12;
3;USA;New Mexico;Santa Fe;Nambe Pueblo;W105.965;N35.8875;12;
3;USA;New Mexico;Santa Fe;Nambe;W105.983;N35.8933;12;
3;USA;New Mexico;Santa Fe;Otowi;W106.142;N35.8758;12;
3;USA;New Mexico;Santa Fe;P Simmons Place;W106.118;N35.2319;12;
3;USA;New Mexico;Santa Fe;Pajarito;W106.127;N35.9053;12;
3;USA;New Mexico;Santa Fe;Pojoaque;W106.023;N35.8928;12;
3;USA;New Mexico;Santa Fe;Potrero;W105.934;N35.9897;12;
3;USA;New Mexico;Santa Fe;Quarteles;W106.014;N35.9919;12;
3;USA;New Mexico;Santa Fe;Rancho Valle;W106.009;N35.9856;12;
3;USA;New Mexico;Santa Fe;Rio Chiquito;W105.905;N36.0025;12;
3;USA;New Mexico;Santa Fe;Rio En Medio;W105.904;N35.825;12;
3;USA;New Mexico;Santa Fe;Rosario;W106.228;N35.4803;12;
3;USA;New Mexico;Santa Fe;San Ildefonso Pueblo;W106.118;N35.8919;12;
3;USA;New Mexico;Santa Fe;San Pedro;W106.209;N35.2397;12;
3;USA;New Mexico;Santa Fe;Santa Cruz;W106.047;N35.9922;12;
3;USA;New Mexico;Santa Fe;Santa Fe;W105.938;N35.6869;12;
3;USA;New Mexico;Santa Fe;Santo Nino;W106.063;N35.9978;12;
3;USA;New Mexico;Santa Fe;Seton Village;W105.933;N35.5992;12;
3;USA;New Mexico;Santa Fe;Sombrillo;W106.04;N35.98;12;
3;USA;New Mexico;Santa Fe;Spiess;W105.907;N35.4592;12;
3;USA;New Mexico;Santa Fe;Stanley;W105.977;N35.1475;12;
3;USA;New Mexico;Santa Fe;Tesuque Pueblo;W105.976;N35.8025;12;
3;USA;New Mexico;Santa Fe;Tesuque;W105.933;N35.7617;12;
3;USA;New Mexico;Santa Fe;Tinen Place;W106.013;N35.2592;12;
3;USA;New Mexico;Santa Fe;Totavi;W106.175;N35.8756;12;
3;USA;New Mexico;Santa Fe;Young Place;W105.762;N35.2694;12;
3;USA;New Mexico;Sierra;Alivio;W107.021;N32.8367;12;
3;USA;New Mexico;Sierra;Arrey;W107.319;N32.8486;12;
3;USA;New Mexico;Sierra;Caballo;W107.308;N32.9756;12;
3;USA;New Mexico;Sierra;Chaves Place;W107.506;N33.4008;12;
3;USA;New Mexico;Sierra;Chise;W107.597;N33.2722;12;
3;USA;New Mexico;Sierra;Chloride;W107.678;N33.3386;12;
3;USA;New Mexico;Sierra;Crocker;W107.031;N33.3422;12;
3;USA;New Mexico;Sierra;Cuchillo;W107.361;N33.2358;12;
3;USA;New Mexico;Sierra;Cutter;W107.022;N33.0603;12;
3;USA;New Mexico;Sierra;Derry;W107.282;N32.7881;12;
3;USA;New Mexico;Sierra;Elephant Butte Estates;W107.207;N33.1869;12;
3;USA;New Mexico;Sierra;Elephant Butte;W107.185;N33.1486;12;
3;USA;New Mexico;Sierra;Engle;W107.031;N33.1769;12;
3;USA;New Mexico;Sierra;Francisco Rascon Place;W107.623;N33.0117;12;
3;USA;New Mexico;Sierra;Franks Place;W107.804;N33.4064;12;
3;USA;New Mexico;Sierra;Garcia Place;W107.487;N33.1711;12;
3;USA;New Mexico;Sierra;Grafton;W107.746;N33.4306;12;
3;USA;New Mexico;Sierra;Hermosa;W107.73;N33.1575;12;
3;USA;New Mexico;Sierra;Hillsboro;W107.567;N32.9208;12;
3;USA;New Mexico;Sierra;Hot Springs Landing;W107.211;N33.2072;12;
3;USA;New Mexico;Sierra;Jewkes Place;W107.551;N33.4169;12;
3;USA;New Mexico;Sierra;Jornada;W107.034;N33.1231;12;
3;USA;New Mexico;Sierra;Kingston;W107.706;N32.9169;12;
3;USA;New Mexico;Sierra;Kline Place;W107.858;N33.4492;12;
3;USA;New Mexico;Sierra;La Petra;W107.421;N33.4331;12;
3;USA;New Mexico;Sierra;Lake Valley;W107.568;N32.7178;12;
3;USA;New Mexico;Sierra;Las Palomas;W107.298;N33.0625;12;
3;USA;New Mexico;Sierra;Monticello;W107.451;N33.3969;12;
3;USA;New Mexico;Sierra;Murphy Place;W107.79;N33.0417;12;
3;USA;New Mexico;Sierra;Oasis;W107.317;N32.9244;12;
3;USA;New Mexico;Sierra;Placitas;W107.433;N33.3772;12;
3;USA;New Mexico;Sierra;Rock Canyon;W107.209;N33.2236;12;
3;USA;New Mexico;Sierra;Rouse Place;W107.619;N33.4467;12;
3;USA;New Mexico;Sierra;Santana Place;W107.802;N33.4328;12;
3;USA;New Mexico;Sierra;Truth or Consequences;W107.253;N33.1283;12;
3;USA;New Mexico;Sierra;Upham;W107.002;N32.8864;12;
3;USA;New Mexico;Sierra;Williamsburg;W107.293;N33.1161;12;
3;USA;New Mexico;Sierra;Winston;W107.647;N33.3467;12;
3;USA;New Mexico;Socorro;Abeytas;W106.811;N34.4675;12;
3;USA;New Mexico;Socorro;Adobe Ranch;W106.305;N33.8622;12;
3;USA;New Mexico;Socorro;Alamillo;W106.916;N34.2547;12;
3;USA;New Mexico;Socorro;Alamo;W107.511;N34.4208;12;
3;USA;New Mexico;Socorro;Bernardo;W106.834;N34.4186;12;
3;USA;New Mexico;Socorro;Bingham;W106.373;N33.8889;12;
3;USA;New Mexico;Socorro;Bosquecito;W106.851;N33.9772;12;
3;USA;New Mexico;Socorro;Bramlett;W108.844;N31.3342;12;
3;USA;New Mexico;Socorro;Canyon Mill;W106.715;N34.3144;12;
3;USA;New Mexico;Socorro;Carthage;W106.659;N33.8833;12;
3;USA;New Mexico;Socorro;Chamizal;W106.914;N34.2175;12;
3;USA;New Mexico;Socorro;Claunch;W105.994;N34.1419;12;
3;USA;New Mexico;Socorro;Coane;W106.327;N33.8008;12;
3;USA;New Mexico;Socorro;Contreras;W106.814;N34.3828;12;
3;USA;New Mexico;Socorro;Dusty;W107.655;N33.6267;12;
3;USA;New Mexico;Socorro;Dusty;W107.656;N33.6269;12;
3;USA;New Mexico;Socorro;Escondida;W106.896;N34.1014;12;
3;USA;New Mexico;Socorro;Florida;W106.898;N34.0911;12;
3;USA;New Mexico;Socorro;Garcia;W108.863;N31.3339;12;
3;USA;New Mexico;Socorro;Gibbs Place;W106.73;N34.2678;12;
3;USA;New Mexico;Socorro;Hard Luck Crossing;W106.982;N33.5472;12;
3;USA;New Mexico;Socorro;John Padilla Settlement;W107.474;N34.3842;12;
3;USA;New Mexico;Socorro;Kelly;W107.205;N34.0831;12;
3;USA;New Mexico;Socorro;Kinney Wells;W106.75;N33.8711;12;
3;USA;New Mexico;Socorro;La Joya;W106.846;N34.3461;12;
3;USA;New Mexico;Socorro;Laborcita;W106.869;N33.9458;12;
3;USA;New Mexico;Socorro;Las Nutrias;W106.771;N34.4767;12;
3;USA;New Mexico;Socorro;Lava;W107.016;N33.4786;12;
3;USA;New Mexico;Socorro;Lemitar;W106.91;N34.1597;12;
3;USA;New Mexico;Socorro;Limitar;W106.897;N34.1556;12;
3;USA;New Mexico;Socorro;Luis Lopez;W106.885;N33.9889;12;
3;USA;New Mexico;Socorro;Magdalena;W107.244;N34.1167;12;
3;USA;New Mexico;Socorro;McNierney;W106.906;N34.1936;12;
3;USA;New Mexico;Socorro;Mill Place;W107.248;N33.9403;12;
3;USA;New Mexico;Socorro;Morine Place;W107.59;N33.9194;12;
3;USA;New Mexico;Socorro;Old Carthage;W106.728;N33.8767;12;
3;USA;New Mexico;Socorro;Payne Place;W107.395;N34.5667;12;
3;USA;New Mexico;Socorro;Pino Place;W107.446;N34.5703;12;
3;USA;New Mexico;Socorro;Polvadera;W106.922;N34.2047;12;
3;USA;New Mexico;Socorro;Pueblito;W106.879;N34.1219;12;
3;USA;New Mexico;Socorro;Puertecito;W107.393;N34.4481;12;
3;USA;New Mexico;Socorro;Red Mill;W106.75;N34.2953;12;
3;USA;New Mexico;Socorro;Riley;W107.23;N34.3806;12;
3;USA;New Mexico;Socorro;Sabinal;W106.808;N34.4936;12;
3;USA;New Mexico;Socorro;San Acacia;W106.899;N34.2553;12;
3;USA;New Mexico;Socorro;San Antonio;W106.866;N33.9178;12;
3;USA;New Mexico;Socorro;San Antonito;W106.874;N33.8928;12;
3;USA;New Mexico;Socorro;San Francisco;W106.839;N34.3958;12;
3;USA;New Mexico;Socorro;San Geronimo;W106.873;N34.3342;12;
3;USA;New Mexico;Socorro;San Marcial;W106.987;N33.7;12;
3;USA;New Mexico;Socorro;San Pedro;W106.842;N33.9103;12;
3;USA;New Mexico;Socorro;Socorro;W106.891;N34.0583;12;
3;USA;New Mexico;Socorro;Tiffany;W106.943;N33.7231;12;
3;USA;New Mexico;Socorro;Tokay;W106.739;N33.8736;12;
3;USA;New Mexico;Socorro;Tomasino Mill;W106.673;N34.2525;12;
3;USA;New Mexico;Socorro;Val Verde;W106.931;N33.7031;12;
3;USA;New Mexico;Socorro;Veguita;W106.767;N34.5161;12;
3;USA;New Mexico;Taos;Amalia;W105.454;N36.9419;12;
3;USA;New Mexico;Taos;Angostura;W105.486;N36.1017;12;
3;USA;New Mexico;Taos;Arroyo Hondo;W105.67;N36.5358;12;
3;USA;New Mexico;Taos;Arroyo Seco;W105.569;N36.5167;12;
3;USA;New Mexico;Taos;Barranca;W105.868;N36.2619;12;
3;USA;New Mexico;Taos;Buena Vista;W105.604;N36.7839;12;
3;USA;New Mexico;Taos;Cañon;W105.563;N36.3908;12;
3;USA;New Mexico;Taos;Cañoncito;W105.634;N36.5444;12;
3;USA;New Mexico;Taos;Carson;W105.765;N36.3644;12;
3;USA;New Mexico;Taos;Cerro;W105.613;N36.7539;12;
3;USA;New Mexico;Taos;Chamisal;W105.738;N36.1658;12;
3;USA;New Mexico;Taos;Costilla;W105.531;N36.9758;12;
3;USA;New Mexico;Taos;El Padro;W105.575;N36.4317;12;
3;USA;New Mexico;Taos;El Prado;W105.576;N36.4486;12;
3;USA;New Mexico;Taos;El Rito;W105.568;N36.8;12;
3;USA;New Mexico;Taos;El Valle;W105.727;N36.1103;12;
3;USA;New Mexico;Taos;Kiowa Village;W105.597;N36.5792;12;
3;USA;New Mexico;Taos;Lama;W105.618;N36.6497;12;
3;USA;New Mexico;Taos;Las Mochas;W105.57;N36.1625;12;
3;USA;New Mexico;Taos;Llano Largo;W105.659;N36.1406;12;
3;USA;New Mexico;Taos;Llano Quemado;W105.613;N36.3489;12;
3;USA;New Mexico;Taos;Llano;W105.682;N36.14;12;
3;USA;New Mexico;Taos;Los Cordovas;W105.638;N36.3872;12;
3;USA;New Mexico;Taos;McGreggor Place;W105.846;N36.8308;12;
3;USA;New Mexico;Taos;Moly;W105.493;N36.6969;12;
3;USA;New Mexico;Taos;No Agua;W105.969;N36.7206;12;
3;USA;New Mexico;Taos;Ojito;W105.715;N36.1406;12;
3;USA;New Mexico;Taos;Ojo Caliente;W106.047;N36.3031;12;
3;USA;New Mexico;Taos;Peñasco;W105.686;N36.1694;12;
3;USA;New Mexico;Taos;Picuris Pueblo;W105.71;N36.2008;12;
3;USA;New Mexico;Taos;Pilar;W105.788;N36.2697;12;
3;USA;New Mexico;Taos;Pot Creek;W105.573;N36.275;12;
3;USA;New Mexico;Taos;Questa;W105.595;N36.7039;12;
3;USA;New Mexico;Taos;Ranchito;W105.598;N36.4042;12;
3;USA;New Mexico;Taos;Ranchos de Taos;W105.609;N36.3586;12;
3;USA;New Mexico;Taos;Red River;W105.406;N36.7081;12;
3;USA;New Mexico;Taos;Rio Lucio;W105.726;N36.1956;12;
3;USA;New Mexico;Taos;Rio Pueblo;W105.639;N36.1853;12;
3;USA;New Mexico;Taos;Rock Wall;W105.621;N36.1767;12;
3;USA;New Mexico;Taos;Rodarte;W105.673;N36.1519;12;
3;USA;New Mexico;Taos;San Cristobal;W105.639;N36.5964;12;
3;USA;New Mexico;Taos;Servilleta;W105.936;N36.5533;12;
3;USA;New Mexico;Taos;Shady Brook;W105.468;N36.37;12;
3;USA;New Mexico;Taos;Sipapu;W105.551;N36.1556;12;
3;USA;New Mexico;Taos;Solo;W105.951;N36.3392;12;
3;USA;New Mexico;Taos;Sunshine Valley;W105.659;N36.8417;12;
3;USA;New Mexico;Taos;Sunshine;W105.64;N36.8439;12;
3;USA;New Mexico;Taos;Talpa;W105.597;N36.3414;12;
3;USA;New Mexico;Taos;Taos Junction;W105.897;N36.3625;12;
3;USA;New Mexico;Taos;Taos Pueblo;W105.544;N36.4386;12;
3;USA;New Mexico;Taos;Taos Ski Valley;W105.453;N36.5844;12;
3;USA;New Mexico;Taos;Taos;W105.573;N36.4072;12;
3;USA;New Mexico;Taos;Trampas;W105.759;N36.1311;12;
3;USA;New Mexico;Taos;Tres Piedras;W105.967;N36.6469;12;
3;USA;New Mexico;Taos;Tres Ritos;W105.516;N36.1306;12;
3;USA;New Mexico;Taos;Twining;W105.45;N36.5947;12;
3;USA;New Mexico;Taos;Vadito;W105.671;N36.1911;12;
3;USA;New Mexico;Taos;Valdez;W105.584;N36.5344;12;
3;USA;New Mexico;Taos;Valle Escondido;W105.381;N36.3664;12;
3;USA;New Mexico;Taos;Vallecito;W105.784;N36.1575;12;
3;USA;New Mexico;Taos;Vallecitos;W105.609;N36.2567;12;
3;USA;New Mexico;Taos;Ventero;W105.406;N36.9836;12;
3;USA;New Mexico;Torrance;Abo;W106.333;N34.4558;12;
3;USA;New Mexico;Torrance;Alexander Place;W106.254;N34.6861;12;
3;USA;New Mexico;Torrance;Anderson Place;W106.349;N34.6806;12;
3;USA;New Mexico;Torrance;Antelope Springs;W106.068;N34.8322;12;
3;USA;New Mexico;Torrance;Benson Place;W106.311;N34.6956;12;
3;USA;New Mexico;Torrance;Bermadez Place;W106.318;N34.6761;12;
3;USA;New Mexico;Torrance;Brizendine Place;W106.29;N34.6697;12;
3;USA;New Mexico;Torrance;Broncho;W106.136;N34.5589;12;
3;USA;New Mexico;Torrance;Brown Place;W106.329;N34.7392;12;
3;USA;New Mexico;Torrance;C Davis Place;W106.111;N34.9619;12;
3;USA;New Mexico;Torrance;Candelaria Place;W106.353;N34.6722;12;
3;USA;New Mexico;Torrance;Carnero;W105.387;N34.6242;12;
3;USA;New Mexico;Torrance;Cavasos Place;W106.027;N35.0847;12;
3;USA;New Mexico;Torrance;Cedarvale;W105.702;N34.3706;12;
3;USA;New Mexico;Torrance;Chato;W106.349;N34.6308;12;
3;USA;New Mexico;Torrance;Chaves Place;W106.375;N34.7417;12;
3;USA;New Mexico;Torrance;Chupadera;W106.361;N34.2706;12;
3;USA;New Mexico;Torrance;Clines Corners;W105.669;N35.0094;12;
3;USA;New Mexico;Torrance;Culebra;W105.768;N34.6825;12;
3;USA;New Mexico;Torrance;D Candelaria Place;W106.362;N34.6147;12;
3;USA;New Mexico;Torrance;Danvik Place;W106.223;N34.9633;12;
3;USA;New Mexico;Torrance;Derramadero;W105.335;N34.8281;12;
3;USA;New Mexico;Torrance;Dummoor;W105.705;N34.6297;12;
3;USA;New Mexico;Torrance;Dunn Place;W106.155;N34.9933;12;
3;USA;New Mexico;Torrance;Duran;W105.397;N34.4672;12;
3;USA;New Mexico;Torrance;E Davis Place;W106.09;N34.9131;12;
3;USA;New Mexico;Torrance;El Gato;W106.3;N34.6222;12;
3;USA;New Mexico;Torrance;Encino;W105.462;N34.6511;12;
3;USA;New Mexico;Torrance;Estancia Ranchettes;W105.918;N34.9939;12;
3;USA;New Mexico;Torrance;Estancia;W106.056;N34.7583;12;
3;USA;New Mexico;Torrance;Gallegos;W106.156;N35.0353;12;
3;USA;New Mexico;Torrance;Glover Place;W106.296;N34.8008;12;
3;USA;New Mexico;Torrance;Gran Quivira;W106.102;N34.2636;12;
3;USA;New Mexico;Torrance;Hewitt Place;W106.345;N34.5653;12;
3;USA;New Mexico;Torrance;Hyde Place;W106.371;N34.7139;12;
3;USA;New Mexico;Torrance;Jarett Place;W106.133;N35.0386;12;
3;USA;New Mexico;Torrance;Johns Place;W106.089;N35.0128;12;
3;USA;New Mexico;Torrance;King Place;W106.314;N34.7808;12;
3;USA;New Mexico;Torrance;Lucy;W105.837;N34.6519;12;
3;USA;New Mexico;Torrance;Maez Place;W106.287;N34.6631;12;
3;USA;New Mexico;Torrance;Manzano;W106.345;N34.6467;12;
3;USA;New Mexico;Torrance;Martin Place;W106.104;N35.0697;12;
3;USA;New Mexico;Torrance;Martin Place;W106.331;N34.5364;12;
3;USA;New Mexico;Torrance;Martinez;W106.191;N34.9992;12;
3;USA;New Mexico;Torrance;McIntosh;W106.052;N34.8647;12;
3;USA;New Mexico;Torrance;McKinley Place;W106.382;N34.6383;12;
3;USA;New Mexico;Torrance;Moorehead Place;W106.271;N34.6306;12;
3;USA;New Mexico;Torrance;Moriarty;W106.049;N34.99;12;
3;USA;New Mexico;Torrance;Mountainair;W106.241;N34.5203;12;
3;USA;New Mexico;Torrance;Negra;W105.537;N34.6639;12;
3;USA;New Mexico;Torrance;Nelson Place;W106.335;N34.7767;12;
3;USA;New Mexico;Torrance;North Lucy;W105.581;N34.8572;12;
3;USA;New Mexico;Torrance;Otto;W106.009;N35.0731;12;
3;USA;New Mexico;Torrance;Palma;W105.466;N34.9786;12;
3;USA;New Mexico;Torrance;Pedernal;W105.643;N34.6356;12;
3;USA;New Mexico;Torrance;Pine Springs;W106.234;N34.9656;12;
3;USA;New Mexico;Torrance;Progresso;W105.882;N34.4789;12;
3;USA;New Mexico;Torrance;Punta de Agua;W106.284;N34.6;12;
3;USA;New Mexico;Torrance;Riley Place;W106.336;N34.8111;12;
3;USA;New Mexico;Torrance;Romero Place;W106.297;N34.6436;12;
3;USA;New Mexico;Torrance;Saiz Place;W106.327;N34.6522;12;
3;USA;New Mexico;Torrance;Sanchez Place;W106.293;N34.6256;12;
3;USA;New Mexico;Torrance;Scholle;W106.417;N34.4275;12;
3;USA;New Mexico;Torrance;Silio;W105.934;N34.5892;12;
3;USA;New Mexico;Torrance;Stockton Place;W105.78;N34.8556;12;
3;USA;New Mexico;Torrance;Tajique;W106.288;N34.7517;12;
3;USA;New Mexico;Torrance;Thompson Place;W106.137;N34.9439;12;
3;USA;New Mexico;Torrance;Thunderbird;W106.399;N34.5764;12;
3;USA;New Mexico;Torrance;Torrance;W105.528;N34.3411;12;
3;USA;New Mexico;Torrance;Torreon;W106.299;N34.7222;12;
3;USA;New Mexico;Torrance;Varney;W105.564;N34.3047;12;
3;USA;New Mexico;Torrance;Willard;W106.034;N34.5958;12;
3;USA;New Mexico;Torrance;Witt;W106.053;N34.8406;12;
3;USA;New Mexico;Union;Amistad;W103.154;N35.9189;12;
3;USA;New Mexico;Union;Atencio;W103.126;N36.7714;12;
3;USA;New Mexico;Union;Bates;W103.203;N36.2958;12;
3;USA;New Mexico;Union;Beenham;W103.634;N36.2144;12;
3;USA;New Mexico;Union;Capulin;W103.994;N36.7411;12;
3;USA;New Mexico;Union;Centerville Corner;W103.127;N35.7967;12;
3;USA;New Mexico;Union;Centerville;W103.09;N35.7975;12;
3;USA;New Mexico;Union;Clayton;W103.184;N36.4517;12;
3;USA;New Mexico;Union;Des Moines;W103.834;N36.7611;12;
3;USA;New Mexico;Union;Folsom;W103.918;N36.845;12;
3;USA;New Mexico;Union;Gladstone;W103.973;N36.3047;12;
3;USA;New Mexico;Union;Grande;W103.774;N36.6706;12;
3;USA;New Mexico;Union;Grenville;W103.616;N36.5928;12;
3;USA;New Mexico;Union;Guy;W103.433;N36.8144;12;
3;USA;New Mexico;Union;Hayden;W103.272;N35.9683;12;
3;USA;New Mexico;Union;McNees Crossing;W103.063;N36.6917;12;
3;USA;New Mexico;Union;Miera;W103.552;N36.0911;12;
3;USA;New Mexico;Union;Moses;W103.06;N36.7122;12;
3;USA;New Mexico;Union;Mount Dora;W103.489;N36.5194;12;
3;USA;New Mexico;Union;Old Moses;W103.078;N36.6839;12;
3;USA;New Mexico;Union;Pennington;W103.633;N36.3053;12;
3;USA;New Mexico;Union;Royce;W103.313;N36.4869;12;
3;USA;New Mexico;Union;Sedan;W103.131;N36.1444;12;
3;USA;New Mexico;Union;Seneca;W103.127;N36.6283;12;
3;USA;New Mexico;Union;Sofia;W103.829;N36.4517;12;
3;USA;New Mexico;Union;Thomas;W103.293;N36.2456;12;
3;USA;New Mexico;Valencia;Adelino;W106.731;N34.7158;12;
3;USA;New Mexico;Valencia;Azul;W106.758;N34.6939;12;
3;USA;New Mexico;Valencia;Bacaville;W106.781;N34.6422;12;
3;USA;New Mexico;Valencia;Becker;W106.616;N34.4961;12;
3;USA;New Mexico;Valencia;Belen;W106.776;N34.6628;12;
3;USA;New Mexico;Valencia;Bodega;W106.676;N34.5519;12;
3;USA;New Mexico;Valencia;Bosque Farms;W106.705;N34.8547;12;
3;USA;New Mexico;Valencia;Bosque;W106.789;N34.56;12;
3;USA;New Mexico;Valencia;Casa Colorada;W106.749;N34.5739;12;
3;USA;New Mexico;Valencia;Chical;W106.668;N34.8683;12;
3;USA;New Mexico;Valencia;Correo;W107.185;N34.955;12;
3;USA;New Mexico;Valencia;Dalies;W106.861;N34.7719;12;
3;USA;New Mexico;Valencia;El Cerro;W106.711;N34.7269;12;
3;USA;New Mexico;Valencia;Jarales;W106.764;N34.6131;12;
3;USA;New Mexico;Valencia;La Constancia;W106.735;N34.6783;12;
3;USA;New Mexico;Valencia;La Ladera;W106.667;N34.8267;12;
3;USA;New Mexico;Valencia;La Ladera;W106.715;N34.7092;12;
3;USA;New Mexico;Valencia;Los Chaves;W106.738;N34.7269;12;
3;USA;New Mexico;Valencia;Los Chavez;W106.754;N34.7267;12;
3;USA;New Mexico;Valencia;Los Lentes;W106.732;N34.8233;12;
3;USA;New Mexico;Valencia;Los Lunas;W106.733;N34.8061;12;
3;USA;New Mexico;Valencia;Los Trujillos;W106.761;N34.6467;12;
3;USA;New Mexico;Valencia;Madrone;W106.733;N34.5939;12;
3;USA;New Mexico;Valencia;Meadow Lake;W106.544;N34.8014;12;
3;USA;New Mexico;Valencia;Paquita;W106.777;N34.8653;12;
3;USA;New Mexico;Valencia;Peralta;W106.691;N34.8369;12;
3;USA;New Mexico;Valencia;Pueblitos;W106.778;N34.6231;12;
3;USA;New Mexico;Valencia;Rio Grande Estates;W106.713;N34.6558;12;
3;USA;New Mexico;Valencia;Rio Puerco;W106.994;N34.7931;12;
3;USA;New Mexico;Valencia;Sandia;W106.839;N34.8253;12;
3;USA;New Mexico;Valencia;South Garcia;W107.081;N34.8808;12;
3;USA;New Mexico;Valencia;Suwanee;W107.137;N34.935;12;
3;USA;New Mexico;Valencia;Tome;W106.728;N34.7408;12;
3;USA;New Mexico;Valencia;Valencia;W106.7;N34.7994;12;
3;USA;Texas;Deaf Smith;Glenrio;W103.042;N35.1789;12;
3;USA;Texas;Gaines;State Line;W103.065;N32.7267;12;
3;USA;Texas;Yoakum;Bronco;W103.059;N33.2569;12;
