2;USA;Oregon;Baker;;W117.668;N44.7503;9;
2;USA;Oregon;Benton;;W123.418;N44.4994;9;
2;USA;Oregon;Clackamas;;W122.168;N45.2494;9;
2;USA;Oregon;Clatsop;;W123.668;N45.9664;9;
2;USA;Oregon;Columbia;;W123.084;N45.9164;9;
2;USA;Oregon;Coos;;W124.001;N43.1664;9;
2;USA;Oregon;Crook;;W120.084;N44.1664;9;
2;USA;Oregon;Curry;;W124.218;N42.5;9;
2;USA;Oregon;Deschutes;;W121.251;N43.9164;9;
2;USA;Oregon;Douglas;;W123.168;N43.3331;9;
2;USA;Oregon;Gilliam;;W120.268;N45.3331;9;
2;USA;Oregon;Grant;;W119.001;N44.5003;9;
2;USA;Oregon;Harney;;W119.001;N43.1667;9;
2;USA;Oregon;Hood River;;W121.634;N45.5;9;
2;USA;Oregon;Jackson;;W122.834;N42.4164;9;
2;USA;Oregon;Jefferson;;W121.334;N44.6331;9;
2;USA;Oregon;Josephine;;W123.584;N42.4164;9;
2;USA;Oregon;Klamath;;W121.751;N42.6664;9;
2;USA;Oregon;Lake;;W120.501;N42.8333;9;
2;USA;Oregon;Lane;;W122.834;N43.9164;9;
2;USA;Oregon;Lincoln;;W123.834;N44.6664;9;
2;USA;Oregon;Linn;;W122.584;N44.4994;9;
2;USA;Oregon;Malheur;;W117.668;N43.2503;9;
2;USA;Oregon;Marion;;W122.651;N44.8664;9;
2;USA;Oregon;Morrow;;W119.551;N45.4994;9;
2;USA;Oregon;Multnomah;;W122.418;N45.5;9;
2;USA;Oregon;Polk;;W123.451;N44.8664;9;
2;USA;Oregon;Sherman;;W120.668;N45.4164;9;
2;USA;Oregon;Tillamook;;W123.718;N45.5164;9;
2;USA;Oregon;Umatilla;;W118.501;N45.5;9;
2;USA;Oregon;Union;;W118.001;N45.3664;9;
2;USA;Oregon;Wallowa;;W117.168;N45.5003;9;
2;USA;Oregon;Wasco;;W121.251;N45.1664;9;
2;USA;Oregon;Washington;;W122.084;N45.5497;9;
2;USA;Oregon;Wheeler;;W120.001;N44.6664;9;
2;USA;Oregon;Yamhill;;W123.301;N45.2164;9;
3;USA;California;Modoc;New Pine Creek;W120.297;N41.9928;12;
3;USA;California;Siskiyou;Hatfield;W121.519;N41.9981;12;
3;USA;Oregon;Baker;Baker City;W117.834;N44.775;12;
3;USA;Oregon;Baker;Bourne;W118.198;N44.8244;12;
3;USA;Oregon;Baker;Bridgeport;W117.745;N44.4858;12;
3;USA;Oregon;Baker;Brownlee;W116.934;N44.8117;12;
3;USA;Oregon;Baker;Carson;W117.176;N44.9358;12;
3;USA;Oregon;Baker;China Town;W117.699;N44.4931;12;
3;USA;Oregon;Baker;Clarksville;W117.68;N44.4914;12;
3;USA;Oregon;Baker;Cornucopia;W117.193;N45.0083;12;
3;USA;Oregon;Baker;Durkee;W117.465;N44.5822;12;
3;USA;Oregon;Baker;Encina;W117.691;N44.6917;12;
3;USA;Oregon;Baker;Greenhorn;W118.491;N44.7081;12;
3;USA;Oregon;Baker;Haines;W117.939;N44.9117;12;
3;USA;Oregon;Baker;Halfway;W117.115;N44.8808;12;
3;USA;Oregon;Baker;Hereford;W118.037;N44.4986;12;
3;USA;Oregon;Baker;Homestead;W116.851;N45.0239;12;
3;USA;Oregon;Baker;Huntington;W117.267;N44.3514;12;
3;USA;Oregon;Baker;Hutchinson;W117.978;N44.9717;12;
3;USA;Oregon;Baker;Jimtown;W117.145;N44.9056;12;
3;USA;Oregon;Baker;Keating;W117.591;N44.8742;12;
3;USA;Oregon;Baker;Lime;W117.311;N44.4067;12;
3;USA;Oregon;Baker;Little Alps;W118.183;N44.9656;12;
3;USA;Oregon;Baker;McEwen;W118.105;N44.7008;12;
3;USA;Oregon;Baker;New Bridge;W117.19;N44.8006;12;
3;USA;Oregon;Baker;Oxbow;W116.863;N44.975;12;
3;USA;Oregon;Baker;Pine Creek;W116.879;N44.9489;12;
3;USA;Oregon;Baker;Pine;W117.089;N44.8614;12;
3;USA;Oregon;Baker;Pleasant Valley;W117.631;N44.6744;12;
3;USA;Oregon;Baker;Richland;W117.169;N44.7692;12;
3;USA;Oregon;Baker;Robinette;W117.031;N44.7528;12;
3;USA;Oregon;Baker;Rock Creek;W118.036;N44.9142;12;
3;USA;Oregon;Baker;Rye Valley;W117.478;N44.4639;12;
3;USA;Oregon;Baker;Sparta;W117.324;N44.8711;12;
3;USA;Oregon;Baker;Sumpter;W118.202;N44.7458;12;
3;USA;Oregon;Baker;Sunset;W117.044;N44.8953;12;
3;USA;Oregon;Baker;Unity;W118.193;N44.4375;12;
3;USA;Oregon;Baker;Weatherby;W117.371;N44.4986;12;
3;USA;Oregon;Baker;Wingville;W117.922;N44.8397;12;
3;USA;Oregon;Benton;Adair Village;W123.218;N44.6706;12;
3;USA;Oregon;Benton;Alder;W123.509;N44.5822;12;
3;USA;Oregon;Benton;Alpine;W123.36;N44.33;12;
3;USA;Oregon;Benton;Alsea;W123.596;N44.3814;12;
3;USA;Oregon;Benton;Bellfountain;W123.355;N44.3636;12;
3;USA;Oregon;Benton;Blodgett;W123.519;N44.5969;12;
3;USA;Oregon;Benton;Corvallis;W123.262;N44.5644;12;
3;USA;Oregon;Benton;Dry Creek;W123.276;N44.505;12;
3;USA;Oregon;Benton;Flynn;W123.387;N44.5408;12;
3;USA;Oregon;Benton;Glenbrook;W123.406;N44.3136;12;
3;USA;Oregon;Benton;Harris;W123.46;N44.5781;12;
3;USA;Oregon;Benton;Hoskins;W123.469;N44.6767;12;
3;USA;Oregon;Benton;Kings Valley;W123.434;N44.7067;12;
3;USA;Oregon;Benton;Lewisburg;W123.241;N44.6289;12;
3;USA;Oregon;Benton;Monroe;W123.297;N44.3139;12;
3;USA;Oregon;Benton;Noon;W123.398;N44.5453;12;
3;USA;Oregon;Benton;North Albany;W123.102;N44.6528;12;
3;USA;Oregon;Benton;Philomath;W123.368;N44.54;12;
3;USA;Oregon;Benton;Summit;W123.579;N44.6378;12;
3;USA;Oregon;Benton;Wren;W123.428;N44.5875;12;
3;USA;Oregon;Clackamas;Aims;W122.208;N45.4506;12;
3;USA;Oregon;Clackamas;Alder Creek;W122.102;N45.3778;12;
3;USA;Oregon;Clackamas;Ardenwald;W122.63;N45.4553;12;
3;USA;Oregon;Clackamas;Barlow;W122.721;N45.2517;12;
3;USA;Oregon;Clackamas;Barton;W122.407;N45.3889;12;
3;USA;Oregon;Clackamas;Battin;W122.578;N45.4586;12;
3;USA;Oregon;Clackamas;Beaver Creek;W122.536;N45.2878;12;
3;USA;Oregon;Clackamas;Bissell;W122.179;N45.2939;12;
3;USA;Oregon;Clackamas;Bolton;W122.625;N45.3717;12;
3;USA;Oregon;Clackamas;Boring;W122.375;N45.4297;12;
3;USA;Oregon;Clackamas;Briarwood;W122.661;N45.43;12;
3;USA;Oregon;Clackamas;Brightwood;W122.017;N45.3761;12;
3;USA;Oregon;Clackamas;Bryant;W122.722;N45.4039;12;
3;USA;Oregon;Clackamas;Bull Run;W122.232;N45.4303;12;
3;USA;Oregon;Clackamas;Canby;W122.692;N45.2628;12;
3;USA;Oregon;Clackamas;Canemah;W122.621;N45.3456;12;
3;USA;Oregon;Clackamas;Carus;W122.571;N45.2711;12;
3;USA;Oregon;Clackamas;Carver;W122.497;N45.3944;12;
3;USA;Oregon;Clackamas;Cedardale;W122.495;N45.1589;12;
3;USA;Oregon;Clackamas;Cedarhurst Park;W122.426;N45.3308;12;
3;USA;Oregon;Clackamas;Central Point;W122.63;N45.2953;12;
3;USA;Oregon;Clackamas;Charbonneau;W122.758;N45.2872;12;
3;USA;Oregon;Clackamas;Cherryville;W122.155;N45.3669;12;
3;USA;Oregon;Clackamas;Clackamas Heights;W122.579;N45.3711;12;
3;USA;Oregon;Clackamas;Clackamas;W122.57;N45.4075;12;
3;USA;Oregon;Clackamas;Clarkes;W122.471;N45.2153;12;
3;USA;Oregon;Clackamas;Colton;W122.438;N45.1719;12;
3;USA;Oregon;Clackamas;Concord;W122.638;N45.4042;12;
3;USA;Oregon;Clackamas;Cook;W122.733;N45.4019;12;
3;USA;Oregon;Clackamas;Cottrell;W122.306;N45.4575;12;
3;USA;Oregon;Clackamas;Currinsville;W122.343;N45.315;12;
3;USA;Oregon;Clackamas;Damascus Heights;W122.449;N45.4206;12;
3;USA;Oregon;Clackamas;Damascus;W122.459;N45.4175;12;
3;USA;Oregon;Clackamas;Dodge;W122.302;N45.2147;12;
3;USA;Oregon;Clackamas;Dover;W122.229;N45.3311;12;
3;USA;Oregon;Clackamas;Eagle Creek;W122.359;N45.3572;12;
3;USA;Oregon;Clackamas;Echo Dell;W122.528;N45.3322;12;
3;USA;Oregon;Clackamas;Elliott Prairie;W122.757;N45.1358;12;
3;USA;Oregon;Clackamas;Elwood;W122.37;N45.2081;12;
3;USA;Oregon;Clackamas;Estacada;W122.334;N45.2894;12;
3;USA;Oregon;Clackamas;Fair Oaks;W122.651;N45.4197;12;
3;USA;Oregon;Clackamas;Faubion;W121.935;N45.3431;12;
3;USA;Oregon;Clackamas;Fernwood;W122.471;N45.1244;12;
3;USA;Oregon;Clackamas;Firwood;W122.225;N45.3772;12;
3;USA;Oregon;Clackamas;Fishers Corner;W122.564;N45.2903;12;
3;USA;Oregon;Clackamas;George;W122.23;N45.2947;12;
3;USA;Oregon;Clackamas;Gladstone;W122.595;N45.3806;12;
3;USA;Oregon;Clackamas;Glen Avon;W122.489;N45.0839;12;
3;USA;Oregon;Clackamas;Glen Echo;W122.605;N45.3864;12;
3;USA;Oregon;Clackamas;Government Camp;W121.755;N45.3039;12;
3;USA;Oregon;Clackamas;Hamricks Corner;W122.682;N45.1511;12;
3;USA;Oregon;Clackamas;Happy Valley;W122.53;N45.4467;12;
3;USA;Oregon;Clackamas;Harmony Point;W122.578;N45.4469;12;
3;USA;Oregon;Clackamas;Harmony;W122.578;N45.4358;12;
3;USA;Oregon;Clackamas;Henrici;W122.547;N45.3094;12;
3;USA;Oregon;Clackamas;Highland;W122.409;N45.2481;12;
3;USA;Oregon;Clackamas;Hillsview;W122.414;N45.4553;12;
3;USA;Oregon;Clackamas;Holcomb;W122.518;N45.3706;12;
3;USA;Oregon;Clackamas;Hoodview;W122.806;N45.3244;12;
3;USA;Oregon;Clackamas;Jean;W122.74;N45.3981;12;
3;USA;Oregon;Clackamas;Jennings Lodge;W122.612;N45.3911;12;
3;USA;Oregon;Clackamas;Johnson City;W122.579;N45.4044;12;
3;USA;Oregon;Clackamas;Kelso;W122.308;N45.4183;12;
3;USA;Oregon;Clackamas;Ladd Hill;W122.856;N45.2742;12;
3;USA;Oregon;Clackamas;Lake Oswego;W122.671;N45.4206;12;
3;USA;Oregon;Clackamas;Lakewood;W122.666;N45.4128;12;
3;USA;Oregon;Clackamas;Liberal;W122.586;N45.1928;12;
3;USA;Oregon;Clackamas;Logan;W122.423;N45.3433;12;
3;USA;Oregon;Clackamas;Lone Elder;W122.681;N45.2303;12;
3;USA;Oregon;Clackamas;Macksburg;W122.661;N45.2136;12;
3;USA;Oregon;Clackamas;Marmot;W122.116;N45.3964;12;
3;USA;Oregon;Clackamas;Marquam;W122.687;N45.0731;12;
3;USA;Oregon;Clackamas;Marylhurst;W122.651;N45.4011;12;
3;USA;Oregon;Clackamas;Milwaukie Heights;W122.634;N45.43;12;
3;USA;Oregon;Clackamas;Milwaukie;W122.639;N45.4461;12;
3;USA;Oregon;Clackamas;Molalla;W122.577;N45.1472;12;
3;USA;Oregon;Clackamas;Mount Hood Village;W121.981;N45.3553;12;
3;USA;Oregon;Clackamas;Mount Pleasant;W122.606;N45.3389;12;
3;USA;Oregon;Clackamas;Mountain Air Park;W121.991;N45.3589;12;
3;USA;Oregon;Clackamas;Mulino;W122.582;N45.2214;12;
3;USA;Oregon;Clackamas;Needy;W122.703;N45.1725;12;
3;USA;Oregon;Clackamas;New Era;W122.659;N45.3006;12;
3;USA;Oregon;Clackamas;North Highland;W122.409;N45.2539;12;
3;USA;Oregon;Clackamas;O'Neil Corners;W122.662;N45.2706;12;
3;USA;Oregon;Clackamas;Oak Grove;W122.64;N45.4167;12;
3;USA;Oregon;Clackamas;Oaklawn;W122.729;N45.1192;12;
3;USA;Oregon;Clackamas;Old Colton;W122.415;N45.1719;12;
3;USA;Oregon;Clackamas;Oregon City;W122.607;N45.3572;12;
3;USA;Oregon;Clackamas;Paradise Park;W122.385;N45.3158;12;
3;USA;Oregon;Clackamas;Park Place;W122.582;N45.3758;12;
3;USA;Oregon;Clackamas;Redland;W122.493;N45.3433;12;
3;USA;Oregon;Clackamas;Rhododendron;W121.911;N45.3294;12;
3;USA;Oregon;Clackamas;Ripplebrook;W122.043;N45.0822;12;
3;USA;Oregon;Clackamas;Rivergrove;W122.733;N45.3911;12;
3;USA;Oregon;Clackamas;Robinwood;W122.647;N45.3925;12;
3;USA;Oregon;Clackamas;Rosemont;W122.646;N45.3692;12;
3;USA;Oregon;Clackamas;Rosewood;W122.733;N45.3978;12;
3;USA;Oregon;Clackamas;Rural Dell;W122.651;N45.1489;12;
3;USA;Oregon;Clackamas;Sandy;W122.261;N45.3972;12;
3;USA;Oregon;Clackamas;Shadowood;W122.694;N45.3786;12;
3;USA;Oregon;Clackamas;Shady Dell;W122.539;N45.1431;12;
3;USA;Oregon;Clackamas;South Lake Oswego;W122.673;N45.4078;12;
3;USA;Oregon;Clackamas;Springwater;W122.339;N45.2506;12;
3;USA;Oregon;Clackamas;Stafford;W122.722;N45.3572;12;
3;USA;Oregon;Clackamas;Sunnyside;W122.528;N45.4267;12;
3;USA;Oregon;Clackamas;Sunset;W122.63;N45.3597;12;
3;USA;Oregon;Clackamas;Three Lynx;W122.071;N45.1261;12;
3;USA;Oregon;Clackamas;Timber Grove;W122.446;N45.2006;12;
3;USA;Oregon;Clackamas;Tracy;W122.291;N45.3025;12;
3;USA;Oregon;Clackamas;Union Mills;W122.559;N45.1994;12;
3;USA;Oregon;Clackamas;Upper Highland;W122.43;N45.2356;12;
3;USA;Oregon;Clackamas;Viola;W122.41;N45.2981;12;
3;USA;Oregon;Clackamas;Waverly Heights;W122.648;N45.4497;12;
3;USA;Oregon;Clackamas;Welches;W121.961;N45.3281;12;
3;USA;Oregon;Clackamas;Wemme;W121.966;N45.3486;12;
3;USA;Oregon;Clackamas;West Linn;W122.612;N45.3656;12;
3;USA;Oregon;Clackamas;Wildwood;W121.981;N45.3542;12;
3;USA;Oregon;Clackamas;Wilhoit;W122.568;N45.0525;12;
3;USA;Oregon;Clackamas;Willamette;W122.667;N45.3442;12;
3;USA;Oregon;Clackamas;Wilsonville;W122.774;N45.2997;12;
3;USA;Oregon;Clackamas;Yoder;W122.682;N45.1381;12;
3;USA;Oregon;Clackamas;Zigzag;W121.943;N45.3439;12;
3;USA;Oregon;Clatsop;Arch Cape;W123.962;N45.8289;12;
3;USA;Oregon;Clatsop;Astoria;W123.831;N46.1878;12;
3;USA;Oregon;Clatsop;Bradwood;W123.439;N46.1967;12;
3;USA;Oregon;Clatsop;Brownsmead;W123.541;N46.2175;12;
3;USA;Oregon;Clatsop;Cannon Beach;W123.961;N45.8917;12;
3;USA;Oregon;Clatsop;Carnahan;W123.917;N46.1003;12;
3;USA;Oregon;Clatsop;Clifton;W123.462;N46.2108;12;
3;USA;Oregon;Clatsop;Elsie;W123.595;N45.8656;12;
3;USA;Oregon;Clatsop;Fern Hill;W123.737;N46.1644;12;
3;USA;Oregon;Clatsop;Fort Stevens;W123.963;N46.2019;12;
3;USA;Oregon;Clatsop;Gearhart;W123.911;N46.0242;12;
3;USA;Oregon;Clatsop;Grand Rapids;W123.504;N45.9011;12;
3;USA;Oregon;Clatsop;Hamlet;W123.701;N45.8461;12;
3;USA;Oregon;Clatsop;Hammond;W123.952;N46.2;12;
3;USA;Oregon;Clatsop;Jeffers Garden;W123.858;N46.1497;12;
3;USA;Oregon;Clatsop;Jewell;W123.504;N45.9344;12;
3;USA;Oregon;Clatsop;Knappa;W123.586;N46.185;12;
3;USA;Oregon;Clatsop;Lukarilla;W123.602;N45.8272;12;
3;USA;Oregon;Clatsop;Melville;W123.843;N46.06;12;
3;USA;Oregon;Clatsop;Miles Crossing;W123.84;N46.1522;12;
3;USA;Oregon;Clatsop;Mishawaka;W123.568;N45.8631;12;
3;USA;Oregon;Clatsop;Navy Heights;W123.779;N46.1897;12;
3;USA;Oregon;Clatsop;Oklahoma Hill;W123.406;N46.1431;12;
3;USA;Oregon;Clatsop;Olney;W123.757;N46.1;12;
3;USA;Oregon;Clatsop;Seaside;W123.922;N45.9931;12;
3;USA;Oregon;Clatsop;Sunset Beach;W123.931;N46.1011;12;
3;USA;Oregon;Clatsop;Surf Pines;W123.924;N46.0581;12;
3;USA;Oregon;Clatsop;Svensen Junction;W123.66;N46.1653;12;
3;USA;Oregon;Clatsop;Svensen;W123.659;N46.1706;12;
3;USA;Oregon;Clatsop;Taylorville;W123.399;N46.1411;12;
3;USA;Oregon;Clatsop;Tolovana Park;W123.96;N45.8719;12;
3;USA;Oregon;Clatsop;Tongue Point Village;W123.772;N46.1967;12;
3;USA;Oregon;Clatsop;Uniontown;W123.854;N46.1858;12;
3;USA;Oregon;Clatsop;Vinemaple;W123.544;N45.8883;12;
3;USA;Oregon;Clatsop;Warrenton;W123.924;N46.165;12;
3;USA;Oregon;Clatsop;Wauna;W123.406;N46.1569;12;
3;USA;Oregon;Clatsop;Westport;W123.375;N46.1325;12;
3;USA;Oregon;Columbia;Alston;W123.047;N46.0992;12;
3;USA;Oregon;Columbia;Apiary;W123.03;N46.0139;12;
3;USA;Oregon;Columbia;Beaver Homes;W122.927;N46.0056;12;
3;USA;Oregon;Columbia;Beaver Springs;W122.948;N46.0458;12;
3;USA;Oregon;Columbia;Birkenfeld;W123.338;N45.9906;12;
3;USA;Oregon;Columbia;Canaan;W122.918;N45.9319;12;
3;USA;Oregon;Columbia;Chapman Landing;W122.841;N45.7458;12;
3;USA;Oregon;Columbia;Chapman;W122.985;N45.825;12;
3;USA;Oregon;Columbia;Clatskanie Heights;W123.217;N46.0558;12;
3;USA;Oregon;Columbia;Clatskanie;W123.207;N46.1011;12;
3;USA;Oregon;Columbia;Clear Creek;W123.279;N45.8058;12;
3;USA;Oregon;Columbia;Columbia City;W122.807;N45.89;12;
3;USA;Oregon;Columbia;Columbia Heights;W122.839;N45.8636;12;
3;USA;Oregon;Columbia;Corey Hill;W123.206;N45.8617;12;
3;USA;Oregon;Columbia;Deer Island;W122.844;N45.9311;12;
3;USA;Oregon;Columbia;Delena;W123.074;N46.0983;12;
3;USA;Oregon;Columbia;Goble;W122.875;N46.0158;12;
3;USA;Oregon;Columbia;Inglis;W123.165;N46.1264;12;
3;USA;Oregon;Columbia;Keasey;W123.329;N45.8614;12;
3;USA;Oregon;Columbia;Kerry;W123.352;N46.1208;12;
3;USA;Oregon;Columbia;Lindbergh;W122.906;N46.0747;12;
3;USA;Oregon;Columbia;Marshland;W123.286;N46.1111;12;
3;USA;Oregon;Columbia;Mayger;W123.108;N46.1633;12;
3;USA;Oregon;Columbia;McNulty;W122.842;N45.8403;12;
3;USA;Oregon;Columbia;Mist;W123.256;N45.9961;12;
3;USA;Oregon;Columbia;Neverstill;W123.344;N45.9758;12;
3;USA;Oregon;Columbia;Pittsburg;W123.152;N45.9006;12;
3;USA;Oregon;Columbia;Prescott;W122.887;N46.0489;12;
3;USA;Oregon;Columbia;Quincy;W123.16;N46.1436;12;
3;USA;Oregon;Columbia;Rainier;W122.936;N46.0889;12;
3;USA;Oregon;Columbia;Reuben;W122.877;N46.0086;12;
3;USA;Oregon;Columbia;Saint Helens;W122.806;N45.8639;12;
3;USA;Oregon;Columbia;Scappoose;W122.877;N45.7542;12;
3;USA;Oregon;Columbia;South Scappoose;W122.879;N45.7428;12;
3;USA;Oregon;Columbia;Spitzenberg;W122.946;N45.8256;12;
3;USA;Oregon;Columbia;Treharne;W123.22;N45.8417;12;
3;USA;Oregon;Columbia;Trenholm;W122.965;N45.8953;12;
3;USA;Oregon;Columbia;Vernonia;W123.193;N45.8586;12;
3;USA;Oregon;Columbia;Warren;W122.849;N45.8189;12;
3;USA;Oregon;Columbia;West Saint Helens;W122.827;N45.8575;12;
3;USA;Oregon;Columbia;Woodson;W123.324;N46.1144;12;
3;USA;Oregon;Columbia;Yankton;W122.887;N45.8667;12;
3;USA;Oregon;Coos;Allegany;W124.032;N43.4258;12;
3;USA;Oregon;Coos;Arago;W124.192;N43.1019;12;
3;USA;Oregon;Coos;Bancroft;W124.007;N42.9394;12;
3;USA;Oregon;Coos;Bandon;W124.408;N43.1189;12;
3;USA;Oregon;Coos;Barview;W124.313;N43.3542;12;
3;USA;Oregon;Coos;Bay Park;W124.202;N43.3489;12;
3;USA;Oregon;Coos;Bridge;W124.007;N43.0239;12;
3;USA;Oregon;Coos;Broadbent;W124.146;N43.0089;12;
3;USA;Oregon;Coos;Bullards;W124.396;N43.1497;12;
3;USA;Oregon;Coos;Bunker Hill;W124.205;N43.3558;12;
3;USA;Oregon;Coos;Cedar Point;W124.213;N43.1794;12;
3;USA;Oregon;Coos;Charleston;W124.33;N43.34;12;
3;USA;Oregon;Coos;Coaledo;W124.233;N43.2322;12;
3;USA;Oregon;Coos;Coos Bay;W124.218;N43.3664;12;
3;USA;Oregon;Coos;Coos River;W124.101;N43.3775;12;
3;USA;Oregon;Coos;Cooston;W124.185;N43.3947;12;
3;USA;Oregon;Coos;Coquille;W124.188;N43.1769;12;
3;USA;Oregon;Coos;Cranberry Corners;W124.388;N43.1256;12;
3;USA;Oregon;Coos;Crown Point;W124.308;N43.33;12;
3;USA;Oregon;Coos;Dellwood;W124.014;N43.3689;12;
3;USA;Oregon;Coos;Delmar;W124.227;N43.2603;12;
3;USA;Oregon;Coos;Dew Valley;W124.414;N43.0397;12;
3;USA;Oregon;Coos;Dora;W123.956;N43.1558;12;
3;USA;Oregon;Coos;Eastside;W124.193;N43.3636;12;
3;USA;Oregon;Coos;Englewood;W124.224;N43.35;12;
3;USA;Oregon;Coos;Estabrook;W124.135;N43.0439;12;
3;USA;Oregon;Coos;Fairview;W124.074;N43.2167;12;
3;USA;Oregon;Coos;Fourmile;W124.415;N43.0081;12;
3;USA;Oregon;Coos;Gaylord;W124.107;N42.9553;12;
3;USA;Oregon;Coos;Glasgow;W124.211;N43.4344;12;
3;USA;Oregon;Coos;Gravelford;W124.078;N43.105;12;
3;USA;Oregon;Coos;Green Acres;W124.205;N43.2575;12;
3;USA;Oregon;Coos;Hauser;W124.219;N43.4928;12;
3;USA;Oregon;Coos;Lakeside;W124.175;N43.5756;12;
3;USA;Oregon;Coos;Laurel Grove;W124.415;N43.0256;12;
3;USA;Oregon;Coos;Leneve;W124.274;N43.2061;12;
3;USA;Oregon;Coos;Libby;W124.234;N43.3375;12;
3;USA;Oregon;Coos;McKinley;W124.026;N43.1886;12;
3;USA;Oregon;Coos;Millington;W124.198;N43.3322;12;
3;USA;Oregon;Coos;Myrtle Point;W124.139;N43.0647;12;
3;USA;Oregon;Coos;North Bend;W124.224;N43.4064;12;
3;USA;Oregon;Coos;Norway;W124.157;N43.1008;12;
3;USA;Oregon;Coos;Parkersburg;W124.342;N43.1428;12;
3;USA;Oregon;Coos;Powers;W124.073;N42.8833;12;
3;USA;Oregon;Coos;Prosper;W124.374;N43.1472;12;
3;USA;Oregon;Coos;Randolph;W124.356;N43.1678;12;
3;USA;Oregon;Coos;Remote;W123.892;N43.0058;12;
3;USA;Oregon;Coos;Riverton;W124.274;N43.1572;12;
3;USA;Oregon;Coos;Saunders Lake;W124.216;N43.5247;12;
3;USA;Oregon;Coos;Shorewood;W124.218;N43.4539;12;
3;USA;Oregon;Coos;Sitkum;W123.861;N43.1481;12;
3;USA;Oregon;Coos;Sumner;W124.151;N43.2817;12;
3;USA;Oregon;Coos;Templeton;W124.1;N43.5456;12;
3;USA;Oregon;Coos;Tenmile;W124.196;N43.5761;12;
3;USA;Oregon;Coos;Winterville;W124.369;N43.1244;12;
3;USA;Oregon;Crook;Forest Crossing;W121.081;N44.3486;12;
3;USA;Oregon;Crook;Paulina;W119.963;N44.1339;12;
3;USA;Oregon;Crook;Post;W120.49;N44.1622;12;
3;USA;Oregon;Crook;Powell Butte;W121.017;N44.2475;12;
3;USA;Oregon;Crook;Prineville;W120.834;N44.2997;12;
3;USA;Oregon;Crook;Roberts;W120.685;N44.0811;12;
3;USA;Oregon;Crook;Suplee;W119.677;N44.0694;12;
3;USA;Oregon;Curry;Agness;W124.069;N42.5564;12;
3;USA;Oregon;Curry;Bagnell Ferry;W124.368;N42.4664;12;
3;USA;Oregon;Curry;Brookings;W124.284;N42.0525;12;
3;USA;Oregon;Curry;Carpenterville;W124.339;N42.22;12;
3;USA;Oregon;Curry;Denmark;W124.463;N42.8906;12;
3;USA;Oregon;Curry;Gold Beach;W124.422;N42.4072;12;
3;USA;Oregon;Curry;Harbor;W124.267;N42.0531;12;
3;USA;Oregon;Curry;Hunter Creek;W124.418;N42.3872;12;
3;USA;Oregon;Curry;Illahe;W124.058;N42.6286;12;
3;USA;Oregon;Curry;Langlois;W124.451;N42.9233;12;
3;USA;Oregon;Curry;Marial;W123.889;N42.7122;12;
3;USA;Oregon;Curry;Nesika Beach;W124.413;N42.5061;12;
3;USA;Oregon;Curry;Ophir;W124.383;N42.5631;12;
3;USA;Oregon;Curry;Pistol River;W124.395;N42.2769;12;
3;USA;Oregon;Curry;Plum Trees;W124.357;N42.8139;12;
3;USA;Oregon;Curry;Port Orford;W124.497;N42.7456;12;
3;USA;Oregon;Curry;Sixes;W124.483;N42.82;12;
3;USA;Oregon;Curry;Wedderburn;W124.415;N42.4294;12;
3;USA;Oregon;Deschutes;Alfalfa;W121.017;N44.0772;12;
3;USA;Oregon;Deschutes;Bend;W121.315;N44.0581;12;
3;USA;Oregon;Deschutes;Black Butte Ranch;W121.654;N44.3772;12;
3;USA;Oregon;Deschutes;Brothers;W120.603;N43.8136;12;
3;USA;Oregon;Deschutes;Cloverdale;W121.453;N44.2911;12;
3;USA;Oregon;Deschutes;Deschutes River Woods;W121.358;N43.9914;12;
3;USA;Oregon;Deschutes;Deschutes;W121.256;N44.1564;12;
3;USA;Oregon;Deschutes;Elk Lake;W121.806;N43.9814;12;
3;USA;Oregon;Deschutes;Hampton;W120.234;N43.6725;12;
3;USA;Oregon;Deschutes;La Pine;W121.504;N43.6703;12;
3;USA;Oregon;Deschutes;Millican;W120.92;N43.8789;12;
3;USA;Oregon;Deschutes;Redmond;W121.174;N44.2725;12;
3;USA;Oregon;Deschutes;Sisters;W121.549;N44.2908;12;
3;USA;Oregon;Deschutes;Sunriver;W121.439;N43.8839;12;
3;USA;Oregon;Deschutes;Terrebonne;W121.178;N44.3528;12;
3;USA;Oregon;Deschutes;Three Rivers;W121.469;N43.82;12;
3;USA;Oregon;Deschutes;Tumalo;W121.331;N44.1497;12;
3;USA;Oregon;Douglas;Anlauf;W123.224;N43.7108;12;
3;USA;Oregon;Douglas;Ash;W123.822;N43.5522;12;
3;USA;Oregon;Douglas;Azalea;W123.26;N42.7953;12;
3;USA;Oregon;Douglas;Brockway;W123.455;N43.1089;12;
3;USA;Oregon;Douglas;Calkins;W123.409;N43.2214;12;
3;USA;Oregon;Douglas;Callahan;W123.61;N43.2658;12;
3;USA;Oregon;Douglas;Camas Valley;W123.674;N43.0342;12;
3;USA;Oregon;Douglas;Canyonville;W123.281;N42.9272;12;
3;USA;Oregon;Douglas;Clearwater;W122.422;N43.2628;12;
3;USA;Oregon;Douglas;Cleveland;W123.476;N43.2961;12;
3;USA;Oregon;Douglas;Coles Valley;W123.502;N43.365;12;
3;USA;Oregon;Douglas;Comstock;W123.186;N43.7392;12;
3;USA;Oregon;Douglas;Cow Creek;W123.597;N42.8564;12;
3;USA;Oregon;Douglas;Curtin;W123.212;N43.7222;12;
3;USA;Oregon;Douglas;Dads Creek;W123.561;N42.89;12;
3;USA;Oregon;Douglas;Days Creek;W123.172;N42.9722;12;
3;USA;Oregon;Douglas;Diamond Lake;W122.139;N43.1786;12;
3;USA;Oregon;Douglas;Dillard;W123.428;N43.1028;12;
3;USA;Oregon;Douglas;Dixonville;W123.241;N43.2075;12;
3;USA;Oregon;Douglas;Drain;W123.319;N43.6586;12;
3;USA;Oregon;Douglas;Drew;W122.899;N42.8817;12;
3;USA;Oregon;Douglas;East Gardiner;W124.082;N43.7197;12;
3;USA;Oregon;Douglas;Edenbower;W123.382;N43.2344;12;
3;USA;Oregon;Douglas;Elgarose;W123.486;N43.2581;12;
3;USA;Oregon;Douglas;Elkhead;W123.185;N43.5406;12;
3;USA;Oregon;Douglas;Elkton;W123.568;N43.6375;12;
3;USA;Oregon;Douglas;Fair Oaks;W123.213;N43.4172;12;
3;USA;Oregon;Douglas;Fernvale;W123.371;N42.7783;12;
3;USA;Oregon;Douglas;Fortune Branch;W123.317;N42.7747;12;
3;USA;Oregon;Douglas;Galesville;W123.296;N42.7781;12;
3;USA;Oregon;Douglas;Gardiner;W124.11;N43.73;12;
3;USA;Oregon;Douglas;Gazley;W123.243;N42.9533;12;
3;USA;Oregon;Douglas;Glendale;W123.423;N42.7361;12;
3;USA;Oregon;Douglas;Glide;W123.101;N43.3014;12;
3;USA;Oregon;Douglas;Green Acres;W123.798;N43.6747;12;
3;USA;Oregon;Douglas;Green;W123.368;N43.1603;12;
3;USA;Oregon;Douglas;Gunter;W123.51;N43.7981;12;
3;USA;Oregon;Douglas;Hawthorne;W123.081;N43.4561;12;
3;USA;Oregon;Douglas;Idleyld Park;W123.024;N43.3236;12;
3;USA;Oregon;Douglas;Kellogg;W123.555;N43.555;12;
3;USA;Oregon;Douglas;Leona;W123.289;N43.695;12;
3;USA;Oregon;Douglas;Lookingglass;W123.486;N43.1783;12;
3;USA;Oregon;Douglas;Melrose;W123.459;N43.2475;12;
3;USA;Oregon;Douglas;Millwood;W123.546;N43.385;12;
3;USA;Oregon;Douglas;Milo;W123.05;N42.9306;12;
3;USA;Oregon;Douglas;Myrtle Creek;W123.293;N43.02;12;
3;USA;Oregon;Douglas;North Fork;W123.923;N43.7886;12;
3;USA;Oregon;Douglas;North Umpqua Village;W122.951;N43.3025;12;
3;USA;Oregon;Douglas;Oakland;W123.298;N43.4219;12;
3;USA;Oregon;Douglas;Oaks;W123.362;N43.1872;12;
3;USA;Oregon;Douglas;Olalla;W123.554;N43.0669;12;
3;USA;Oregon;Douglas;Old Town;W123.296;N43.4328;12;
3;USA;Oregon;Douglas;Peel;W123.033;N43.2586;12;
3;USA;Oregon;Douglas;Porter Creek;W123.522;N43.1108;12;
3;USA;Oregon;Douglas;Quines Creek;W123.272;N42.7789;12;
3;USA;Oregon;Douglas;Reedsport;W124.097;N43.7022;12;
3;USA;Oregon;Douglas;Reston;W123.62;N43.13;12;
3;USA;Oregon;Douglas;Rice Hill;W123.29;N43.5386;12;
3;USA;Oregon;Douglas;Riddle;W123.364;N42.9508;12;
3;USA;Oregon;Douglas;Riversdale;W123.421;N43.2653;12;
3;USA;Oregon;Douglas;Roseburg;W123.342;N43.2164;12;
3;USA;Oregon;Douglas;Round Prairie;W123.369;N43.0881;12;
3;USA;Oregon;Douglas;Scottsburg;W123.817;N43.6539;12;
3;USA;Oregon;Douglas;Steamboat;W122.736;N43.3453;12;
3;USA;Oregon;Douglas;Stephens;W123.392;N43.3833;12;
3;USA;Oregon;Douglas;Sunnydale;W123.405;N43.6539;12;
3;USA;Oregon;Douglas;Surprise Valley;W123.309;N42.9539;12;
3;USA;Oregon;Douglas;Sutherlin;W123.312;N43.39;12;
3;USA;Oregon;Douglas;Tenmile;W123.564;N43.0961;12;
3;USA;Oregon;Douglas;Tiller;W122.951;N42.9283;12;
3;USA;Oregon;Douglas;Toketee Falls;W122.451;N43.2756;12;
3;USA;Oregon;Douglas;Tri-City;W123.312;N42.9844;12;
3;USA;Oregon;Douglas;Tri City;W123.323;N42.9806;12;
3;USA;Oregon;Douglas;Tyee;W123.551;N43.4433;12;
3;USA;Oregon;Douglas;Umpqua;W123.468;N43.3653;12;
3;USA;Oregon;Douglas;Union Gap;W123.314;N43.4064;12;
3;USA;Oregon;Douglas;Weaver;W123.311;N43.0075;12;
3;USA;Oregon;Douglas;Wilbur;W123.341;N43.3208;12;
3;USA;Oregon;Douglas;Winchester Bay;W124.175;N43.6769;12;
3;USA;Oregon;Douglas;Winchester;W123.354;N43.28;12;
3;USA;Oregon;Douglas;Winston;W123.412;N43.1222;12;
3;USA;Oregon;Douglas;Yoncalla;W123.283;N43.5983;12;
3;USA;Oregon;Gilliam;Arlington;W120.201;N45.7167;12;
3;USA;Oregon;Gilliam;Clem;W120.203;N45.4211;12;
3;USA;Oregon;Gilliam;Condon;W120.185;N45.2342;12;
3;USA;Oregon;Gilliam;Lonerock;W119.883;N45.0889;12;
3;USA;Oregon;Gilliam;Mayville;W120.192;N45.0822;12;
3;USA;Oregon;Gilliam;Mikkalo;W120.235;N45.4708;12;
3;USA;Oregon;Gilliam;Olex;W120.169;N45.4969;12;
3;USA;Oregon;Gilliam;Rock Creek;W120.297;N45.5725;12;
3;USA;Oregon;Gilliam;Thirtymile;W120.159;N45.1692;12;
3;USA;Oregon;Grant;Austin;W118.497;N44.6028;12;
3;USA;Oregon;Grant;Bates;W118.509;N44.5931;12;
3;USA;Oregon;Grant;Beech Creek;W119.149;N44.6194;12;
3;USA;Oregon;Grant;Cabell City;W118.368;N44.8953;12;
3;USA;Oregon;Grant;Canyon City;W118.95;N44.3897;12;
3;USA;Oregon;Grant;Courtrock;W119.368;N44.6408;12;
3;USA;Oregon;Grant;Dale;W118.948;N44.9886;12;
3;USA;Oregon;Grant;Dayville;W119.536;N44.4683;12;
3;USA;Oregon;Grant;Fox;W119.144;N44.6489;12;
3;USA;Oregon;Grant;Galena;W118.816;N44.7106;12;
3;USA;Oregon;Grant;Granite;W118.418;N44.8094;12;
3;USA;Oregon;Grant;Hamilton;W119.309;N44.7406;12;
3;USA;Oregon;Grant;Izee;W119.386;N44.0672;12;
3;USA;Oregon;Grant;John Day;W118.953;N44.4161;12;
3;USA;Oregon;Grant;Kimberly;W119.644;N44.7594;12;
3;USA;Oregon;Grant;Long Creek;W119.104;N44.7142;12;
3;USA;Oregon;Grant;Monument;W119.421;N44.8194;12;
3;USA;Oregon;Grant;Mount Vernon;W119.114;N44.4178;12;
3;USA;Oregon;Grant;Prairie City;W118.71;N44.4633;12;
3;USA;Oregon;Grant;Range;W118.969;N44.8931;12;
3;USA;Oregon;Grant;Ritter;W119.144;N44.8925;12;
3;USA;Oregon;Grant;Robinsonville;W118.485;N44.7139;12;
3;USA;Oregon;Grant;Seneca;W118.972;N44.1347;12;
3;USA;Oregon;Grant;Silvies;W118.935;N44.0331;12;
3;USA;Oregon;Grant;Susanville;W118.784;N44.7133;12;
3;USA;Oregon;Grant;Three Forks;W119.629;N44.2833;12;
3;USA;Oregon;Harney;Andrews;W118.613;N42.4642;12;
3;USA;Oregon;Harney;Buchanan;W118.629;N43.6425;12;
3;USA;Oregon;Harney;Burns;W119.054;N43.5864;12;
3;USA;Oregon;Harney;Crane;W118.578;N43.4153;12;
3;USA;Oregon;Harney;Diamond;W118.666;N43.0122;12;
3;USA;Oregon;Harney;Drewsey;W118.377;N43.8067;12;
3;USA;Oregon;Harney;Dunnean;W118.262;N43.4322;12;
3;USA;Oregon;Harney;Fields;W118.675;N42.2644;12;
3;USA;Oregon;Harney;Frenchglen;W118.916;N42.8269;12;
3;USA;Oregon;Harney;Frost Mill;W118.638;N44.0308;12;
3;USA;Oregon;Harney;Harney;W118.823;N43.6433;12;
3;USA;Oregon;Harney;Hines;W119.081;N43.5642;12;
3;USA;Oregon;Harney;Indian Village;W119.079;N43.585;12;
3;USA;Oregon;Harney;Lawen;W118.801;N43.4431;12;
3;USA;Oregon;Harney;Narrows;W118.962;N43.2792;12;
3;USA;Oregon;Harney;New Princeton;W118.583;N43.2831;12;
3;USA;Oregon;Harney;Riley;W119.504;N43.5417;12;
3;USA;Oregon;Harney;Suntex;W119.63;N43.5908;12;
3;USA;Oregon;Harney;Trout Creek;W118.94;N43.9272;12;
3;USA;Oregon;Harney;Van;W118.688;N43.99;12;
3;USA;Oregon;Harney;Venator;W118.305;N43.3481;12;
3;USA;Oregon;Harney;Voltage;W118.807;N43.2614;12;
3;USA;Oregon;Harney;Wagontire;W119.876;N43.2497;12;
3;USA;Oregon;Hood River;Cascade Locks;W121.891;N45.6697;12;
3;USA;Oregon;Hood River;Dee;W121.627;N45.5881;12;
3;USA;Oregon;Hood River;Hood River;W121.521;N45.7053;12;
3;USA;Oregon;Hood River;Lenz;W121.524;N45.6294;12;
3;USA;Oregon;Hood River;Lost Lake Resort;W121.819;N45.4975;12;
3;USA;Oregon;Hood River;Mount Hood;W121.568;N45.5378;12;
3;USA;Oregon;Hood River;Oak Grove;W121.589;N45.6625;12;
3;USA;Oregon;Hood River;Odell;W121.543;N45.6269;12;
3;USA;Oregon;Hood River;Parkdale;W121.597;N45.5197;12;
3;USA;Oregon;Hood River;Pine Grove;W121.514;N45.6539;12;
3;USA;Oregon;Hood River;Rockford;W121.554;N45.6789;12;
3;USA;Oregon;Jackson;Applegate;W123.168;N42.2569;12;
3;USA;Oregon;Jackson;Ashland;W122.709;N42.1944;12;
3;USA;Oregon;Jackson;Beagle;W122.925;N42.5344;12;
3;USA;Oregon;Jackson;Bitter Lick;W122.639;N42.7928;12;
3;USA;Oregon;Jackson;Brownsboro;W122.71;N42.4681;12;
3;USA;Oregon;Jackson;Buckhorn Springs;W122.532;N42.1053;12;
3;USA;Oregon;Jackson;Buncom;W122.998;N42.1739;12;
3;USA;Oregon;Jackson;Butte Falls;W122.566;N42.5431;12;
3;USA;Oregon;Jackson;Bybee Corner;W122.952;N42.3169;12;
3;USA;Oregon;Jackson;Cascade Gorge;W122.569;N42.7156;12;
3;USA;Oregon;Jackson;Central Point;W122.916;N42.3758;12;
3;USA;Oregon;Jackson;Climax;W122.62;N42.295;12;
3;USA;Oregon;Jackson;Colestin;W122.651;N42.0531;12;
3;USA;Oregon;Jackson;Copper;W123.147;N42.0264;12;
3;USA;Oregon;Jackson;Dardanelles;W123.058;N42.4289;12;
3;USA;Oregon;Jackson;Eagle Point;W122.803;N42.4725;12;
3;USA;Oregon;Jackson;Foots Creek;W123.139;N42.4047;12;
3;USA;Oregon;Jackson;Four Corners;W122.885;N42.3894;12;
3;USA;Oregon;Jackson;Gold Hill;W123.051;N42.4317;12;
3;USA;Oregon;Jackson;Jacksonville;W122.967;N42.3133;12;
3;USA;Oregon;Jackson;Lakecreek;W122.626;N42.4222;12;
3;USA;Oregon;Jackson;Lincoln;W122.403;N42.1086;12;
3;USA;Oregon;Jackson;McKee Bridge;W123.076;N42.1275;12;
3;USA;Oregon;Jackson;McLeod;W122.688;N42.6622;12;
3;USA;Oregon;Jackson;Medford;W122.876;N42.3264;12;
3;USA;Oregon;Jackson;Mountain View;W122.384;N42.1119;12;
3;USA;Oregon;Jackson;Phoenix;W122.818;N42.2753;12;
3;USA;Oregon;Jackson;Pinehurst;W122.366;N42.1178;12;
3;USA;Oregon;Jackson;Prospect;W122.489;N42.7508;12;
3;USA;Oregon;Jackson;Provolt;W123.23;N42.2872;12;
3;USA;Oregon;Jackson;Rogue Elk;W122.759;N42.6622;12;
3;USA;Oregon;Jackson;Rogue River;W123.172;N42.4358;12;
3;USA;Oregon;Jackson;Ruch;W123.042;N42.2364;12;
3;USA;Oregon;Jackson;Sams Valley;W122.975;N42.4914;12;
3;USA;Oregon;Jackson;Seven Oaks;W122.938;N42.3922;12;
3;USA;Oregon;Jackson;Shady Cove;W122.812;N42.6106;12;
3;USA;Oregon;Jackson;Starvation Heights;W123.168;N42.4853;12;
3;USA;Oregon;Jackson;Steamboat;W123.205;N42.0756;12;
3;USA;Oregon;Jackson;Table Rock;W122.913;N42.4511;12;
3;USA;Oregon;Jackson;Talent;W122.789;N42.2456;12;
3;USA;Oregon;Jackson;Tolo;W122.971;N42.4242;12;
3;USA;Oregon;Jackson;Trail;W122.811;N42.6483;12;
3;USA;Oregon;Jackson;Union Creek;W122.446;N42.9069;12;
3;USA;Oregon;Jackson;White City;W122.859;N42.4372;12;
3;USA;Oregon;Jackson;Wimer;W123.149;N42.5386;12;
3;USA;Oregon;Jefferson;Ashwood;W120.754;N44.7336;12;
3;USA;Oregon;Jefferson;Camp Sherman;W121.641;N44.4603;12;
3;USA;Oregon;Jefferson;Crooked River Ranch;W121.238;N44.4244;12;
3;USA;Oregon;Jefferson;Culver;W121.213;N44.5256;12;
3;USA;Oregon;Jefferson;Gateway;W121.083;N44.7753;12;
3;USA;Oregon;Jefferson;Geneva;W121.392;N44.4733;12;
3;USA;Oregon;Jefferson;Grandview;W121.342;N44.5383;12;
3;USA;Oregon;Jefferson;Grizzly;W120.92;N44.4978;12;
3;USA;Oregon;Jefferson;Horseheaven;W120.507;N44.7156;12;
3;USA;Oregon;Jefferson;Kilts;W120.596;N44.7386;12;
3;USA;Oregon;Jefferson;Madras;W121.129;N44.6333;12;
3;USA;Oregon;Jefferson;Metolius;W121.178;N44.5864;12;
3;USA;Oregon;Jefferson;Opal City;W121.214;N44.4444;12;
3;USA;Oregon;Jefferson;Warm Springs;W121.266;N44.7633;12;
3;USA;Oregon;Jefferson;Willowdale;W120.943;N44.8053;12;
3;USA;Oregon;Josephine;Bridgeview;W123.606;N42.1258;12;
3;USA;Oregon;Josephine;Browntown;W123.517;N42.0839;12;
3;USA;Oregon;Josephine;California Bar;W123.475;N42.1194;12;
3;USA;Oregon;Josephine;Cave Junction;W123.648;N42.1628;12;
3;USA;Oregon;Josephine;Dryden;W123.537;N42.2694;12;
3;USA;Oregon;Josephine;Fruitdale;W123.308;N42.4219;12;
3;USA;Oregon;Josephine;Galice;W123.597;N42.5694;12;
3;USA;Oregon;Josephine;Golden;W123.331;N42.6822;12;
3;USA;Oregon;Josephine;Grants Pass;W123.328;N42.4389;12;
3;USA;Oregon;Josephine;Holland;W123.539;N42.1275;12;
3;USA;Oregon;Josephine;Hugo;W123.403;N42.5844;12;
3;USA;Oregon;Josephine;Kerby;W123.652;N42.1942;12;
3;USA;Oregon;Josephine;Leland;W123.441;N42.6383;12;
3;USA;Oregon;Josephine;Merlin;W123.42;N42.5172;12;
3;USA;Oregon;Josephine;Murphy;W123.333;N42.3475;12;
3;USA;Oregon;Josephine;New Hope;W123.368;N42.3622;12;
3;USA;Oregon;Josephine;O'Brien;W123.703;N42.0672;12;
3;USA;Oregon;Josephine;Placer;W123.315;N42.6319;12;
3;USA;Oregon;Josephine;Pleasant Valley;W123.386;N42.5569;12;
3;USA;Oregon;Josephine;Rand;W123.586;N42.5961;12;
3;USA;Oregon;Josephine;Redwood;W123.387;N42.4219;12;
3;USA;Oregon;Josephine;Selma;W123.616;N42.2789;12;
3;USA;Oregon;Josephine;Speaker;W123.294;N42.7164;12;
3;USA;Oregon;Josephine;Sunny Valley;W123.376;N42.6389;12;
3;USA;Oregon;Josephine;Takilma;W123.619;N42.0514;12;
3;USA;Oregon;Josephine;Three Pines;W123.399;N42.5656;12;
3;USA;Oregon;Josephine;Wilderville;W123.467;N42.3822;12;
3;USA;Oregon;Josephine;Williams;W123.274;N42.2186;12;
3;USA;Oregon;Josephine;Wolf Creek;W123.395;N42.6953;12;
3;USA;Oregon;Josephine;Wonder;W123.536;N42.3642;12;
3;USA;Oregon;Klamath;Algoma;W121.816;N42.3472;12;
3;USA;Oregon;Klamath;Altamont;W121.737;N42.2069;12;
3;USA;Oregon;Klamath;Beatty;W121.271;N42.4419;12;
3;USA;Oregon;Klamath;Bly;W121.042;N42.3978;12;
3;USA;Oregon;Klamath;Bonanza;W121.406;N42.1989;12;
3;USA;Oregon;Klamath;Chemult;W121.783;N43.2164;12;
3;USA;Oregon;Klamath;Chiloquin;W121.866;N42.5775;12;
3;USA;Oregon;Klamath;Crescent;W121.696;N43.4622;12;
3;USA;Oregon;Klamath;Dairy;W121.521;N42.2353;12;
3;USA;Oregon;Klamath;Fairhaven;W121.823;N42.1833;12;
3;USA;Oregon;Klamath;Falcon Heights;W121.757;N42.1375;12;
3;USA;Oregon;Klamath;Fort Klamath;W121.996;N42.7044;12;
3;USA;Oregon;Klamath;Gilchrist;W121.685;N43.4769;12;
3;USA;Oregon;Klamath;Hager;W121.7;N42.1914;12;
3;USA;Oregon;Klamath;Haynesville;W121.233;N42.1367;12;
3;USA;Oregon;Klamath;Henley;W121.699;N42.1522;12;
3;USA;Oregon;Klamath;Hildebrand;W121.479;N42.2978;12;
3;USA;Oregon;Klamath;Hot Springs;W121.286;N42.1153;12;
3;USA;Oregon;Klamath;Keno;W121.93;N42.1267;12;
3;USA;Oregon;Klamath;Kirk;W121.829;N42.7472;12;
3;USA;Oregon;Klamath;Klamath Agency;W121.934;N42.6181;12;
3;USA;Oregon;Klamath;Klamath Falls;W121.782;N42.225;12;
3;USA;Oregon;Klamath;Lake of the Woods;W122.212;N42.3786;12;
3;USA;Oregon;Klamath;Langell Valley;W121.229;N42.0097;12;
3;USA;Oregon;Klamath;Lorella;W121.272;N42.1372;12;
3;USA;Oregon;Klamath;Malin;W121.409;N42.0128;12;
3;USA;Oregon;Klamath;Malone;W121.559;N42.0197;12;
3;USA;Oregon;Klamath;Merrill;W121.601;N42.0253;12;
3;USA;Oregon;Klamath;Midland;W121.82;N42.1308;12;
3;USA;Oregon;Klamath;Modoc Point;W121.868;N42.4447;12;
3;USA;Oregon;Klamath;Odell Lake;W121.965;N43.5489;12;
3;USA;Oregon;Klamath;Olene;W121.631;N42.1719;12;
3;USA;Oregon;Klamath;Pelican City;W121.797;N42.2533;12;
3;USA;Oregon;Klamath;Pine Grove;W121.671;N42.1819;12;
3;USA;Oregon;Klamath;Rocky Point;W122.084;N42.4806;12;
3;USA;Oregon;Klamath;Shady Pine;W121.804;N42.3083;12;
3;USA;Oregon;Klamath;Sprague River;W121.504;N42.4556;12;
3;USA;Oregon;Klamath;Stewart Lenox;W121.809;N42.1917;12;
3;USA;Oregon;Klamath;Terminal City;W121.811;N42.2667;12;
3;USA;Oregon;Klamath;Worden;W121.866;N42.0456;12;
3;USA;Oregon;Klamath;Yonna;W121.468;N42.2681;12;
3;USA;Oregon;Lake;Adel;W119.899;N42.1775;12;
3;USA;Oregon;Lake;Blaisdell;W120.844;N42.3783;12;
3;USA;Oregon;Lake;Christmas Valley;W120.637;N43.2364;12;
3;USA;Oregon;Lake;Five Corners;W120.434;N42.1864;12;
3;USA;Oregon;Lake;Fort Rock;W121.054;N43.3564;12;
3;USA;Oregon;Lake;Lakeview;W120.346;N42.1889;12;
3;USA;Oregon;Lake;New Pine Creek;W120.297;N41.9942;12;
3;USA;Oregon;Lake;Paisley;W120.546;N42.6939;12;
3;USA;Oregon;Lake;Plush;W119.904;N42.4117;12;
3;USA;Oregon;Lake;Quartz Mountain;W120.816;N42.3225;12;
3;USA;Oregon;Lake;Silver Lake;W121.046;N43.1281;12;
3;USA;Oregon;Lake;Summer Lake;W120.778;N42.9731;12;
3;USA;Oregon;Lake;Valley Falls;W120.282;N42.4842;12;
3;USA;Oregon;Lake;West Side;W120.494;N42.1133;12;
3;USA;Oregon;Lane;Acme;W124.061;N43.9797;12;
3;USA;Oregon;Lane;Alma;W123.475;N43.8908;12;
3;USA;Oregon;Lane;Alpha;W123.701;N44.1642;12;
3;USA;Oregon;Lane;Alvadore;W123.264;N44.1267;12;
3;USA;Oregon;Lane;Belknap Springs;W122.049;N44.1903;12;
3;USA;Oregon;Lane;Bethel;W123.132;N44.065;12;
3;USA;Oregon;Lane;Blachly;W123.535;N44.1947;12;
3;USA;Oregon;Lane;Black Butte;W123.078;N43.5692;12;
3;USA;Oregon;Lane;Blue River;W122.341;N44.1544;12;
3;USA;Oregon;Lane;Brickerville;W123.881;N44.0656;12;
3;USA;Oregon;Lane;Canary;W124.035;N43.9278;12;
3;USA;Oregon;Lane;Cedar Flat;W122.841;N44.0525;12;
3;USA;Oregon;Lane;Cheshire;W123.286;N44.1894;12;
3;USA;Oregon;Lane;Cloverdale;W122.967;N43.9247;12;
3;USA;Oregon;Lane;Coburg;W123.066;N44.1369;12;
3;USA;Oregon;Lane;College Hill;W123.098;N44.0308;12;
3;USA;Oregon;Lane;Cottage Grove;W123.059;N43.7975;12;
3;USA;Oregon;Lane;Creswell;W123.024;N43.9178;12;
3;USA;Oregon;Lane;Crow;W123.339;N43.9928;12;
3;USA;Oregon;Lane;Culp Creek;W122.847;N43.7033;12;
3;USA;Oregon;Lane;Cushman;W124.044;N43.9856;12;
3;USA;Oregon;Lane;Danebo;W123.179;N44.0594;12;
3;USA;Oregon;Lane;Deadwood;W123.763;N44.0956;12;
3;USA;Oregon;Lane;Deerhorn;W122.748;N44.0817;12;
3;USA;Oregon;Lane;Dexter;W122.823;N43.9158;12;
3;USA;Oregon;Lane;Disston;W122.77;N43.6981;12;
3;USA;Oregon;Lane;Dorena;W122.862;N43.7197;12;
3;USA;Oregon;Lane;Dunes City;W124.115;N43.8831;12;
3;USA;Oregon;Lane;Elmira;W123.355;N44.0656;12;
3;USA;Oregon;Lane;Eugene;W123.087;N44.0519;12;
3;USA;Oregon;Lane;Fall Creek;W122.82;N43.9594;12;
3;USA;Oregon;Lane;Fern Ridge Shores;W123.308;N44.0817;12;
3;USA;Oregon;Lane;Finn Rock;W122.383;N44.1289;12;
3;USA;Oregon;Lane;Fir Grove;W123.138;N44.1189;12;
3;USA;Oregon;Lane;Florence;W124.1;N43.9825;12;
3;USA;Oregon;Lane;Foley Springs;W122.099;N44.1539;12;
3;USA;Oregon;Lane;Franklin;W123.304;N44.1608;12;
3;USA;Oregon;Lane;Glenada;W124.104;N43.9603;12;
3;USA;Oregon;Lane;Glenwood;W123.035;N44.0442;12;
3;USA;Oregon;Lane;Goldson;W123.343;N44.1631;12;
3;USA;Oregon;Lane;Goshen;W123.011;N43.9953;12;
3;USA;Oregon;Lane;Greenleaf;W123.667;N44.1136;12;
3;USA;Oregon;Lane;Hadleyville;W123.319;N43.97;12;
3;USA;Oregon;Lane;Heceta Beach;W124.131;N44.0333;12;
3;USA;Oregon;Lane;Horton;W123.493;N44.2097;12;
3;USA;Oregon;Lane;Irving;W123.165;N44.1133;12;
3;USA;Oregon;Lane;Jasper;W122.906;N43.9964;12;
3;USA;Oregon;Lane;Junction City;W123.206;N44.2192;12;
3;USA;Oregon;Lane;Lancaster;W123.196;N44.2528;12;
3;USA;Oregon;Lane;Latham;W123.062;N43.7753;12;
3;USA;Oregon;Lane;Leaburg;W122.677;N44.1072;12;
3;USA;Oregon;Lane;Linslaw;W123.684;N44.0003;12;
3;USA;Oregon;Lane;London Springs;W123.091;N43.6317;12;
3;USA;Oregon;Lane;London;W123.093;N43.6344;12;
3;USA;Oregon;Lane;Lorane;W123.239;N43.8375;12;
3;USA;Oregon;Lane;Low Pass;W123.454;N44.1886;12;
3;USA;Oregon;Lane;Lowell;W122.784;N43.9183;12;
3;USA;Oregon;Lane;Mabel;W122.827;N44.2144;12;
3;USA;Oregon;Lane;Mapleton;W123.858;N44.0311;12;
3;USA;Oregon;Lane;Marcola;W122.861;N44.1722;12;
3;USA;Oregon;Lane;McCredie Springs;W122.289;N43.7097;12;
3;USA;Oregon;Lane;McKenzie Bridge;W122.164;N44.175;12;
3;USA;Oregon;Lane;Mill Camp;W123.228;N43.7956;12;
3;USA;Oregon;Lane;Minerva;W123.96;N44.0706;12;
3;USA;Oregon;Lane;Mohawk;W122.916;N44.1422;12;
3;USA;Oregon;Lane;Nimrod;W122.424;N44.1136;12;
3;USA;Oregon;Lane;North Beach;W124.11;N43.8933;12;
3;USA;Oregon;Lane;North Springfield;W123.003;N44.0747;12;
3;USA;Oregon;Lane;Noti;W123.449;N44.0589;12;
3;USA;Oregon;Lane;Oakridge;W122.462;N43.7464;12;
3;USA;Oregon;Lane;Paris;W123.771;N44.2525;12;
3;USA;Oregon;Lane;Pleasant Hill;W122.932;N43.9658;12;
3;USA;Oregon;Lane;Point Terrace;W123.911;N44.0111;12;
3;USA;Oregon;Lane;Rainbow;W122.237;N44.1667;12;
3;USA;Oregon;Lane;Rainrock;W123.853;N44.0736;12;
3;USA;Oregon;Lane;Reed;W123.844;N44.1778;12;
3;USA;Oregon;Lane;River Road;W123.134;N44.0839;12;
3;USA;Oregon;Lane;Royal;W123.131;N43.8247;12;
3;USA;Oregon;Lane;Saginaw;W123.045;N43.8325;12;
3;USA;Oregon;Lane;Santa Clara;W123.131;N44.1033;12;
3;USA;Oregon;Lane;Searose Beach;W124.108;N44.2322;12;
3;USA;Oregon;Lane;Siltcoos;W124.064;N43.8889;12;
3;USA;Oregon;Lane;Springfield;W123.022;N44.0461;12;
3;USA;Oregon;Lane;Swisshome;W123.799;N44.0578;12;
3;USA;Oregon;Lane;Thurston;W122.916;N44.0531;12;
3;USA;Oregon;Lane;Tiernan;W123.94;N44.0158;12;
3;USA;Oregon;Lane;Trent;W122.861;N43.9428;12;
3;USA;Oregon;Lane;Triangle Lake;W123.579;N44.1706;12;
3;USA;Oregon;Lane;Unity;W122.768;N43.9469;12;
3;USA;Oregon;Lane;Vaughn;W123.437;N44.0236;12;
3;USA;Oregon;Lane;Veatch;W123.103;N43.7558;12;
3;USA;Oregon;Lane;Veneta;W123.351;N44.0486;12;
3;USA;Oregon;Lane;Vida;W122.57;N44.1458;12;
3;USA;Oregon;Lane;Walden;W123.005;N43.7761;12;
3;USA;Oregon;Lane;Walker;W123.04;N43.8539;12;
3;USA;Oregon;Lane;Walterville;W122.804;N44.0686;12;
3;USA;Oregon;Lane;Walton;W123.585;N44.0306;12;
3;USA;Oregon;Lane;Wendling;W122.798;N44.1903;12;
3;USA;Oregon;Lane;Westfir;W122.496;N43.7572;12;
3;USA;Oregon;Lane;Wildwood;W122.826;N43.7789;12;
3;USA;Oregon;Lane;Willamette City;W122.485;N43.7461;12;
3;USA;Oregon;Lane;Winberry;W122.713;N43.9533;12;
3;USA;Oregon;Lane;Wolf Creek;W123.379;N43.9497;12;
3;USA;Oregon;Lincoln;Agate Beach;W124.062;N44.6772;12;
3;USA;Oregon;Lincoln;Alsea Rivera;W123.898;N44.4053;12;
3;USA;Oregon;Lincoln;Bayshore;W124.075;N44.4386;12;
3;USA;Oregon;Lincoln;Bayview;W124.035;N44.4422;12;
3;USA;Oregon;Lincoln;Beverly Beach;W124.058;N44.7203;12;
3;USA;Oregon;Lincoln;Burnt Woods;W123.623;N44.6036;12;
3;USA;Oregon;Lincoln;Chitwood;W123.823;N44.6547;12;
3;USA;Oregon;Lincoln;Coronado Shores;W124.039;N44.865;12;
3;USA;Oregon;Lincoln;Depoe Bay;W124.063;N44.8083;12;
3;USA;Oregon;Lincoln;Drift Creek;W123.996;N44.4128;12;
3;USA;Oregon;Lincoln;Eddyville;W123.776;N44.6344;12;
3;USA;Oregon;Lincoln;Elk City;W123.879;N44.6194;12;
3;USA;Oregon;Lincoln;Fisher;W123.84;N44.2917;12;
3;USA;Oregon;Lincoln;Forfar;W124.068;N44.5525;12;
3;USA;Oregon;Lincoln;Four Cabin Corner;W123.767;N44.9644;12;
3;USA;Oregon;Lincoln;Fruitvale;W123.98;N44.6542;12;
3;USA;Oregon;Lincoln;Gleneden Beach;W124.034;N44.8811;12;
3;USA;Oregon;Lincoln;Harlan;W123.693;N44.5397;12;
3;USA;Oregon;Lincoln;Holiday Beach;W124.068;N44.5675;12;
3;USA;Oregon;Lincoln;Kernville;W124.004;N44.8992;12;
3;USA;Oregon;Lincoln;Lincoln Beach;W124.047;N44.8503;12;
3;USA;Oregon;Lincoln;Lincoln City;W124.018;N44.9581;12;
3;USA;Oregon;Lincoln;Little Albany;W123.914;N44.4031;12;
3;USA;Oregon;Lincoln;Little Switzerland;W123.903;N44.3997;12;
3;USA;Oregon;Lincoln;Logsden;W123.794;N44.7431;12;
3;USA;Oregon;Lincoln;Nashville;W123.608;N44.6533;12;
3;USA;Oregon;Lincoln;Neotsu;W123.981;N45.0011;12;
3;USA;Oregon;Lincoln;Newport Heights;W124.024;N44.6442;12;
3;USA;Oregon;Lincoln;Newport;W124.053;N44.6367;12;
3;USA;Oregon;Lincoln;Nortons;W123.702;N44.6636;12;
3;USA;Oregon;Lincoln;Ocean Park;W124.055;N44.7253;12;
3;USA;Oregon;Lincoln;Ona;W124.022;N44.5039;12;
3;USA;Oregon;Lincoln;Otis;W123.946;N45.0242;12;
3;USA;Oregon;Lincoln;Otter Rock;W124.061;N44.7469;12;
3;USA;Oregon;Lincoln;Oysterville;W124.002;N44.5778;12;
3;USA;Oregon;Lincoln;Pacific Palisades;W124.051;N44.8442;12;
3;USA;Oregon;Lincoln;Pioneer;W123.87;N44.6478;12;
3;USA;Oregon;Lincoln;Roads End;W124.007;N45.0061;12;
3;USA;Oregon;Lincoln;Rose Lodge;W123.88;N45.0103;12;
3;USA;Oregon;Lincoln;Salishan Beach;W124.029;N44.9164;12;
3;USA;Oregon;Lincoln;Salishan;W124.034;N44.8914;12;
3;USA;Oregon;Lincoln;San Marine;W124.094;N44.3536;12;
3;USA;Oregon;Lincoln;Seal Rock;W124.084;N44.4989;12;
3;USA;Oregon;Lincoln;Siletz;W123.92;N44.7217;12;
3;USA;Oregon;Lincoln;South Beach;W124.049;N44.6125;12;
3;USA;Oregon;Lincoln;Sunnyridge;W123.922;N44.5933;12;
3;USA;Oregon;Lincoln;Three Rocks;W123.999;N45.0444;12;
3;USA;Oregon;Lincoln;Tidewater;W123.9;N44.4111;12;
3;USA;Oregon;Lincoln;Tillicum Beach;W124.093;N44.3628;12;
3;USA;Oregon;Lincoln;Toledo;W123.938;N44.6214;12;
3;USA;Oregon;Lincoln;Wakonda Beach;W124.089;N44.3878;12;
3;USA;Oregon;Lincoln;Waldport;W124.069;N44.4267;12;
3;USA;Oregon;Lincoln;Wecoma Beach;W124.007;N44.9886;12;
3;USA;Oregon;Lincoln;Westwood Village;W123.934;N44.3964;12;
3;USA;Oregon;Lincoln;Yachats;W124.105;N44.3111;12;
3;USA;Oregon;Lincoln;Yaquina;W124.009;N44.6019;12;
3;USA;Oregon;Linn;Albany;W123.106;N44.6364;12;
3;USA;Oregon;Linn;Berlin;W122.748;N44.4978;12;
3;USA;Oregon;Linn;Brownsville;W122.985;N44.3933;12;
3;USA;Oregon;Linn;Calapooia;W122.741;N44.3272;12;
3;USA;Oregon;Linn;Cascadia;W122.482;N44.3972;12;
3;USA;Oregon;Linn;Crabtree;W122.898;N44.635;12;
3;USA;Oregon;Linn;Crawfordsville;W122.858;N44.3569;12;
3;USA;Oregon;Linn;Crowfoot;W122.89;N44.5081;12;
3;USA;Oregon;Linn;Draperville;W123.037;N44.6458;12;
3;USA;Oregon;Linn;Fairview;W122.822;N44.4747;12;
3;USA;Oregon;Linn;Fords Mill;W122.722;N44.5639;12;
3;USA;Oregon;Linn;Foster;W122.672;N44.4103;12;
3;USA;Oregon;Linn;Fox Valley;W122.552;N44.7594;12;
3;USA;Oregon;Linn;Greenville;W122.779;N44.3867;12;
3;USA;Oregon;Linn;Halsey;W123.11;N44.3839;12;
3;USA;Oregon;Linn;Harrisburg;W123.171;N44.2739;12;
3;USA;Oregon;Linn;Holley;W122.783;N44.3542;12;
3;USA;Oregon;Linn;Jordan;W122.7;N44.7269;12;
3;USA;Oregon;Linn;Kingston;W122.774;N44.7836;12;
3;USA;Oregon;Linn;Lacomb;W122.743;N44.585;12;
3;USA;Oregon;Linn;Lebanon;W122.907;N44.5364;12;
3;USA;Oregon;Linn;Liberty;W122.791;N44.4331;12;
3;USA;Oregon;Linn;Lyons;W122.615;N44.7744;12;
3;USA;Oregon;Linn;Marion Forks;W121.948;N44.6153;12;
3;USA;Oregon;Linn;Mill City;W122.478;N44.7539;12;
3;USA;Oregon;Linn;Millersburg;W123.061;N44.6808;12;
3;USA;Oregon;Linn;New Idanha;W122.074;N44.6975;12;
3;USA;Oregon;Linn;Peoria;W123.207;N44.4486;12;
3;USA;Oregon;Linn;Riverside;W123.157;N44.6067;12;
3;USA;Oregon;Linn;Santiam Terrace;W122.811;N44.4428;12;
3;USA;Oregon;Linn;Scio;W122.849;N44.7047;12;
3;USA;Oregon;Linn;Shedd;W123.11;N44.4614;12;
3;USA;Oregon;Linn;Shelburn;W122.871;N44.7358;12;
3;USA;Oregon;Linn;Sodaville;W122.872;N44.4844;12;
3;USA;Oregon;Linn;South Lebanon;W122.903;N44.5061;12;
3;USA;Oregon;Linn;Sweet Home;W122.736;N44.3975;12;
3;USA;Oregon;Linn;Tangent;W123.108;N44.5411;12;
3;USA;Oregon;Linn;Upper Soda;W122.283;N44.4061;12;
3;USA;Oregon;Linn;Waterloo;W122.825;N44.4939;12;
3;USA;Oregon;Linn;West Scio;W122.883;N44.7108;12;
3;USA;Oregon;Linn;Whitaker;W122.873;N44.5583;12;
3;USA;Oregon;Malheur;Adrian;W117.072;N43.7408;12;
3;USA;Oregon;Malheur;Annex;W116.984;N44.2403;12;
3;USA;Oregon;Malheur;Arcadia;W116.986;N43.9244;12;
3;USA;Oregon;Malheur;Arock;W117.525;N42.9142;12;
3;USA;Oregon;Malheur;Basque;W117.869;N42.4108;12;
3;USA;Oregon;Malheur;Beulah;W118.153;N43.9067;12;
3;USA;Oregon;Malheur;Bonita;W117.834;N44.2525;12;
3;USA;Oregon;Malheur;Brogan;W117.517;N44.2464;12;
3;USA;Oregon;Malheur;Cairo;W117.009;N43.9961;12;
3;USA;Oregon;Malheur;Creston;W118.01;N43.5014;12;
3;USA;Oregon;Malheur;Crowley;W117.894;N43.2917;12;
3;USA;Oregon;Malheur;Danner;W117.34;N42.9444;12;
3;USA;Oregon;Malheur;Dennis;W117.324;N44.0908;12;
3;USA;Oregon;Malheur;Eldorado;W117.746;N44.4264;12;
3;USA;Oregon;Malheur;Harper;W117.61;N43.8633;12;
3;USA;Oregon;Malheur;Ironside;W117.945;N44.3244;12;
3;USA;Oregon;Malheur;Jamieson;W117.438;N44.1822;12;
3;USA;Oregon;Malheur;Jordan Valley;W117.054;N42.9742;12;
3;USA;Oregon;Malheur;Juntura;W118.08;N43.7447;12;
3;USA;Oregon;Malheur;Nyssa Heights;W117.026;N43.8944;12;
3;USA;Oregon;Malheur;Nyssa;W116.995;N43.8769;12;
3;USA;Oregon;Malheur;Ontario Heights;W117.024;N44.0706;12;
3;USA;Oregon;Malheur;Ontario;W116.963;N44.0267;12;
3;USA;Oregon;Malheur;Owyhee;W117.055;N43.795;12;
3;USA;Oregon;Malheur;Riverside;W118.159;N43.5417;12;
3;USA;Oregon;Malheur;Rome;W117.628;N42.8392;12;
3;USA;Oregon;Malheur;Sheaville;W117.051;N43.1272;12;
3;USA;Oregon;Malheur;Vale;W117.238;N43.9822;12;
3;USA;Oregon;Malheur;Westfall;W117.709;N43.9919;12;
3;USA;Oregon;Malheur;Willowcreek;W117.364;N44.1147;12;
3;USA;Oregon;Marion;Aumsville;W122.871;N44.8408;12;
3;USA;Oregon;Marion;Aurora;W122.756;N45.2308;12;
3;USA;Oregon;Marion;Badger Corner;W122.983;N44.95;12;
3;USA;Oregon;Marion;Bethany;W122.818;N45.0122;12;
3;USA;Oregon;Marion;Bethel Gospel Park;W122.952;N45.0539;12;
3;USA;Oregon;Marion;Breitenbush Hot Springs;W121.979;N44.7828;12;
3;USA;Oregon;Marion;Breitenbush;W121.972;N44.7817;12;
3;USA;Oregon;Marion;Brooks;W122.958;N45.0481;12;
3;USA;Oregon;Marion;Butteville;W122.84;N45.2622;12;
3;USA;Oregon;Marion;Champoeg;W122.898;N45.2486;12;
3;USA;Oregon;Marion;Chemawa;W122.993;N45.0014;12;
3;USA;Oregon;Marion;Clear Lake;W123.021;N45.0353;12;
3;USA;Oregon;Marion;Detroit;W122.15;N44.7339;12;
3;USA;Oregon;Marion;Donald;W122.839;N45.2222;12;
3;USA;Oregon;Marion;Downs;W122.794;N45.0422;12;
3;USA;Oregon;Marion;Drake Crossing;W122.656;N44.9258;12;
3;USA;Oregon;Marion;Elkhorn Woods;W122.401;N44.8131;12;
3;USA;Oregon;Marion;Elkhorn;W122.362;N44.8356;12;
3;USA;Oregon;Marion;Fairfield;W123.006;N45.1344;12;
3;USA;Oregon;Marion;Four Corners;W122.984;N44.9278;12;
3;USA;Oregon;Marion;Fruitland;W122.931;N44.9408;12;
3;USA;Oregon;Marion;Gates;W122.417;N44.7561;12;
3;USA;Oregon;Marion;Gervais;W122.897;N45.1081;12;
3;USA;Oregon;Marion;Grabenhorst Corner;W123.036;N44.8828;12;
3;USA;Oregon;Marion;Hayesville;W122.983;N44.9858;12;
3;USA;Oregon;Marion;Hazel Green;W122.926;N45.0103;12;
3;USA;Oregon;Marion;Hubbard;W122.808;N45.1822;12;
3;USA;Oregon;Marion;Idanha;W122.079;N44.7025;12;
3;USA;Oregon;Marion;Jefferson;W123.01;N44.7194;12;
3;USA;Oregon;Marion;Keizer;W123.026;N44.99;12;
3;USA;Oregon;Marion;Labish Center;W122.914;N45.0317;12;
3;USA;Oregon;Marion;Labish Village;W122.972;N45.0192;12;
3;USA;Oregon;Marion;Lakebrook;W123.05;N45.0281;12;
3;USA;Oregon;Marion;Liberty;W123.06;N44.8881;12;
3;USA;Oregon;Marion;Macleay;W122.887;N44.9078;12;
3;USA;Oregon;Marion;Marion;W122.942;N44.7489;12;
3;USA;Oregon;Marion;McKee;W122.808;N45.0997;12;
3;USA;Oregon;Marion;Mehama;W122.619;N44.79;12;
3;USA;Oregon;Marion;Middle Grove;W122.965;N44.9697;12;
3;USA;Oregon;Marion;Monitor;W122.748;N45.1014;12;
3;USA;Oregon;Marion;Mount Angel;W122.8;N45.0678;12;
3;USA;Oregon;Marion;Niagara;W122.336;N44.7578;12;
3;USA;Oregon;Marion;North Howell;W122.873;N45.0311;12;
3;USA;Oregon;Marion;Oak Park;W122.984;N44.9642;12;
3;USA;Oregon;Marion;Pratum;W122.879;N44.9589;12;
3;USA;Oregon;Marion;Rosedale;W123.061;N44.8544;12;
3;USA;Oregon;Marion;Saint Louis;W122.942;N45.1225;12;
3;USA;Oregon;Marion;Saint Paul;W122.977;N45.2111;12;
3;USA;Oregon;Marion;Salem;W123.035;N44.9428;12;
3;USA;Oregon;Marion;Scotts Mills;W122.668;N45.0428;12;
3;USA;Oregon;Marion;Shaw;W122.872;N44.8728;12;
3;USA;Oregon;Marion;Sidney;W123.109;N44.7831;12;
3;USA;Oregon;Marion;Silverton;W122.783;N45.005;12;
3;USA;Oregon;Marion;Stayton;W122.794;N44.8006;12;
3;USA;Oregon;Marion;Sublimity;W122.794;N44.8294;12;
3;USA;Oregon;Marion;Sunnyside;W123.027;N44.8447;12;
3;USA;Oregon;Marion;Talbot;W123.096;N44.7608;12;
3;USA;Oregon;Marion;Turner;W122.953;N44.8431;12;
3;USA;Oregon;Marion;West Stayton;W122.867;N44.7864;12;
3;USA;Oregon;Marion;West Woodburn;W122.896;N45.1547;12;
3;USA;Oregon;Marion;Woodburn;W122.855;N45.1436;12;
3;USA;Oregon;Marion;Young;W122.865;N44.8244;12;
3;USA;Oregon;Morrow;Boardman;W119.701;N45.8397;12;
3;USA;Oregon;Morrow;Cecil;W119.959;N45.6178;12;
3;USA;Oregon;Morrow;Clarke;W119.601;N45.8378;12;
3;USA;Oregon;Morrow;Eightmile;W119.816;N45.2553;12;
3;USA;Oregon;Morrow;Ella;W119.809;N45.6311;12;
3;USA;Oregon;Morrow;Gooseberry;W119.892;N45.2922;12;
3;USA;Oregon;Morrow;Heppner;W119.558;N45.3531;12;
3;USA;Oregon;Morrow;Ione;W119.825;N45.5011;12;
3;USA;Oregon;Morrow;Irrigon;W119.491;N45.8956;12;
3;USA;Oregon;Morrow;Lena;W119.282;N45.3997;12;
3;USA;Oregon;Morrow;Lexington;W119.684;N45.445;12;
3;USA;Oregon;Morrow;Morgan;W119.921;N45.5525;12;
3;USA;Oregon;Morrow;Pine City;W119.417;N45.5811;12;
3;USA;Oregon;Morrow;Ruggs;W119.687;N45.2633;12;
3;USA;Oregon;Morrow;Valby;W119.841;N45.3164;12;
3;USA;Oregon;Multnomah;Alameda;W122.631;N45.555;12;
3;USA;Oregon;Multnomah;Albina;W122.675;N45.5436;12;
3;USA;Oregon;Multnomah;Arleta;W122.593;N45.4886;12;
3;USA;Oregon;Multnomah;Barnes Heights;W122.754;N45.5322;12;
3;USA;Oregon;Multnomah;Bonneville;W121.952;N45.6358;12;
3;USA;Oregon;Multnomah;Bonny Slope;W122.783;N45.5456;12;
3;USA;Oregon;Multnomah;Bridal Veil;W122.175;N45.5589;12;
3;USA;Oregon;Multnomah;Bridlemile;W122.71;N45.4931;12;
3;USA;Oregon;Multnomah;Brooklyn;W122.637;N45.4903;12;
3;USA;Oregon;Multnomah;Burlingame;W122.685;N45.4683;12;
3;USA;Oregon;Multnomah;Burlington;W122.843;N45.6461;12;
3;USA;Oregon;Multnomah;Capitol Hill;W122.698;N45.4653;12;
3;USA;Oregon;Multnomah;Carson Heights;W122.681;N45.4578;12;
3;USA;Oregon;Multnomah;Corbett;W122.291;N45.5317;12;
3;USA;Oregon;Multnomah;Dodson;W122.036;N45.6053;12;
3;USA;Oregon;Multnomah;Dunthorpe;W122.655;N45.4356;12;
3;USA;Oregon;Multnomah;East Portland;W122.66;N45.5153;12;
3;USA;Oregon;Multnomah;Eastmoreland;W122.624;N45.4731;12;
3;USA;Oregon;Multnomah;Englewood;W122.696;N45.4358;12;
3;USA;Oregon;Multnomah;Errol Heights;W122.609;N45.4683;12;
3;USA;Oregon;Multnomah;Fairview;W122.434;N45.5383;12;
3;USA;Oregon;Multnomah;Faloma;W122.669;N45.6017;12;
3;USA;Oregon;Multnomah;Folkenberg;W122.866;N45.6289;12;
3;USA;Oregon;Multnomah;Gilbert;W122.532;N45.4767;12;
3;USA;Oregon;Multnomah;Glencullen;W122.72;N45.4869;12;
3;USA;Oregon;Multnomah;Green Hills;W122.729;N45.5053;12;
3;USA;Oregon;Multnomah;Gresham;W122.431;N45.4981;12;
3;USA;Oregon;Multnomah;Hazelwood;W122.524;N45.5164;12;
3;USA;Oregon;Multnomah;Hillsdale;W122.695;N45.4814;12;
3;USA;Oregon;Multnomah;Holbrook;W122.863;N45.6597;12;
3;USA;Oregon;Multnomah;Hollywood;W122.622;N45.5353;12;
3;USA;Oregon;Multnomah;Interlachen;W122.447;N45.5517;12;
3;USA;Oregon;Multnomah;Irvington;W122.652;N45.5403;12;
3;USA;Oregon;Multnomah;Johns Landing;W122.675;N45.3994;12;
3;USA;Oregon;Multnomah;Kellogg Park;W122.638;N45.4542;12;
3;USA;Oregon;Multnomah;Kenton;W122.681;N45.5817;12;
3;USA;Oregon;Multnomah;Kings Heights;W122.708;N45.5292;12;
3;USA;Oregon;Multnomah;Latourell;W122.221;N45.5406;12;
3;USA;Oregon;Multnomah;Laurelhurst;W122.623;N45.5261;12;
3;USA;Oregon;Multnomah;Lents;W122.567;N45.4797;12;
3;USA;Oregon;Multnomah;Linnton;W122.787;N45.5986;12;
3;USA;Oregon;Multnomah;Maplewood;W122.73;N45.4697;12;
3;USA;Oregon;Multnomah;Marquam Hill;W122.689;N45.4989;12;
3;USA;Oregon;Multnomah;Maywood Park;W122.56;N45.5528;12;
3;USA;Oregon;Multnomah;Montavilla;W122.579;N45.5189;12;
3;USA;Oregon;Multnomah;Multnomah;W122.707;N45.4694;12;
3;USA;Oregon;Multnomah;North Portland;W122.703;N45.6103;12;
3;USA;Oregon;Multnomah;Orient;W122.353;N45.4672;12;
3;USA;Oregon;Multnomah;Parkrose;W122.56;N45.5594;12;
3;USA;Oregon;Multnomah;Piedmont;W122.668;N45.565;12;
3;USA;Oregon;Multnomah;Pleasant Home;W122.336;N45.4639;12;
3;USA;Oregon;Multnomah;Portland Heights;W122.703;N45.5056;12;
3;USA;Oregon;Multnomah;Portland;W122.676;N45.5233;12;
3;USA;Oregon;Multnomah;Powell Valley;W122.393;N45.4864;12;
3;USA;Oregon;Multnomah;Powellhurst;W122.537;N45.5039;12;
3;USA;Oregon;Multnomah;Riverdale;W122.661;N45.4506;12;
3;USA;Oregon;Multnomah;Riverwood;W122.664;N45.4439;12;
3;USA;Oregon;Multnomah;Rockwood;W122.477;N45.5189;12;
3;USA;Oregon;Multnomah;Russellville;W122.558;N45.5189;12;
3;USA;Oregon;Multnomah;Saint Johns;W122.754;N45.59;12;
3;USA;Oregon;Multnomah;Sellwood;W122.653;N45.4644;12;
3;USA;Oregon;Multnomah;Springdale;W122.33;N45.5189;12;
3;USA;Oregon;Multnomah;Sylvan;W122.736;N45.5089;12;
3;USA;Oregon;Multnomah;Troutdale;W122.387;N45.5392;12;
3;USA;Oregon;Multnomah;Twelvemile Corner;W122.434;N45.5189;12;
3;USA;Oregon;Multnomah;University Park;W122.729;N45.5761;12;
3;USA;Oregon;Multnomah;Vermont Hills;W122.728;N45.4772;12;
3;USA;Oregon;Multnomah;Villa Ridge;W122.742;N45.4428;12;
3;USA;Oregon;Multnomah;Warrendale;W122.016;N45.6125;12;
3;USA;Oregon;Multnomah;West Portland Park;W122.726;N45.4467;12;
3;USA;Oregon;Multnomah;West Portland;W122.733;N45.4547;12;
3;USA;Oregon;Multnomah;Westmoreland;W122.647;N45.4761;12;
3;USA;Oregon;Multnomah;Whitwood Court;W122.772;N45.5853;12;
3;USA;Oregon;Multnomah;Willamette Heights;W122.718;N45.535;12;
3;USA;Oregon;Multnomah;Wood Village;W122.419;N45.5342;12;
3;USA;Oregon;Multnomah;Woodstock;W122.608;N45.4789;12;
3;USA;Oregon;Polk;Airlie;W123.331;N44.7503;12;
3;USA;Oregon;Polk;Ballston;W123.321;N45.0667;12;
3;USA;Oregon;Polk;Bethel Heights;W123.151;N45.0444;12;
3;USA;Oregon;Polk;Bethel;W123.185;N45.0403;12;
3;USA;Oregon;Polk;Black Rock;W123.496;N44.8708;12;
3;USA;Oregon;Polk;Bridgeport;W123.386;N44.8483;12;
3;USA;Oregon;Polk;Broadmead;W123.269;N45.0728;12;
3;USA;Oregon;Polk;Brush College;W123.078;N44.9719;12;
3;USA;Oregon;Polk;Buell;W123.418;N45.0161;12;
3;USA;Oregon;Polk;Buena Vista;W123.151;N44.7694;12;
3;USA;Oregon;Polk;Chapman Corner;W123.079;N44.9603;12;
3;USA;Oregon;Polk;Dallas;W123.317;N44.9192;12;
3;USA;Oregon;Polk;Ellendale;W123.356;N44.9297;12;
3;USA;Oregon;Polk;Eola;W123.12;N44.9322;12;
3;USA;Oregon;Polk;Falls City;W123.436;N44.8661;12;
3;USA;Oregon;Polk;Fir Villa;W123.274;N44.9281;12;
3;USA;Oregon;Polk;Grand Ronde;W123.609;N45.06;12;
3;USA;Oregon;Polk;Hopville;W123.133;N44.8031;12;
3;USA;Oregon;Polk;Independence;W123.187;N44.8511;12;
3;USA;Oregon;Polk;Lewisville;W123.345;N44.7881;12;
3;USA;Oregon;Polk;Lincoln;W123.084;N45.0197;12;
3;USA;Oregon;Polk;McCoy;W123.216;N45.0419;12;
3;USA;Oregon;Polk;Modeville;W123.133;N44.7908;12;
3;USA;Oregon;Polk;Monmouth;W123.234;N44.8483;12;
3;USA;Oregon;Polk;Oakdale;W123.38;N44.9053;12;
3;USA;Oregon;Polk;Parker;W123.205;N44.7722;12;
3;USA;Oregon;Polk;Pedee;W123.414;N44.7533;12;
3;USA;Oregon;Polk;Perrydale;W123.256;N45.0425;12;
3;USA;Oregon;Polk;Rickreall;W123.228;N44.9306;12;
3;USA;Oregon;Polk;Salemtowne;W123.073;N44.9775;12;
3;USA;Oregon;Polk;Stapleton;W123.205;N44.8275;12;
3;USA;Oregon;Polk;Suver;W123.207;N44.7428;12;
3;USA;Oregon;Polk;Valley Junction;W123.572;N45.0619;12;
3;USA;Oregon;Polk;Zena;W123.129;N45.0086;12;
3;USA;Oregon;Sherman;Biggs Junction;W120.833;N45.6697;12;
3;USA;Oregon;Sherman;De Moss Springs;W120.683;N45.5111;12;
3;USA;Oregon;Sherman;Erskine;W120.779;N45.4381;12;
3;USA;Oregon;Sherman;Grass Valley;W120.786;N45.36;12;
3;USA;Oregon;Sherman;Kent;W120.694;N45.195;12;
3;USA;Oregon;Sherman;Klondike;W120.614;N45.5825;12;
3;USA;Oregon;Sherman;Locust Grove;W120.789;N45.5986;12;
3;USA;Oregon;Sherman;McDonald;W120.41;N45.5886;12;
3;USA;Oregon;Sherman;Monkland;W120.627;N45.4856;12;
3;USA;Oregon;Sherman;Moro;W120.731;N45.4839;12;
3;USA;Oregon;Sherman;Rufus;W120.736;N45.6947;12;
3;USA;Oregon;Sherman;Rutledge;W120.647;N45.3378;12;
3;USA;Oregon;Sherman;Wasco;W120.698;N45.5917;12;
3;USA;Oregon;Tillamook;Aldervale;W123.844;N45.7683;12;
3;USA;Oregon;Tillamook;Barnesdale;W123.854;N45.6392;12;
3;USA;Oregon;Tillamook;Barview;W123.943;N45.5697;12;
3;USA;Oregon;Tillamook;Batterson;W123.758;N45.7011;12;
3;USA;Oregon;Tillamook;Bay City;W123.889;N45.5225;12;
3;USA;Oregon;Tillamook;Bayside Gardens;W123.915;N45.7136;12;
3;USA;Oregon;Tillamook;Beaver;W123.826;N45.2767;12;
3;USA;Oregon;Tillamook;Blaine;W123.704;N45.2772;12;
3;USA;Oregon;Tillamook;Boyer;W123.727;N45.07;12;
3;USA;Oregon;Tillamook;Brighton;W123.923;N45.6722;12;
3;USA;Oregon;Tillamook;Cape Meares;W123.959;N45.4897;12;
3;USA;Oregon;Tillamook;Cloverdale;W123.892;N45.2058;12;
3;USA;Oregon;Tillamook;Enright;W123.57;N45.7236;12;
3;USA;Oregon;Tillamook;Fairview;W123.789;N45.4575;12;
3;USA;Oregon;Tillamook;Foss;W123.797;N45.6961;12;
3;USA;Oregon;Tillamook;Garibaldi;W123.911;N45.5597;12;
3;USA;Oregon;Tillamook;Happy Hollow;W123.804;N45.1422;12;
3;USA;Oregon;Tillamook;Hathaway Mead;W123.819;N45.4567;12;
3;USA;Oregon;Tillamook;Hebo;W123.863;N45.2303;12;
3;USA;Oregon;Tillamook;Hemlock;W123.837;N45.3156;12;
3;USA;Oregon;Tillamook;Hobsonville;W123.902;N45.5489;12;
3;USA;Oregon;Tillamook;Idaville;W123.866;N45.5097;12;
3;USA;Oregon;Tillamook;Jordan Creek;W123.602;N45.5483;12;
3;USA;Oregon;Tillamook;Manhattan Beach;W123.941;N45.6303;12;
3;USA;Oregon;Tillamook;Manzanita;W123.935;N45.7183;12;
3;USA;Oregon;Tillamook;Meda;W123.916;N45.1464;12;
3;USA;Oregon;Tillamook;Mohler;W123.863;N45.7072;12;
3;USA;Oregon;Tillamook;Neahkahnie Beach;W123.941;N45.7292;12;
3;USA;Oregon;Tillamook;Nedonna Beach;W123.94;N45.6439;12;
3;USA;Oregon;Tillamook;Nehalem;W123.894;N45.72;12;
3;USA;Oregon;Tillamook;Neskowin;W123.984;N45.1067;12;
3;USA;Oregon;Tillamook;Netarts;W123.946;N45.4347;12;
3;USA;Oregon;Tillamook;Oceanside;W123.968;N45.4608;12;
3;USA;Oregon;Tillamook;Oretown;W123.955;N45.1536;12;
3;USA;Oregon;Tillamook;Pacific City;W123.963;N45.2022;12;
3;USA;Oregon;Tillamook;Pleasant Valley;W123.804;N45.3653;12;
3;USA;Oregon;Tillamook;Rockaway Beach;W123.943;N45.6133;12;
3;USA;Oregon;Tillamook;Sandlake;W123.923;N45.3031;12;
3;USA;Oregon;Tillamook;Tierra Del Mar;W123.964;N45.2519;12;
3;USA;Oregon;Tillamook;Tillamook;W123.844;N45.4561;12;
3;USA;Oregon;Tillamook;Twin Rocks;W123.946;N45.5975;12;
3;USA;Oregon;Tillamook;Wheeler Heights;W123.891;N45.6847;12;
3;USA;Oregon;Tillamook;Wheeler;W123.881;N45.6889;12;
3;USA;Oregon;Tillamook;Woods;W123.955;N45.2139;12;
3;USA;Oregon;Umatilla;Adams;W118.562;N45.7672;12;
3;USA;Oregon;Umatilla;Athena;W118.491;N45.8117;12;
3;USA;Oregon;Umatilla;Bingham Springs;W118.232;N45.7419;12;
3;USA;Oregon;Umatilla;Bucks Corners;W119.328;N45.7853;12;
3;USA;Oregon;Umatilla;Charlestown;W119.297;N45.8886;12;
3;USA;Oregon;Umatilla;Cobb;W118.397;N45.955;12;
3;USA;Oregon;Umatilla;Cold Springs Junction;W119.138;N45.9136;12;
3;USA;Oregon;Umatilla;Cold Springs;W119.166;N45.8783;12;
3;USA;Oregon;Umatilla;Crockett;W118.397;N45.9733;12;
3;USA;Oregon;Umatilla;Duncan;W118.316;N45.5611;12;
3;USA;Oregon;Umatilla;Echo;W119.196;N45.7422;12;
3;USA;Oregon;Umatilla;Ferndale;W118.397;N45.9811;12;
3;USA;Oregon;Umatilla;Fulton;W118.749;N45.7303;12;
3;USA;Oregon;Umatilla;Gibbon;W118.365;N45.6994;12;
3;USA;Oregon;Umatilla;Glendale;W118.823;N45.6442;12;
3;USA;Oregon;Umatilla;Green Meadows;W118.8;N45.6164;12;
3;USA;Oregon;Umatilla;Gurdane;W119.104;N45.2689;12;
3;USA;Oregon;Umatilla;Helix;W118.657;N45.8494;12;
3;USA;Oregon;Umatilla;Hermiston;W119.289;N45.8403;12;
3;USA;Oregon;Umatilla;Hidaway Springs;W118.738;N45.1308;12;
3;USA;Oregon;Umatilla;Hinkle;W119.312;N45.7964;12;
3;USA;Oregon;Umatilla;Holdman;W118.933;N45.8719;12;
3;USA;Oregon;Umatilla;Lehman Springs;W118.662;N45.1528;12;
3;USA;Oregon;Umatilla;McKay;W118.616;N45.4994;12;
3;USA;Oregon;Umatilla;McNary;W119.289;N45.9192;12;
3;USA;Oregon;Umatilla;Meacham;W118.421;N45.5064;12;
3;USA;Oregon;Umatilla;Milton-Freewater;W118.388;N45.9325;12;
3;USA;Oregon;Umatilla;Mission;W118.684;N45.6703;12;
3;USA;Oregon;Umatilla;Nolin;W119.101;N45.6831;12;
3;USA;Oregon;Umatilla;Nye;W118.98;N45.4603;12;
3;USA;Oregon;Umatilla;Pendair Heights;W118.844;N45.6872;12;
3;USA;Oregon;Umatilla;Pendleton;W118.789;N45.6719;12;
3;USA;Oregon;Umatilla;Pilot Rock;W118.83;N45.4831;12;
3;USA;Oregon;Umatilla;Power City;W119.304;N45.9117;12;
3;USA;Oregon;Umatilla;Rieth;W118.871;N45.6608;12;
3;USA;Oregon;Umatilla;Stanfield;W119.217;N45.7803;12;
3;USA;Oregon;Umatilla;Sunnyside;W118.402;N45.9622;12;
3;USA;Oregon;Umatilla;Tollgate;W118.093;N45.7803;12;
3;USA;Oregon;Umatilla;Tutuilla;W118.699;N45.6231;12;
3;USA;Oregon;Umatilla;Ukiah;W118.933;N45.1342;12;
3;USA;Oregon;Umatilla;Umapine;W118.496;N45.9764;12;
3;USA;Oregon;Umatilla;Umatilla;W119.343;N45.9172;12;
3;USA;Oregon;Umatilla;Waterman;W118.542;N45.8881;12;
3;USA;Oregon;Umatilla;Weston;W118.425;N45.8136;12;
3;USA;Oregon;Union;Alicel;W117.98;N45.4042;12;
3;USA;Oregon;Union;Camp Elkanah;W118.45;N45.2347;12;
3;USA;Oregon;Union;Cove;W117.808;N45.2964;12;
3;USA;Oregon;Union;Elgin;W117.918;N45.565;12;
3;USA;Oregon;Union;Hilgard;W118.228;N45.3519;12;
3;USA;Oregon;Union;Hot Lake;W117.958;N45.2444;12;
3;USA;Oregon;Union;Imbler;W117.962;N45.4594;12;
3;USA;Oregon;Union;Island City;W118.045;N45.3408;12;
3;USA;Oregon;Union;La Grande;W118.088;N45.3244;12;
3;USA;Oregon;Union;Medical Springs;W117.629;N45.0172;12;
3;USA;Oregon;Union;North Powder;W117.92;N45.0286;12;
3;USA;Oregon;Union;Perry;W118.167;N45.3483;12;
3;USA;Oregon;Union;Pondosa;W117.643;N45.0081;12;
3;USA;Oregon;Union;Starkey;W118.426;N45.2214;12;
3;USA;Oregon;Union;Summerville;W118.003;N45.4883;12;
3;USA;Oregon;Union;Telocaset;W117.826;N45.1011;12;
3;USA;Oregon;Union;Union;W117.865;N45.2083;12;
3;USA;Oregon;Wallowa;Bartlett;W117.458;N45.9847;12;
3;USA;Oregon;Wallowa;Eden;W117.557;N45.9069;12;
3;USA;Oregon;Wallowa;Enterprise;W117.279;N45.4264;12;
3;USA;Oregon;Wallowa;Evans;W117.423;N45.5017;12;
3;USA;Oregon;Wallowa;Flora;W117.31;N45.9003;12;
3;USA;Oregon;Wallowa;Fruita;W116.846;N45.2361;12;
3;USA;Oregon;Wallowa;Grouse;W117.429;N45.9917;12;
3;USA;Oregon;Wallowa;Imnaha River Woods Development;W116.802;N45.26;12;
3;USA;Oregon;Wallowa;Imnaha;W116.833;N45.5594;12;
3;USA;Oregon;Wallowa;Joseph;W117.23;N45.3544;12;
3;USA;Oregon;Wallowa;Lewis;W117.095;N45.6908;12;
3;USA;Oregon;Wallowa;Lostine;W117.43;N45.4875;12;
3;USA;Oregon;Wallowa;Maxville;W117.557;N45.7461;12;
3;USA;Oregon;Wallowa;Minam;W117.723;N45.6219;12;
3;USA;Oregon;Wallowa;Paradise;W117.222;N45.9383;12;
3;USA;Oregon;Wallowa;Promise;W117.544;N45.8417;12;
3;USA;Oregon;Wallowa;Troy;W117.452;N45.9469;12;
3;USA;Oregon;Wallowa;Wallowa;W117.528;N45.5703;12;
3;USA;Oregon;Wallowa;Zumwalt;W116.97;N45.6308;12;
3;USA;Oregon;Wasco;Antelope;W120.723;N44.9106;12;
3;USA;Oregon;Wasco;Bakeoven;W120.84;N45.0864;12;
3;USA;Oregon;Wasco;Boyd;W121.082;N45.4892;12;
3;USA;Oregon;Wasco;Celilo Village;W120.966;N45.6456;12;
3;USA;Oregon;Wasco;Chenoweth;W121.243;N45.6275;12;
3;USA;Oregon;Wasco;Cherry Heights;W121.241;N45.6028;12;
3;USA;Oregon;Wasco;Clarno;W120.473;N44.9133;12;
3;USA;Oregon;Wasco;Dant;W121.113;N45.0381;12;
3;USA;Oregon;Wasco;Dufur;W121.131;N45.4531;12;
3;USA;Oregon;Wasco;East Maupin;W121.075;N45.1719;12;
3;USA;Oregon;Wasco;Emerson;W120.98;N45.5456;12;
3;USA;Oregon;Wasco;Endersby;W121.152;N45.4922;12;
3;USA;Oregon;Wasco;Fairbanks;W121.002;N45.6239;12;
3;USA;Oregon;Wasco;Friend;W121.267;N45.3467;12;
3;USA;Oregon;Wasco;Kingsley;W121.201;N45.3411;12;
3;USA;Oregon;Wasco;Maupin;W121.081;N45.175;12;
3;USA;Oregon;Wasco;Mosier;W121.397;N45.6833;12;
3;USA;Oregon;Wasco;Nansene;W121.057;N45.4042;12;
3;USA;Oregon;Wasco;Ortley;W121.288;N45.6558;12;
3;USA;Oregon;Wasco;Petersburg;W121.078;N45.6108;12;
3;USA;Oregon;Wasco;Pine Grove;W121.364;N45.1086;12;
3;USA;Oregon;Wasco;Pine Hollow;W121.294;N45.2428;12;
3;USA;Oregon;Wasco;Rowena;W121.268;N45.6722;12;
3;USA;Oregon;Wasco;Shaniko;W120.752;N45.0036;12;
3;USA;Oregon;Wasco;Simnasho;W121.35;N44.9728;12;
3;USA;Oregon;Wasco;The Dalles;W121.179;N45.5944;12;
3;USA;Oregon;Wasco;Tygh Valley;W121.173;N45.2472;12;
3;USA;Oregon;Wasco;Wamic;W121.269;N45.2281;12;
3;USA;Oregon;Wasco;Wapinitia;W121.256;N45.1142;12;
3;USA;Oregon;Washington;Aloha;W122.867;N45.4942;12;
3;USA;Oregon;Washington;Bacona;W123.122;N45.7772;12;
3;USA;Oregon;Washington;Balm Grove;W123.218;N45.5967;12;
3;USA;Oregon;Washington;Banks;W123.114;N45.6186;12;
3;USA;Oregon;Washington;Beaverton;W122.804;N45.4869;12;
3;USA;Oregon;Washington;Bethany;W122.868;N45.5578;12;
3;USA;Oregon;Washington;Blooming;W123.051;N45.4872;12;
3;USA;Oregon;Washington;Bonita;W122.765;N45.4167;12;
3;USA;Oregon;Washington;Bradley Corner;W122.774;N45.4531;12;
3;USA;Oregon;Washington;Buckheaven;W122.999;N45.3764;12;
3;USA;Oregon;Washington;Buxton;W123.191;N45.6886;12;
3;USA;Oregon;Washington;Carnation;W123.103;N45.5075;12;
3;USA;Oregon;Washington;Cedar Hills;W122.798;N45.5047;12;
3;USA;Oregon;Washington;Cedar Mill;W122.811;N45.5247;12;
3;USA;Oregon;Washington;Chehalem;W122.889;N45.3278;12;
3;USA;Oregon;Washington;Cherry Grove;W123.243;N45.4475;12;
3;USA;Oregon;Washington;Cornelius;W123.06;N45.5197;12;
3;USA;Oregon;Washington;Dilley;W123.123;N45.4906;12;
3;USA;Oregon;Washington;Durham;W122.753;N45.4019;12;
3;USA;Oregon;Washington;Elmonica;W122.855;N45.5125;12;
3;USA;Oregon;Washington;Farmington;W122.948;N45.4489;12;
3;USA;Oregon;Washington;Forest Grove;W123.111;N45.5197;12;
3;USA;Oregon;Washington;Gales Creek;W123.215;N45.5864;12;
3;USA;Oregon;Washington;Garden Home;W122.753;N45.4658;12;
3;USA;Oregon;Washington;Gaston;W123.139;N45.4361;12;
3;USA;Oregon;Washington;Glencoe;W122.992;N45.6;12;
3;USA;Oregon;Washington;Glenwood;W123.271;N45.6492;12;
3;USA;Oregon;Washington;Hayward;W123.217;N45.6442;12;
3;USA;Oregon;Washington;Hazeldale;W122.893;N45.4664;12;
3;USA;Oregon;Washington;Helvetia;W122.917;N45.5956;12;
3;USA;Oregon;Washington;Hillsboro;W122.99;N45.5228;12;
3;USA;Oregon;Washington;Hillside;W123.192;N45.5919;12;
3;USA;Oregon;Washington;Huber;W122.851;N45.4917;12;
3;USA;Oregon;Washington;Kansas City;W123.147;N45.5958;12;
3;USA;Oregon;Washington;King City;W122.804;N45.4025;12;
3;USA;Oregon;Washington;Kinton;W122.878;N45.4231;12;
3;USA;Oregon;Washington;Laurel;W122.992;N45.4183;12;
3;USA;Oregon;Washington;Laurelwood;W123.081;N45.4228;12;
3;USA;Oregon;Washington;Manning;W123.164;N45.6647;12;
3;USA;Oregon;Washington;Marlene Village;W122.819;N45.5167;12;
3;USA;Oregon;Washington;Metzger;W122.759;N45.4464;12;
3;USA;Oregon;Washington;Middleton;W122.864;N45.3436;12;
3;USA;Oregon;Washington;Midway;W122.96;N45.4111;12;
3;USA;Oregon;Washington;Mountaindale;W123.039;N45.6247;12;
3;USA;Oregon;Washington;Mulloy;W122.79;N45.3336;12;
3;USA;Oregon;Washington;North Plains;W122.993;N45.5969;12;
3;USA;Oregon;Washington;Norwood;W122.754;N45.3592;12;
3;USA;Oregon;Washington;Oak Hills;W122.841;N45.5411;12;
3;USA;Oregon;Washington;Orenco;W122.912;N45.5275;12;
3;USA;Oregon;Washington;Patton;W123.142;N45.4469;12;
3;USA;Oregon;Washington;Progress;W122.782;N45.4569;12;
3;USA;Oregon;Washington;Raleigh Hills;W122.762;N45.4806;12;
3;USA;Oregon;Washington;Reedville;W122.902;N45.4975;12;
3;USA;Oregon;Washington;Rockcreek;W122.877;N45.55;12;
3;USA;Oregon;Washington;Scholls;W122.922;N45.4081;12;
3;USA;Oregon;Washington;Sherwood;W122.84;N45.3564;12;
3;USA;Oregon;Washington;Six Corners;W122.847;N45.3675;12;
3;USA;Oregon;Washington;Somerset West;W122.868;N45.5469;12;
3;USA;Oregon;Washington;Tanasbourne;W122.865;N45.5386;12;
3;USA;Oregon;Washington;Tigard;W122.771;N45.4311;12;
3;USA;Oregon;Washington;Timber;W123.294;N45.7197;12;
3;USA;Oregon;Washington;Tobias;W122.881;N45.4953;12;
3;USA;Oregon;Washington;Tualatin;W122.764;N45.3839;12;
3;USA;Oregon;Washington;Verboort;W123.087;N45.5494;12;
3;USA;Oregon;Washington;Watts;W123.168;N45.5414;12;
3;USA;Oregon;Washington;West Haven;W122.769;N45.5175;12;
3;USA;Oregon;Washington;West Slope;W122.764;N45.4986;12;
3;USA;Oregon;Washington;West Union;W122.894;N45.5664;12;
3;USA;Oregon;Washington;Whitford;W122.773;N45.4719;12;
3;USA;Oregon;Washington;Wilkesboro;W123.096;N45.6086;12;
3;USA;Oregon;Washington;Witch Hazel;W122.931;N45.5003;12;
3;USA;Oregon;Wheeler;Fossil;W120.216;N44.9981;12;
3;USA;Oregon;Wheeler;Mitchell;W120.153;N44.5664;12;
3;USA;Oregon;Wheeler;Richmond;W119.992;N44.7308;12;
3;USA;Oregon;Wheeler;Service Creek;W120.008;N44.7975;12;
3;USA;Oregon;Wheeler;Spoos Mill;W119.976;N44.5181;12;
3;USA;Oregon;Wheeler;Spray;W119.794;N44.8344;12;
3;USA;Oregon;Yamhill;Amity;W123.207;N45.1156;12;
3;USA;Oregon;Yamhill;Bellevue;W123.316;N45.1153;12;
3;USA;Oregon;Yamhill;Carlton;W123.176;N45.2942;12;
3;USA;Oregon;Yamhill;Cove Orchard;W123.155;N45.375;12;
3;USA;Oregon;Yamhill;Dayton;W123.076;N45.2206;12;
3;USA;Oregon;Yamhill;Dundee;W123.011;N45.2781;12;
3;USA;Oregon;Yamhill;Eola Crest;W123.141;N45.0986;12;
3;USA;Oregon;Yamhill;Eola Village;W123.149;N45.1594;12;
3;USA;Oregon;Yamhill;Grand Ronde Agency;W123.612;N45.0797;12;
3;USA;Oregon;Yamhill;Hopewell;W123.092;N45.0969;12;
3;USA;Oregon;Yamhill;Lafayette;W123.115;N45.2442;12;
3;USA;Oregon;Yamhill;Lunnville;W123.175;N45.3503;12;
3;USA;Oregon;Yamhill;McMinnville;W123.199;N45.21;12;
3;USA;Oregon;Yamhill;Midway;W123.662;N45.0858;12;
3;USA;Oregon;Yamhill;Newberg;W122.973;N45.3;12;
3;USA;Oregon;Yamhill;Saint Joseph;W123.145;N45.2381;12;
3;USA;Oregon;Yamhill;Sheridan;W123.395;N45.0992;12;
3;USA;Oregon;Yamhill;Springbrook;W122.946;N45.3175;12;
3;USA;Oregon;Yamhill;Sunnycrest;W123.018;N45.3017;12;
3;USA;Oregon;Yamhill;Unionvale;W123.061;N45.1431;12;
3;USA;Oregon;Yamhill;Wheatland;W123.05;N45.0925;12;
3;USA;Oregon;Yamhill;Whiteson;W123.197;N45.1514;12;
3;USA;Oregon;Yamhill;Willamina;W123.486;N45.0786;12;
3;USA;Oregon;Yamhill;Yamhill;W123.187;N45.3414;12;
3;USA;Washington;Walla Walla;Calhounville;W118.435;N46.0008;12;
