2;USA;South Dakota;Aurora;;W98.5586;N43.7194;9;
2;USA;South Dakota;Beadle;;W98.2808;N44.3861;9;
2;USA;South Dakota;Bennett;;W101.684;N43.1833;9;
2;USA;South Dakota;Bon Homme;;W97.8669;N42.975;9;
2;USA;South Dakota;Brookings;;W96.8169;N44.3083;9;
2;USA;South Dakota;Brown;;W98.3086;N45.5528;9;
2;USA;South Dakota;Brule;;W99.0517;N43.7194;9;
2;USA;South Dakota;Buffalo;;W99.1753;N44.0528;9;
2;USA;South Dakota;Butte;;W103.551;N44.8833;9;
2;USA;South Dakota;Campbell;;W100.05;N45.8;9;
2;USA;South Dakota;Charles Mix;;W98.5031;N43.1917;9;
2;USA;South Dakota;Clark;;W97.7503;N44.8306;9;
2;USA;South Dakota;Clay;;W96.9586;N42.9167;9;
2;USA;South Dakota;Codington;;W97.1864;N44.9583;9;
2;USA;South Dakota;Corson;;W101.125;N45.75;9;
2;USA;South Dakota;Custer;;W103.484;N43.675;9;
2;USA;South Dakota;Davison;;W98.1753;N43.6667;9;
2;USA;South Dakota;Day;;W97.5836;N45.3167;9;
2;USA;South Dakota;Deuel;;W96.6475;N44.7583;9;
2;USA;South Dakota;Dewey;;W100.876;N45.1417;9;
2;USA;South Dakota;Douglas;;W98.3753;N43.3917;9;
2;USA;South Dakota;Edmunds;;W99.2003;N45.4;9;
2;USA;South Dakota;Fall River;;W103.551;N43.2667;9;
2;USA;South Dakota;Faulk;;W99.1503;N45.0667;9;
2;USA;South Dakota;Grant;;W96.7503;N45.1917;9;
2;USA;South Dakota;Gregory;;W99.2086;N43.1583;9;
2;USA;South Dakota;Haakon;;W101.584;N44.2806;9;
2;USA;South Dakota;Hamlin;;W97.1753;N44.6667;9;
2;USA;South Dakota;Hand;;W99.0003;N44.5417;9;
2;USA;South Dakota;Hanson;;W97.7836;N43.6667;9;
2;USA;South Dakota;Harding;;W103.501;N45.5833;9;
2;USA;South Dakota;Hughes;;W99.9836;N44.4167;9;
2;USA;South Dakota;Hutchinson;;W97.7697;N43.3167;9;
2;USA;South Dakota;Hyde;;W99.4614;N44.55;9;
2;USA;South Dakota;Jackson;;W101.676;N43.6861;9;
2;USA;South Dakota;Jerauld;;W98.6253;N44.0694;9;
2;USA;South Dakota;Jones;;W100.678;N43.9583;9;
2;USA;South Dakota;Kingsbury;;W97.4836;N44.3667;9;
2;USA;South Dakota;Lake;;W97.1253;N44.0361;9;
2;USA;South Dakota;Lawrence;;W103.817;N44.3667;9;
2;USA;South Dakota;Lincoln;;W96.7497;N43.2931;9;
2;USA;South Dakota;Lyman;;W99.8753;N43.9333;9;
2;USA;South Dakota;Marshall;;W97.5947;N45.7694;9;
2;USA;South Dakota;McCook;;W97.2669;N43.6833;9;
2;USA;South Dakota;McPherson;;W99.2447;N45.775;9;
2;USA;South Dakota;Meade;;W102.626;N44.5006;9;
2;USA;South Dakota;Mellette;;W100.751;N43.5583;9;
2;USA;South Dakota;Miner;;W97.6247;N44.0444;9;
2;USA;South Dakota;Minnehaha;;W96.7586;N43.6667;9;
2;USA;South Dakota;Moody;;W96.6586;N44.0417;9;
2;USA;South Dakota;Pennington;;W102.767;N43.9833;9;
2;USA;South Dakota;Perkins;;W102.459;N45.5167;9;
2;USA;South Dakota;Potter;;W99.9503;N45.05;9;
2;USA;South Dakota;Roberts;;W96.9836;N45.5167;9;
2;USA;South Dakota;Sanborn;;W97.0836;N44.0333;9;
2;USA;South Dakota;Shannon;;W102.551;N43.3528;9;
2;USA;South Dakota;Spink;;W98.3169;N44.9361;9;
2;USA;South Dakota;Stanley;;W100.801;N44.4417;9;
2;USA;South Dakota;Sully;;W100.167;N44.6861;9;
2;USA;South Dakota;Todd;;W100.75;N43.1833;9;
2;USA;South Dakota;Tripp;;W99.8758;N43.35;9;
2;USA;South Dakota;Turner;;W97.1258;N43.3083;9;
2;USA;South Dakota;Union;;W96.6947;N42.8167;9;
2;USA;South Dakota;Walworth;;W99.8836;N45.5167;9;
2;USA;South Dakota;Yankton;;W97.3836;N43.05;9;
2;USA;South Dakota;Ziebach;;W101.634;N44.8833;9;
3;USA;South Dakota;Aurora;Aurora Center;W98.5897;N43.5269;12;
3;USA;South Dakota;Aurora;Plankinton;W98.485;N43.7156;12;
3;USA;South Dakota;Aurora;Stickney;W98.4372;N43.5892;12;
3;USA;South Dakota;Aurora;Storla;W98.3514;N43.8636;12;
3;USA;South Dakota;Aurora;White Lake;W98.7136;N43.7303;12;
3;USA;South Dakota;Beadle;Bonilla;W98.4992;N44.5828;12;
3;USA;South Dakota;Beadle;Broadland;W98.3492;N44.4925;12;
3;USA;South Dakota;Beadle;Cavour;W98.0378;N44.37;12;
3;USA;South Dakota;Beadle;Hitchcock;W98.4094;N44.6297;12;
3;USA;South Dakota;Beadle;Huron Colony;W98.2067;N44.5644;12;
3;USA;South Dakota;Beadle;Huron;W98.2142;N44.3633;12;
3;USA;South Dakota;Beadle;James Valley Junction;W98.2956;N44.3806;12;
3;USA;South Dakota;Beadle;Morningside;W98.1883;N44.3658;12;
3;USA;South Dakota;Beadle;Pearl Creek Colony;W97.9136;N44.3286;12;
3;USA;South Dakota;Beadle;Prairie Villa Mobile Court;W98.2531;N44.3292;12;
3;USA;South Dakota;Beadle;Riverside Colony;W98.1392;N44.4864;12;
3;USA;South Dakota;Beadle;Sheffield;W98.0739;N44.4131;12;
3;USA;South Dakota;Beadle;Virgil;W98.4242;N44.2908;12;
3;USA;South Dakota;Beadle;Wessington;W98.6969;N44.4542;12;
3;USA;South Dakota;Beadle;Wolsey;W98.4747;N44.4078;12;
3;USA;South Dakota;Beadle;Yale;W97.99;N44.4339;12;
3;USA;South Dakota;Bennett;Allen;W101.924;N43.2808;12;
3;USA;South Dakota;Bennett;Bad Wound;W101.76;N43.3003;12;
3;USA;South Dakota;Bennett;Black Eyes;W101.697;N43.2617;12;
3;USA;South Dakota;Bennett;Blackpipe;W101.275;N43.3439;12;
3;USA;South Dakota;Bennett;Harrington;W101.255;N43.1711;12;
3;USA;South Dakota;Bennett;Martin;W101.733;N43.1725;12;
3;USA;South Dakota;Bennett;Patricia;W101.512;N43.2872;12;
3;USA;South Dakota;Bennett;Plenty Bears;W101.842;N43.2731;12;
3;USA;South Dakota;Bennett;Swett;W101.952;N43.1719;12;
3;USA;South Dakota;Bennett;Tuthill;W101.494;N43.1558;12;
3;USA;South Dakota;Bennett;Vetal;W101.377;N43.2144;12;
3;USA;South Dakota;Bon Homme;Avon;W98.0597;N43.005;12;
3;USA;South Dakota;Bon Homme;Bon Homme Colony;W97.7069;N42.8642;12;
3;USA;South Dakota;Bon Homme;Kingsburg;W97.9311;N42.9144;12;
3;USA;South Dakota;Bon Homme;Perkins;W98.0103;N42.8656;12;
3;USA;South Dakota;Bon Homme;Scotland;W97.7175;N43.1497;12;
3;USA;South Dakota;Bon Homme;Springfield;W97.8972;N42.8542;12;
3;USA;South Dakota;Bon Homme;Tabor;W97.6589;N42.9486;12;
3;USA;South Dakota;Bon Homme;Tyndall;W97.8628;N42.9933;12;
3;USA;South Dakota;Brookings;Ahnberg;W97.0569;N44.3042;12;
3;USA;South Dakota;Brookings;Arlington Beach;W97.0978;N44.5339;12;
3;USA;South Dakota;Brookings;Aurora;W96.6856;N44.2842;12;
3;USA;South Dakota;Brookings;Brookings;W96.7983;N44.3114;12;
3;USA;South Dakota;Brookings;Bruce;W96.89;N44.4381;12;
3;USA;South Dakota;Brookings;Bushnell;W96.6425;N44.3286;12;
3;USA;South Dakota;Brookings;Elkton;W96.4811;N44.2361;12;
3;USA;South Dakota;Brookings;Hillside Colony;W96.5206;N44.2922;12;
3;USA;South Dakota;Brookings;Medary;W96.7867;N44.2097;12;
3;USA;South Dakota;Brookings;North Grove Addition;W96.7883;N44.4314;12;
3;USA;South Dakota;Brookings;Sheldon Trailor Town;W96.8161;N44.2689;12;
3;USA;South Dakota;Brookings;Sinai;W97.0408;N44.2444;12;
3;USA;South Dakota;Brookings;Sundahl Trailer Court;W96.7775;N44.3414;12;
3;USA;South Dakota;Brookings;Sunnyview;W96.7853;N44.3447;12;
3;USA;South Dakota;Brookings;Volga;W96.9264;N44.3236;12;
3;USA;South Dakota;Brookings;White;W96.6497;N44.4347;12;
3;USA;South Dakota;Brown;Aberdeen;W98.4864;N45.4647;12;
3;USA;South Dakota;Brown;Barnard;W98.4964;N45.7325;12;
3;USA;South Dakota;Brown;Bath Corner;W98.3294;N45.4592;12;
3;USA;South Dakota;Brown;Bath;W98.3236;N45.4683;12;
3;USA;South Dakota;Brown;Bieglers First Addition;W98.6136;N45.5503;12;
3;USA;South Dakota;Brown;Claremont;W98.0156;N45.6719;12;
3;USA;South Dakota;Brown;Columbia;W98.3125;N45.6131;12;
3;USA;South Dakota;Brown;Country Village Mobile Park;W98.5253;N45.5106;12;
3;USA;South Dakota;Brown;Deevaan Villa Development;W98.4575;N45.505;12;
3;USA;South Dakota;Brown;Derian Subdivision;W98.5242;N45.4383;12;
3;USA;South Dakota;Brown;Ferney;W98.0978;N45.3306;12;
3;USA;South Dakota;Brown;Fisher Estates;W98.5144;N45.5194;12;
3;USA;South Dakota;Brown;Frederick;W98.5061;N45.8325;12;
3;USA;South Dakota;Brown;Gederos Estates;W98.5131;N45.5133;12;
3;USA;South Dakota;Brown;Groton;W98.0986;N45.4475;12;
3;USA;South Dakota;Brown;Harlin Addition;W98.5169;N45.4822;12;
3;USA;South Dakota;Brown;Hecla;W98.1519;N45.8831;12;
3;USA;South Dakota;Brown;Houghton;W98.2103;N45.7631;12;
3;USA;South Dakota;Brown;Huffton;W98.0931;N45.6164;12;
3;USA;South Dakota;Brown;James;W98.2125;N45.4661;12;
3;USA;South Dakota;Brown;Jobee Acres;W98.3942;N45.4461;12;
3;USA;South Dakota;Brown;Melrose Addition;W98.4628;N45.4533;12;
3;USA;South Dakota;Brown;Nahon;W98.4064;N45.3856;12;
3;USA;South Dakota;Brown;Ordway;W98.4119;N45.5786;12;
3;USA;South Dakota;Brown;Plana;W98.3092;N45.5192;12;
3;USA;South Dakota;Brown;Pleasant Vally Development;W98.5797;N45.5189;12;
3;USA;South Dakota;Brown;Prairie Wood Village Addition;W98.4267;N45.5111;12;
3;USA;South Dakota;Brown;Putney;W98.1753;N45.5603;12;
3;USA;South Dakota;Brown;Randolph;W98.2097;N45.2428;12;
3;USA;South Dakota;Brown;Richfield Heights;W98.5386;N45.5119;12;
3;USA;South Dakota;Brown;Richmond Heights;W98.5728;N45.5053;12;
3;USA;South Dakota;Brown;Richmond Lake Heights Development;W98.5794;N45.5389;12;
3;USA;South Dakota;Brown;Richmond;W98.6189;N45.5228;12;
3;USA;South Dakota;Brown;Rudolph;W98.5361;N45.3481;12;
3;USA;South Dakota;Brown;Stratford;W98.3047;N45.3164;12;
3;USA;South Dakota;Brown;Tacoma Park;W98.2469;N45.5431;12;
3;USA;South Dakota;Brown;Verdon;W98.0975;N45.2439;12;
3;USA;South Dakota;Brown;Warner;W98.4953;N45.3258;12;
3;USA;South Dakota;Brown;Westport;W98.4969;N45.6489;12;
3;USA;South Dakota;Brown;Winship;W98.5186;N45.9228;12;
3;USA;South Dakota;Brule;Bijou Hills;W99.1497;N43.5181;12;
3;USA;South Dakota;Brule;Cedar Grove Colony;W98.8078;N43.5303;12;
3;USA;South Dakota;Brule;Chamberlain;W99.3306;N43.8108;12;
3;USA;South Dakota;Brule;Eagle;W99.0908;N43.5719;12;
3;USA;South Dakota;Brule;Grandview;W99.2969;N43.6439;12;
3;USA;South Dakota;Brule;Grosse;W99.2864;N43.9272;12;
3;USA;South Dakota;Brule;Kimball;W98.9583;N43.7467;12;
3;USA;South Dakota;Brule;Lyonville;W98.9706;N43.8778;12;
3;USA;South Dakota;Brule;Ola;W99.2106;N43.6008;12;
3;USA;South Dakota;Brule;Pukwana;W99.1814;N43.7781;12;
3;USA;South Dakota;Buffalo;Crow Creek;W99.2231;N43.9556;12;
3;USA;South Dakota;Buffalo;Fort Thompson;W99.4378;N44.0686;12;
3;USA;South Dakota;Buffalo;Gannvalley;W98.9878;N44.0333;12;
3;USA;South Dakota;Buffalo;Lees Corner;W99.3253;N44.0775;12;
3;USA;South Dakota;Buffalo;Shelby;W99.1872;N43.9481;12;
3;USA;South Dakota;Butte;Arpan;W103.649;N44.7883;12;
3;USA;South Dakota;Butte;Belle Fourche;W103.852;N44.6714;12;
3;USA;South Dakota;Butte;Castle Rock;W103.424;N44.9644;12;
3;USA;South Dakota;Butte;Empire;W103.321;N44.6175;12;
3;USA;South Dakota;Butte;Fruitdale;W103.697;N44.6683;12;
3;USA;South Dakota;Butte;Hoover;W103.267;N45.1125;12;
3;USA;South Dakota;Butte;Jolly Dump;W103.868;N44.5936;12;
3;USA;South Dakota;Butte;Newell;W103.421;N44.7147;12;
3;USA;South Dakota;Butte;Nisland;W103.554;N44.6731;12;
3;USA;South Dakota;Butte;Vale;W103.402;N44.6203;12;
3;USA;South Dakota;Campbell;Artas;W99.8064;N45.8881;12;
3;USA;South Dakota;Campbell;Herreid;W100.069;N45.8347;12;
3;USA;South Dakota;Campbell;Mound City;W100.068;N45.7253;12;
3;USA;South Dakota;Campbell;Pollock;W100.288;N45.9014;12;
3;USA;South Dakota;Charles Mix;Academy;W99.0797;N43.4564;12;
3;USA;South Dakota;Charles Mix;Bovee;W98.7689;N43.3233;12;
3;USA;South Dakota;Charles Mix;Dante;W98.1842;N43.0386;12;
3;USA;South Dakota;Charles Mix;Dezera;W98.5017;N43.1653;12;
3;USA;South Dakota;Charles Mix;Geddes;W98.6953;N43.2536;12;
3;USA;South Dakota;Charles Mix;Greenwood;W98.3883;N42.9231;12;
3;USA;South Dakota;Charles Mix;Lake Andes;W98.5414;N43.1564;12;
3;USA;South Dakota;Charles Mix;Marty;W98.425;N42.9925;12;
3;USA;South Dakota;Charles Mix;Pickstown;W98.5319;N43.0672;12;
3;USA;South Dakota;Charles Mix;Platte Colony;W99.1258;N43.4697;12;
3;USA;South Dakota;Charles Mix;Platte;W98.8444;N43.3869;12;
3;USA;South Dakota;Charles Mix;Ravinia;W98.4267;N43.1367;12;
3;USA;South Dakota;Charles Mix;Wagner;W98.2931;N43.0797;12;
3;USA;South Dakota;Clark;Bradley;W97.6436;N45.0906;12;
3;USA;South Dakota;Clark;Carpenter;W97.9167;N44.6375;12;
3;USA;South Dakota;Clark;Clark;W97.7331;N44.8778;12;
3;USA;South Dakota;Clark;Crocker;W97.7847;N45.1053;12;
3;USA;South Dakota;Clark;Elrod;W97.5736;N44.8864;12;
3;USA;South Dakota;Clark;Garden City;W97.5814;N44.9583;12;
3;USA;South Dakota;Clark;Huron Colony;W97.9092;N44.7686;12;
3;USA;South Dakota;Clark;Melham;W97.6864;N44.5575;12;
3;USA;South Dakota;Clark;Naples;W97.5117;N44.7717;12;
3;USA;South Dakota;Clark;Raymond;W97.9389;N44.9125;12;
3;USA;South Dakota;Clark;Vienna;W97.5014;N44.7031;12;
3;USA;South Dakota;Clark;Willow Lake;W97.6369;N44.6275;12;
3;USA;South Dakota;Clay;Bloomingdale;W96.9567;N42.9244;12;
3;USA;South Dakota;Clay;Burbank;W96.8292;N42.7453;12;
3;USA;South Dakota;Clay;Clay Point;W96.9031;N42.9097;12;
3;USA;South Dakota;Clay;Colfax Corner;W97.0222;N43.0111;12;
3;USA;South Dakota;Clay;Dalesburg;W96.9042;N42.9769;12;
3;USA;South Dakota;Clay;Greenfield;W96.8456;N42.8806;12;
3;USA;South Dakota;Clay;Hub City;W96.9044;N42.9536;12;
3;USA;South Dakota;Clay;Irene;W97.1606;N43.0831;12;
3;USA;South Dakota;Clay;Lodi;W96.9839;N42.9825;12;
3;USA;South Dakota;Clay;Meckling;W97.0694;N42.8425;12;
3;USA;South Dakota;Clay;Vermillion;W96.9292;N42.7794;12;
3;USA;South Dakota;Clay;Wakonda;W97.1067;N43.0083;12;
3;USA;South Dakota;Clay;Westreville;W97.0233;N42.9242;12;
3;USA;South Dakota;Codington;Appleby;W97.0506;N44.8169;12;
3;USA;South Dakota;Codington;Florence;W97.3297;N45.0547;12;
3;USA;South Dakota;Codington;Foley;W97.1475;N44.8394;12;
3;USA;South Dakota;Codington;Green Trees Subdivision;W97.1558;N44.9472;12;
3;USA;South Dakota;Codington;Grover;W97.2686;N44.8139;12;
3;USA;South Dakota;Codington;Henry;W97.4664;N44.8772;12;
3;USA;South Dakota;Codington;Kampeska;W97.2686;N44.88;12;
3;USA;South Dakota;Codington;Kranzburg;W96.9189;N44.8925;12;
3;USA;South Dakota;Codington;North Shore;W97.2067;N44.9486;12;
3;USA;South Dakota;Codington;Rauville;W97.1058;N44.9797;12;
3;USA;South Dakota;Codington;South Shore;W96.9286;N45.1058;12;
3;USA;South Dakota;Codington;Wallace;W97.4758;N45.0861;12;
3;USA;South Dakota;Codington;Watertown;W97.115;N44.8994;12;
3;USA;South Dakota;Codington;Waverly;W96.9717;N44.9986;12;
3;USA;South Dakota;Codington;Williams Subdivision;W97.1656;N44.9583;12;
3;USA;South Dakota;Corson;Athboy;W101.923;N45.5742;12;
3;USA;South Dakota;Corson;Black Horse;W101.381;N45.7158;12;
3;USA;South Dakota;Corson;Bullhead;W101.081;N45.7656;12;
3;USA;South Dakota;Corson;Keldron;W101.809;N45.9319;12;
3;USA;South Dakota;Corson;Kenel;W100.46;N45.8583;12;
3;USA;South Dakota;Corson;Little Eagle;W100.804;N45.6758;12;
3;USA;South Dakota;Corson;Mahto;W100.676;N45.7586;12;
3;USA;South Dakota;Corson;Maple Leaf;W100.891;N45.9247;12;
3;USA;South Dakota;Corson;McIntosh;W101.349;N45.9214;12;
3;USA;South Dakota;Corson;McLaughlin;W100.81;N45.8144;12;
3;USA;South Dakota;Corson;Miscol;W101.162;N45.6769;12;
3;USA;South Dakota;Corson;Morristown;W101.723;N45.9386;12;
3;USA;South Dakota;Corson;Snake Creek;W100.586;N45.5847;12;
3;USA;South Dakota;Corson;Thunder Hawk;W101.975;N45.9383;12;
3;USA;South Dakota;Corson;Wakpala;W100.535;N45.6572;12;
3;USA;South Dakota;Corson;Walker;W101.09;N45.9103;12;
3;USA;South Dakota;Corson;Watauga;W101.543;N45.9228;12;
3;USA;South Dakota;Custer;Argyle;W103.648;N43.535;12;
3;USA;South Dakota;Custer;Berne;W103.639;N43.8175;12;
3;USA;South Dakota;Custer;Blue Bell;W103.483;N43.7167;12;
3;USA;South Dakota;Custer;Buffalo Gap;W103.313;N43.4917;12;
3;USA;South Dakota;Custer;Custer;W103.599;N43.7667;12;
3;USA;South Dakota;Custer;Dewey;W104.041;N43.5308;12;
3;USA;South Dakota;Custer;Fairburn;W103.212;N43.6861;12;
3;USA;South Dakota;Custer;Folsom;W102.87;N43.8253;12;
3;USA;South Dakota;Custer;Fourmile;W103.676;N43.7328;12;
3;USA;South Dakota;Custer;Hermosa;W103.191;N43.8397;12;
3;USA;South Dakota;Custer;Junction Ranger Station;W103.695;N43.8461;12;
3;USA;South Dakota;Custer;Nihart;W103.591;N43.6564;12;
3;USA;South Dakota;Custer;Pringle;W103.594;N43.6086;12;
3;USA;South Dakota;Custer;Sanator;W103.606;N43.6967;12;
3;USA;South Dakota;Custer;Spokane;W103.38;N43.8414;12;
3;USA;South Dakota;Custer;State Game Lodge;W103.384;N43.7711;12;
3;USA;South Dakota;Custer;Sylvan Lake Resort;W103.564;N43.8461;12;
3;USA;South Dakota;Custer;Vestal Springs;W103.686;N43.8286;12;
3;USA;South Dakota;Davison;Betts;W98.1461;N43.7064;12;
3;USA;South Dakota;Davison;Ethan;W97.9881;N43.5478;12;
3;USA;South Dakota;Davison;Kargas Subdivision;W98.0294;N43.6931;12;
3;USA;South Dakota;Davison;Loomis;W98.1044;N43.7939;12;
3;USA;South Dakota;Davison;Metzgerville;W98.2625;N43.5419;12;
3;USA;South Dakota;Davison;Mitchell;W98.0297;N43.7094;12;
3;USA;South Dakota;Davison;Mount Vernon;W98.2603;N43.7106;12;
3;USA;South Dakota;Davison;River Bluff Addition;W98.0656;N43.7333;12;
3;USA;South Dakota;Davison;Sand Hill Subdivision;W98.0461;N43.7028;12;
3;USA;South Dakota;Day;Andover;W97.9025;N45.4103;12;
3;USA;South Dakota;Day;Bristol;W97.7483;N45.3447;12;
3;USA;South Dakota;Day;Butler;W97.7122;N45.2589;12;
3;USA;South Dakota;Day;Crandall;W97.9556;N45.1553;12;
3;USA;South Dakota;Day;Grenville;W97.3936;N45.4669;12;
3;USA;South Dakota;Day;Holmquist;W97.6531;N45.3394;12;
3;USA;South Dakota;Day;Lily;W97.6833;N45.1814;12;
3;USA;South Dakota;Day;Pierpont;W97.8311;N45.4956;12;
3;USA;South Dakota;Day;Roslyn;W97.4908;N45.4953;12;
3;USA;South Dakota;Day;Waubay;W97.305;N45.3319;12;
3;USA;South Dakota;Day;Webster;W97.52;N45.3322;12;
3;USA;South Dakota;Deuel;Altamont;W96.6894;N44.8397;12;
3;USA;South Dakota;Deuel;Astoria;W96.5472;N44.5583;12;
3;USA;South Dakota;Deuel;Bemis;W96.8483;N44.835;12;
3;USA;South Dakota;Deuel;Brandt;W96.6242;N44.6636;12;
3;USA;South Dakota;Deuel;Clear Lake;W96.6825;N44.7458;12;
3;USA;South Dakota;Deuel;Gary;W96.4558;N44.7925;12;
3;USA;South Dakota;Deuel;Goodwin;W96.8486;N44.8792;12;
3;USA;South Dakota;Deuel;Johnsonville;W96.7856;N44.5444;12;
3;USA;South Dakota;Deuel;Moritz;W96.5611;N44.8339;12;
3;USA;South Dakota;Deuel;Toronto;W96.6425;N44.5731;12;
3;USA;South Dakota;Deuel;Tunerville;W96.6811;N44.8903;12;
3;USA;South Dakota;Dewey;Bear Creek;W101.446;N45.0622;12;
3;USA;South Dakota;Dewey;Eagle Butte;W101.234;N45.0025;12;
3;USA;South Dakota;Dewey;Firesteel;W101.285;N45.4247;12;
3;USA;South Dakota;Dewey;Glencross;W100.921;N45.4483;12;
3;USA;South Dakota;Dewey;Green Grass;W101.246;N45.1711;12;
3;USA;South Dakota;Dewey;Isabel;W101.43;N45.3942;12;
3;USA;South Dakota;Dewey;La Plant;W100.652;N45.1447;12;
3;USA;South Dakota;Dewey;Lantry;W101.432;N45.0144;12;
3;USA;South Dakota;Dewey;Marksville;W100.377;N45.0694;12;
3;USA;South Dakota;Dewey;Moreau;W100.398;N45.3558;12;
3;USA;South Dakota;Dewey;North Eagle Butte;W101.234;N45.0042;12;
3;USA;South Dakota;Dewey;Parade;W101.105;N45.0239;12;
3;USA;South Dakota;Dewey;Promise;W100.604;N45.3328;12;
3;USA;South Dakota;Dewey;Ridgeview;W100.801;N45.085;12;
3;USA;South Dakota;Dewey;Thatcher;W100.928;N45.0219;12;
3;USA;South Dakota;Dewey;Timber Lake;W101.074;N45.4292;12;
3;USA;South Dakota;Dewey;Trail City;W100.726;N45.4725;12;
3;USA;South Dakota;Dewey;Virginia;W100.568;N45.2425;12;
3;USA;South Dakota;Dewey;Whitehorse;W100.887;N45.2706;12;
3;USA;South Dakota;Dewey;Yellowhorse Ford;W100.797;N45.2803;12;
3;USA;South Dakota;Douglas;Armour;W98.3467;N43.3186;12;
3;USA;South Dakota;Douglas;Corsica;W98.4072;N43.4253;12;
3;USA;South Dakota;Douglas;Delmont;W98.1622;N43.2675;12;
3;USA;South Dakota;Douglas;Greenwood Colony;W98.1511;N43.2133;12;
3;USA;South Dakota;Douglas;Harrison;W98.5272;N43.4297;12;
3;USA;South Dakota;Douglas;Hillside;W98.2122;N43.4689;12;
3;USA;South Dakota;Douglas;Joubert;W98.6667;N43.4275;12;
3;USA;South Dakota;Douglas;New Holland;W98.6092;N43.4272;12;
3;USA;South Dakota;Edmunds;Beebe;W99.1953;N45.4481;12;
3;USA;South Dakota;Edmunds;Bowdle;W99.6539;N45.4531;12;
3;USA;South Dakota;Edmunds;Craven Corner;W98.9258;N45.4478;12;
3;USA;South Dakota;Edmunds;Craven;W98.925;N45.4422;12;
3;USA;South Dakota;Edmunds;Gretna;W99.5147;N45.4506;12;
3;USA;South Dakota;Edmunds;Hosmer;W99.4747;N45.5789;12;
3;USA;South Dakota;Edmunds;Ipswich;W99.0292;N45.4444;12;
3;USA;South Dakota;Edmunds;Loyalton;W99.2794;N45.2864;12;
3;USA;South Dakota;Edmunds;Mina;W98.7586;N45.4333;12;
3;USA;South Dakota;Edmunds;Plainview Colony;W99.0064;N45.5817;12;
3;USA;South Dakota;Edmunds;Powell;W99.0308;N45.2886;12;
3;USA;South Dakota;Edmunds;Roscoe;W99.3386;N45.4486;12;
3;USA;South Dakota;Fall River;Ardmore;W103.656;N43.0194;12;
3;USA;South Dakota;Fall River;Burdock;W103.993;N43.4531;12;
3;USA;South Dakota;Fall River;Cascade Springs;W103.551;N43.3333;12;
3;USA;South Dakota;Fall River;Dennis;W103.867;N43.2614;12;
3;USA;South Dakota;Fall River;Dudley;W103.818;N43.3114;12;
3;USA;South Dakota;Fall River;Edgemont;W103.826;N43.3011;12;
3;USA;South Dakota;Fall River;Erskine;W103.565;N43.4331;12;
3;USA;South Dakota;Fall River;Heppner;W103.55;N43.2469;12;
3;USA;South Dakota;Fall River;Hot Springs;W103.474;N43.4317;12;
3;USA;South Dakota;Fall River;Igloo;W103.857;N43.2025;12;
3;USA;South Dakota;Fall River;Marietta;W103.919;N43.3919;12;
3;USA;South Dakota;Fall River;Minnekahta;W103.688;N43.4306;12;
3;USA;South Dakota;Fall River;Oelrichs;W103.231;N43.1789;12;
3;USA;South Dakota;Fall River;Oral;W103.269;N43.405;12;
3;USA;South Dakota;Fall River;Provo;W103.825;N43.1911;12;
3;USA;South Dakota;Fall River;Rocky Ford;W103.598;N43.2864;12;
3;USA;South Dakota;Fall River;Rumford;W103.698;N43.1267;12;
3;USA;South Dakota;Fall River;Smithwick;W103.218;N43.3014;12;
3;USA;South Dakota;Faulk;Burkmere;W99.3117;N45.0486;12;
3;USA;South Dakota;Faulk;Chelsea;W98.7394;N45.1686;12;
3;USA;South Dakota;Faulk;Cresbard;W98.9483;N45.17;12;
3;USA;South Dakota;Faulk;Devoe;W98.8786;N45.0917;12;
3;USA;South Dakota;Faulk;Faulkton;W99.1239;N45.035;12;
3;USA;South Dakota;Faulk;Millard;W99.1947;N45.1494;12;
3;USA;South Dakota;Faulk;Miranda;W98.9642;N44.9719;12;
3;USA;South Dakota;Faulk;Norbeck;W99.2125;N45.1842;12;
3;USA;South Dakota;Faulk;Onaka;W99.4661;N45.1928;12;
3;USA;South Dakota;Faulk;Orient;W99.0892;N44.9003;12;
3;USA;South Dakota;Faulk;Rockham;W98.8247;N44.9039;12;
3;USA;South Dakota;Faulk;Seneca;W99.5119;N45.0617;12;
3;USA;South Dakota;Faulk;Wecota;W99.1175;N45.1725;12;
3;USA;South Dakota;Faulk;Zell;W98.7283;N44.8969;12;
3;USA;South Dakota;Grant;Albee;W96.5533;N45.0522;12;
3;USA;South Dakota;Grant;Big Stone City;W96.4628;N45.2917;12;
3;USA;South Dakota;Grant;LaBolt;W96.6767;N45.0508;12;
3;USA;South Dakota;Grant;Marvin;W96.9125;N45.2614;12;
3;USA;South Dakota;Grant;Milbank Subdivision;W96.6056;N45.2228;12;
3;USA;South Dakota;Grant;Milbank;W96.6356;N45.2192;12;
3;USA;South Dakota;Grant;Revillo;W96.5711;N45.0167;12;
3;USA;South Dakota;Grant;Stockholm;W96.8019;N45.0997;12;
3;USA;South Dakota;Grant;Strandburg;W96.7606;N45.0442;12;
3;USA;South Dakota;Grant;Troy;W96.8653;N45.0375;12;
3;USA;South Dakota;Grant;Twin Brooks;W96.7794;N45.2058;12;
3;USA;South Dakota;Gregory;Bonesteel;W98.9444;N43.0764;12;
3;USA;South Dakota;Gregory;Burke;W99.2919;N43.1825;12;
3;USA;South Dakota;Gregory;Carlock;W99.4347;N43.0819;12;
3;USA;South Dakota;Gregory;Dallas;W99.5169;N43.2361;12;
3;USA;South Dakota;Gregory;Dixon;W99.4731;N43.3833;12;
3;USA;South Dakota;Gregory;Fairfax;W98.8883;N43.0275;12;
3;USA;South Dakota;Gregory;Fort Randall;W98.6242;N43.0244;12;
3;USA;South Dakota;Gregory;Gregory;W99.4303;N43.2322;12;
3;USA;South Dakota;Gregory;Herrick;W99.1878;N43.115;12;
3;USA;South Dakota;Gregory;Lucas;W99.2164;N43.2897;12;
3;USA;South Dakota;Gregory;Saint Charles;W99.0953;N43.0869;12;
3;USA;South Dakota;Haakon;Billsburg;W101.68;N44.4006;12;
3;USA;South Dakota;Haakon;Elbon;W101.689;N44.2808;12;
3;USA;South Dakota;Haakon;Elevenmile Corner;W101.668;N44.1972;12;
3;USA;South Dakota;Haakon;Grindstone;W101.968;N44.1392;12;
3;USA;South Dakota;Haakon;Hartley;W101.811;N44.4011;12;
3;USA;South Dakota;Haakon;Hilland;W101.857;N44.2828;12;
3;USA;South Dakota;Haakon;Kirley;W101.312;N44.5236;12;
3;USA;South Dakota;Haakon;Lucerne;W101.526;N44.2392;12;
3;USA;South Dakota;Haakon;Midland;W101.156;N44.0717;12;
3;USA;South Dakota;Haakon;Milesville;W101.679;N44.4581;12;
3;USA;South Dakota;Haakon;Moenville;W101.256;N44.4764;12;
3;USA;South Dakota;Haakon;Nowlin;W101.303;N44.0497;12;
3;USA;South Dakota;Haakon;Ottumwa;W101.347;N44.2336;12;
3;USA;South Dakota;Haakon;Philip;W101.665;N44.0394;12;
3;USA;South Dakota;Haakon;Powell;W101.491;N44.0442;12;
3;USA;South Dakota;Haakon;West Fork;W101.549;N44.4458;12;
3;USA;South Dakota;Hamlin;Alsville;W97.1281;N44.5867;12;
3;USA;South Dakota;Hamlin;Bryant;W97.4672;N44.5906;12;
3;USA;South Dakota;Hamlin;Castlewood;W97.03;N44.7228;12;
3;USA;South Dakota;Hamlin;Dempster;W96.9517;N44.6319;12;
3;USA;South Dakota;Hamlin;Estelline;W96.9022;N44.5747;12;
3;USA;South Dakota;Hamlin;Hayti;W97.205;N44.6572;12;
3;USA;South Dakota;Hamlin;Hazel;W97.3794;N44.7597;12;
3;USA;South Dakota;Hamlin;Kones Corner;W97.1075;N44.7314;12;
3;USA;South Dakota;Hamlin;Lake Norden;W97.2092;N44.5806;12;
3;USA;South Dakota;Hamlin;Stone Bridge;W97.0597;N44.6022;12;
3;USA;South Dakota;Hamlin;Thomas;W97.2094;N44.7608;12;
3;USA;South Dakota;Hand;Ames;W99.0847;N44.2692;12;
3;USA;South Dakota;Hand;Burdette;W98.8003;N44.705;12;
3;USA;South Dakota;Hand;Danforth;W98.8833;N44.2542;12;
3;USA;South Dakota;Hand;Miller Dale Colony;W99.1128;N44.4;12;
3;USA;South Dakota;Hand;Miller;W98.9883;N44.5183;12;
3;USA;South Dakota;Hand;Polo;W99.1094;N44.7794;12;
3;USA;South Dakota;Hand;Ree Heights;W99.2;N44.5186;12;
3;USA;South Dakota;Hand;Saint Lawrence;W98.9378;N44.5178;12;
3;USA;South Dakota;Hand;Vayland;W98.7989;N44.4936;12;
3;USA;South Dakota;Hanson;Alexandria;W97.7828;N43.6536;12;
3;USA;South Dakota;Hanson;Emery;W97.6225;N43.6017;12;
3;USA;South Dakota;Hanson;Epiphany;W97.6617;N43.8492;12;
3;USA;South Dakota;Hanson;Farmer;W97.6883;N43.7239;12;
3;USA;South Dakota;Hanson;Fulton;W97.8236;N43.7247;12;
3;USA;South Dakota;Hanson;Plano;W97.9225;N43.8061;12;
3;USA;South Dakota;Hanson;Riverside;W97.9483;N43.7228;12;
3;USA;South Dakota;Hanson;Rockport Colony;W97.8389;N43.5819;12;
3;USA;South Dakota;Harding;Buffalo;W103.546;N45.5842;12;
3;USA;South Dakota;Harding;Camp Crook;W103.975;N45.5503;12;
3;USA;South Dakota;Harding;Gustave;W103.975;N45.2811;12;
3;USA;South Dakota;Harding;Harding;W103.833;N45.3983;12;
3;USA;South Dakota;Harding;Karinen;W103.675;N45.9006;12;
3;USA;South Dakota;Harding;Ladner;W103.728;N45.8272;12;
3;USA;South Dakota;Harding;Ludlow;W103.377;N45.8344;12;
3;USA;South Dakota;Harding;Ralph;W103.066;N45.7767;12;
3;USA;South Dakota;Harding;Redig;W103.548;N45.2711;12;
3;USA;South Dakota;Harding;Reva;W103.084;N45.5453;12;
3;USA;South Dakota;Hughes;Alto;W100.127;N44.33;12;
3;USA;South Dakota;Hughes;Blunt;W99.9919;N44.5122;12;
3;USA;South Dakota;Hughes;Canning;W100.032;N44.3964;12;
3;USA;South Dakota;Hughes;De Grey;W99.9178;N44.2858;12;
3;USA;South Dakota;Hughes;Gray Goose;W100.351;N44.5047;12;
3;USA;South Dakota;Hughes;Harrold;W99.7392;N44.5244;12;
3;USA;South Dakota;Hughes;Oahe;W100.531;N44.4578;12;
3;USA;South Dakota;Hughes;Pierre;W100.351;N44.3683;12;
3;USA;South Dakota;Hughes;Rousseau;W100.071;N44.3164;12;
3;USA;South Dakota;Hutchinson;Beardsley;W97.9822;N43.2983;12;
3;USA;South Dakota;Hutchinson;Clayton;W97.6578;N43.4436;12;
3;USA;South Dakota;Hutchinson;Dimock;W97.9856;N43.4742;12;
3;USA;South Dakota;Hutchinson;Freeman;W97.4372;N43.3525;12;
3;USA;South Dakota;Hutchinson;Kaylor;W97.8386;N43.1881;12;
3;USA;South Dakota;Hutchinson;Maxwell Colony;W97.6344;N43.1822;12;
3;USA;South Dakota;Hutchinson;Menno;W97.5778;N43.2397;12;
3;USA;South Dakota;Hutchinson;Milltown;W97.8017;N43.4236;12;
3;USA;South Dakota;Hutchinson;New Elm Springs Colony;W97.8289;N43.4889;12;
3;USA;South Dakota;Hutchinson;Olivet;W97.6753;N43.2408;12;
3;USA;South Dakota;Hutchinson;Parkston;W97.9836;N43.3989;12;
3;USA;South Dakota;Hutchinson;Tripp;W97.9658;N43.2256;12;
3;USA;South Dakota;Hutchinson;Tschetter Colony;W97.6861;N43.3703;12;
3;USA;South Dakota;Hutchinson;Wolf Creek;W97.6236;N43.3475;12;
3;USA;South Dakota;Hyde;Highmore;W99.4414;N44.5214;12;
3;USA;South Dakota;Hyde;Holabird;W99.5981;N44.5231;12;
3;USA;South Dakota;Hyde;Macs Corner;W99.4414;N44.2519;12;
3;USA;South Dakota;Hyde;Stephan;W99.4531;N44.2481;12;
3;USA;South Dakota;Jackson;Belvidere;W101.272;N43.8319;12;
3;USA;South Dakota;Jackson;Cactus Flat;W101.894;N43.8356;12;
3;USA;South Dakota;Jackson;Cottonwood;W101.906;N43.9669;12;
3;USA;South Dakota;Jackson;Hisle;W101.752;N43.4058;12;
3;USA;South Dakota;Jackson;Interior;W101.984;N43.7269;12;
3;USA;South Dakota;Jackson;Kadoka Junction;W101.522;N43.8358;12;
3;USA;South Dakota;Jackson;Kadoka;W101.51;N43.8339;12;
3;USA;South Dakota;Jackson;Long Valley;W101.495;N43.4617;12;
3;USA;South Dakota;Jackson;Philip Junction;W101.661;N43.9658;12;
3;USA;South Dakota;Jackson;Potato Creek;W101.99;N43.5344;12;
3;USA;South Dakota;Jackson;Sevenmile Corner;W101.661;N43.8358;12;
3;USA;South Dakota;Jackson;Stamford;W101.089;N43.895;12;
3;USA;South Dakota;Jackson;Wanblee;W101.661;N43.5694;12;
3;USA;South Dakota;Jackson;Weta;W101.717;N43.7744;12;
3;USA;South Dakota;Jerauld;Alpena;W98.3656;N44.1814;12;
3;USA;South Dakota;Jerauld;Crow Lake;W98.7389;N43.9575;12;
3;USA;South Dakota;Jerauld;Lane;W98.425;N44.0697;12;
3;USA;South Dakota;Jerauld;Spring Valley Colony;W98.8869;N44.0406;12;
3;USA;South Dakota;Jerauld;Wessington Springs;W98.5694;N44.0792;12;
3;USA;South Dakota;Jones;Capa;W100.978;N44.1089;12;
3;USA;South Dakota;Jones;Draper;W100.54;N43.9261;12;
3;USA;South Dakota;Jones;Murdo;W100.713;N43.8883;12;
3;USA;South Dakota;Jones;Okaton;W100.892;N43.8861;12;
3;USA;South Dakota;Jones;Van Metre;W100.794;N44.1594;12;
3;USA;South Dakota;Jones;Westover;W100.666;N43.7478;12;
3;USA;South Dakota;Kingsbury;Arlington;W97.1331;N44.3644;12;
3;USA;South Dakota;Kingsbury;Badger;W97.2047;N44.4853;12;
3;USA;South Dakota;Kingsbury;Bancroft;W97.75;N44.4881;12;
3;USA;South Dakota;Kingsbury;De Smet;W97.5503;N44.3875;12;
3;USA;South Dakota;Kingsbury;Erwin;W97.445;N44.4875;12;
3;USA;South Dakota;Kingsbury;Esmond;W97.7714;N44.2622;12;
3;USA;South Dakota;Kingsbury;Hetland;W97.235;N44.3781;12;
3;USA;South Dakota;Kingsbury;Iroquois;W97.8508;N44.3669;12;
3;USA;South Dakota;Kingsbury;Lake Preston;W97.3772;N44.3636;12;
3;USA;South Dakota;Kingsbury;Manchester;W97.7206;N44.3692;12;
3;USA;South Dakota;Kingsbury;Oldham;W97.3078;N44.2275;12;
3;USA;South Dakota;Kingsbury;Osceola;W97.8386;N44.4675;12;
3;USA;South Dakota;Lake;Chautauqua;W97.06;N43.9803;12;
3;USA;South Dakota;Lake;Chester;W96.9264;N43.895;12;
3;USA;South Dakota;Lake;Franklin;W97.0689;N43.8917;12;
3;USA;South Dakota;Lake;Junius;W97.2442;N44.0064;12;
3;USA;South Dakota;Lake;Madison;W97.1139;N44.0061;12;
3;USA;South Dakota;Lake;Nunda;W97.0189;N44.1622;12;
3;USA;South Dakota;Lake;Orland;W97.1892;N43.8917;12;
3;USA;South Dakota;Lake;Peninsula Park;W97.0092;N43.9458;12;
3;USA;South Dakota;Lake;Prairie Village;W97.1675;N44.0061;12;
3;USA;South Dakota;Lake;Ramona;W97.2164;N44.1194;12;
3;USA;South Dakota;Lake;Rutland;W96.9672;N44.0894;12;
3;USA;South Dakota;Lake;Smiths Park;W96.9969;N43.935;12;
3;USA;South Dakota;Lake;Wentworth;W96.9642;N43.9972;12;
3;USA;South Dakota;Lake;Winfred;W97.3622;N43.9972;12;
3;USA;South Dakota;Lawrence;Beaver Crossing;W104.004;N44.3828;12;
3;USA;South Dakota;Lawrence;Benchmark;W103.578;N44.2253;12;
3;USA;South Dakota;Lawrence;Blacktail;W103.76;N44.37;12;
3;USA;South Dakota;Lawrence;Central City;W103.772;N44.3658;12;
3;USA;South Dakota;Lawrence;Cheyenne Crossing;W103.869;N44.2961;12;
3;USA;South Dakota;Lawrence;Crook City;W103.634;N44.4414;12;
3;USA;South Dakota;Lawrence;Deadwood;W103.73;N44.3767;12;
3;USA;South Dakota;Lawrence;Dumont;W103.799;N44.2386;12;
3;USA;South Dakota;Lawrence;Elmore;W103.888;N44.3156;12;
3;USA;South Dakota;Lawrence;Englewood;W103.785;N44.2969;12;
3;USA;South Dakota;Lawrence;Galena;W103.641;N44.3336;12;
3;USA;South Dakota;Lawrence;Gayville;W103.76;N44.3708;12;
3;USA;South Dakota;Lawrence;Greenwood;W103.562;N44.2203;12;
3;USA;South Dakota;Lawrence;Hanna;W103.846;N44.2617;12;
3;USA;South Dakota;Lawrence;Kirk;W103.794;N44.3431;12;
3;USA;South Dakota;Lawrence;Lead;W103.765;N44.3522;12;
3;USA;South Dakota;Lawrence;Maitland;W103.802;N44.3975;12;
3;USA;South Dakota;Lawrence;Maurice;W103.898;N44.3978;12;
3;USA;South Dakota;Lawrence;Nahant;W103.756;N44.1767;12;
3;USA;South Dakota;Lawrence;Nemo;W103.505;N44.1942;12;
3;USA;South Dakota;Lawrence;North Spearfish;W103.892;N44.5067;12;
3;USA;South Dakota;Lawrence;Novak;W103.552;N44.2164;12;
3;USA;South Dakota;Lawrence;Pluma;W103.738;N44.3586;12;
3;USA;South Dakota;Lawrence;Preston;W103.888;N44.3578;12;
3;USA;South Dakota;Lawrence;Roubaix;W103.666;N44.2758;12;
3;USA;South Dakota;Lawrence;Saint Onge;W103.721;N44.5467;12;
3;USA;South Dakota;Lawrence;Savoy;W103.931;N44.3525;12;
3;USA;South Dakota;Lawrence;Spearfish;W103.859;N44.4908;12;
3;USA;South Dakota;Lawrence;Terraville;W103.765;N44.3622;12;
3;USA;South Dakota;Lawrence;Terry;W103.817;N44.3336;12;
3;USA;South Dakota;Lawrence;Tinton;W104.049;N44.3806;12;
3;USA;South Dakota;Lawrence;Tomahawk;W103.529;N44.2119;12;
3;USA;South Dakota;Lawrence;Trojan;W103.838;N44.3422;12;
3;USA;South Dakota;Lawrence;Victoria;W103.908;N44.395;12;
3;USA;South Dakota;Lawrence;Whitewood;W103.639;N44.4611;12;
3;USA;South Dakota;Lawrence;Woodville;W103.755;N44.2911;12;
3;USA;South Dakota;Lincoln;Canton;W96.5928;N43.3008;12;
3;USA;South Dakota;Lincoln;Fairview;W96.49;N43.2217;12;
3;USA;South Dakota;Lincoln;Harrisburg;W96.6972;N43.4314;12;
3;USA;South Dakota;Lincoln;Hudson;W96.4542;N43.1303;12;
3;USA;South Dakota;Lincoln;Lennox;W96.8919;N43.3542;12;
3;USA;South Dakota;Lincoln;Moe;W96.6089;N43.1561;12;
3;USA;South Dakota;Lincoln;Naomi;W96.9244;N43.3306;12;
3;USA;South Dakota;Lincoln;Norway Center;W96.6283;N43.1272;12;
3;USA;South Dakota;Lincoln;Shindler;W96.6486;N43.475;12;
3;USA;South Dakota;Lincoln;Tea;W96.8358;N43.4464;12;
3;USA;South Dakota;Lincoln;Worthing;W96.7628;N43.3292;12;
3;USA;South Dakota;Lyman;Council House;W99.5889;N44.0778;12;
3;USA;South Dakota;Lyman;Iona;W99.4247;N43.5431;12;
3;USA;South Dakota;Lyman;Kennebec;W99.8617;N43.9036;12;
3;USA;South Dakota;Lyman;Lower Brule;W99.5814;N44.0789;12;
3;USA;South Dakota;Lyman;Lyman;W99.7394;N43.8811;12;
3;USA;South Dakota;Lyman;Oacoma;W99.3956;N43.7961;12;
3;USA;South Dakota;Lyman;Presho;W100.059;N43.9097;12;
3;USA;South Dakota;Lyman;Reliance;W99.6031;N43.8789;12;
3;USA;South Dakota;Lyman;Vivian;W100.292;N43.9269;12;
3;USA;South Dakota;Marshall;Amherst;W97.9211;N45.7381;12;
3;USA;South Dakota;Marshall;Britton;W97.7508;N45.7917;12;
3;USA;South Dakota;Marshall;Eden;W97.4197;N45.6167;12;
3;USA;South Dakota;Marshall;Hillhead;W97.3919;N45.835;12;
3;USA;South Dakota;Marshall;Kidder;W97.7133;N45.8831;12;
3;USA;South Dakota;Marshall;Lake City;W97.4144;N45.7253;12;
3;USA;South Dakota;Marshall;Langford;W97.8303;N45.6025;12;
3;USA;South Dakota;Marshall;Marlow;W97.3856;N45.9208;12;
3;USA;South Dakota;Marshall;Newark;W97.7914;N45.9294;12;
3;USA;South Dakota;Marshall;Spain;W97.7858;N45.7031;12;
3;USA;South Dakota;Marshall;Veblen;W97.2875;N45.8631;12;
3;USA;South Dakota;Marshall;West Britton;W97.8378;N45.7922;12;
3;USA;South Dakota;McCook;Bridgewater;W97.5075;N43.5517;12;
3;USA;South Dakota;McCook;Canistota;W97.2906;N43.5978;12;
3;USA;South Dakota;McCook;Montrose;W97.1836;N43.6986;12;
3;USA;South Dakota;McCook;Rumpus Ridge;W97.1886;N43.5806;12;
3;USA;South Dakota;McCook;Salem;W97.3889;N43.7242;12;
3;USA;South Dakota;McCook;Spencer;W97.5931;N43.7275;12;
3;USA;South Dakota;McCook;Stanley Corner;W97.3878;N43.5433;12;
3;USA;South Dakota;McCook;Unityville;W97.4525;N43.8014;12;
3;USA;South Dakota;McPherson;Eureka;W99.6194;N45.7694;12;
3;USA;South Dakota;McPherson;Greenway;W99.7108;N45.9097;12;
3;USA;South Dakota;McPherson;Hillsview;W99.5583;N45.6647;12;
3;USA;South Dakota;McPherson;Leola;W98.9408;N45.7228;12;
3;USA;South Dakota;McPherson;Long Lake Colony;W98.8194;N45.6067;12;
3;USA;South Dakota;McPherson;Long Lake;W99.205;N45.8567;12;
3;USA;South Dakota;McPherson;Madra;W99.7164;N45.93;12;
3;USA;South Dakota;McPherson;Spring Creek Colony;W98.8786;N45.9092;12;
3;USA;South Dakota;McPherson;Wetonka;W98.7678;N45.6253;12;
3;USA;South Dakota;Meade;Bear Butte;W103.308;N44.4744;12;
3;USA;South Dakota;Meade;Bend;W103.01;N44.2278;12;
3;USA;South Dakota;Meade;Blackhawk;W103.308;N44.1511;12;
3;USA;South Dakota;Meade;Boneita Springs;W102.562;N44.445;12;
3;USA;South Dakota;Meade;Cedar Canyon;W102.691;N45.0236;12;
3;USA;South Dakota;Meade;Clough;W102.805;N44.5792;12;
3;USA;South Dakota;Meade;Dalzell;W102.397;N44.3436;12;
3;USA;South Dakota;Meade;Elm Springs;W102.528;N44.3133;12;
3;USA;South Dakota;Meade;Enning;W102.563;N44.5756;12;
3;USA;South Dakota;Meade;Fairpoint;W102.797;N44.7483;12;
3;USA;South Dakota;Meade;Faith;W102.036;N45.0231;12;
3;USA;South Dakota;Meade;Fox Ridge;W102.526;N44.9944;12;
3;USA;South Dakota;Meade;Haydraw;W102.722;N44.445;12;
3;USA;South Dakota;Meade;Hereford;W102.896;N44.3872;12;
3;USA;South Dakota;Meade;Howes;W102.052;N44.6194;12;
3;USA;South Dakota;Meade;Marcus;W102.273;N44.6581;12;
3;USA;South Dakota;Meade;Maurine;W102.594;N45.0231;12;
3;USA;South Dakota;Meade;Mud Butte;W102.878;N45.0047;12;
3;USA;South Dakota;Meade;Opal;W102.451;N44.8917;12;
3;USA;South Dakota;Meade;Piedmont;W103.389;N44.2317;12;
3;USA;South Dakota;Meade;Plainview;W102.162;N44.6022;12;
3;USA;South Dakota;Meade;Redowl;W102.553;N44.6978;12;
3;USA;South Dakota;Meade;Stoneville;W102.655;N44.7336;12;
3;USA;South Dakota;Meade;Sturgis;W103.509;N44.4097;12;
3;USA;South Dakota;Meade;Sulphur;W102.914;N44.8767;12;
3;USA;South Dakota;Meade;Tilford;W103.43;N44.3003;12;
3;USA;South Dakota;Meade;Union Center;W102.669;N44.5608;12;
3;USA;South Dakota;Meade;Viewfield;W102.83;N44.2119;12;
3;USA;South Dakota;Meade;Volunteer;W103.133;N44.5119;12;
3;USA;South Dakota;Meade;White Owl;W102.431;N44.5922;12;
3;USA;South Dakota;Mellette;Badnation;W100.37;N43.6517;12;
3;USA;South Dakota;Mellette;Cedar Butte;W101.019;N43.5769;12;
3;USA;South Dakota;Mellette;Corn Creek;W101.201;N43.565;12;
3;USA;South Dakota;Mellette;Mosher;W100.298;N43.4683;12;
3;USA;South Dakota;Mellette;Norris;W101.196;N43.4733;12;
3;USA;South Dakota;Mellette;White River;W100.746;N43.5681;12;
3;USA;South Dakota;Mellette;Wood;W100.477;N43.4969;12;
3;USA;South Dakota;Miner;Argonne;W97.6386;N44.0733;12;
3;USA;South Dakota;Miner;Canova;W97.5044;N43.8811;12;
3;USA;South Dakota;Miner;Carthage;W97.7164;N44.1711;12;
3;USA;South Dakota;Miner;Cloverleaf Colony;W97.5369;N44.1825;12;
3;USA;South Dakota;Miner;Fedora;W97.7908;N44.0089;12;
3;USA;South Dakota;Miner;Howard;W97.5267;N44.0108;12;
3;USA;South Dakota;Miner;Roswell;W97.6958;N44.0072;12;
3;USA;South Dakota;Miner;Vilas;W97.5972;N44.0106;12;
3;USA;South Dakota;Minnehaha;Anderson Subdivision;W96.625;N43.5164;12;
3;USA;South Dakota;Minnehaha;Andys Acres;W96.69;N43.6294;12;
3;USA;South Dakota;Minnehaha;Baltic;W96.7403;N43.7614;12;
3;USA;South Dakota;Minnehaha;Benclare;W96.4789;N43.5056;12;
3;USA;South Dakota;Minnehaha;Boekhoff Subdivision;W96.8406;N43.5433;12;
3;USA;South Dakota;Minnehaha;Booge;W96.46;N43.6458;12;
3;USA;South Dakota;Minnehaha;Brandon;W96.5719;N43.5947;12;
3;USA;South Dakota;Minnehaha;Cactus Heights;W96.6672;N43.5603;12;
3;USA;South Dakota;Minnehaha;Colton;W96.9275;N43.7861;12;
3;USA;South Dakota;Minnehaha;Corson;W96.5717;N43.6164;12;
3;USA;South Dakota;Minnehaha;Country Acres;W96.8894;N43.5006;12;
3;USA;South Dakota;Minnehaha;Country Estates Subdivision;W96.9294;N43.5153;12;
3;USA;South Dakota;Minnehaha;Country Gables Subdivision;W96.6125;N43.5806;12;
3;USA;South Dakota;Minnehaha;Crooks;W96.8108;N43.6647;12;
3;USA;South Dakota;Minnehaha;Dell Rapids;W96.7061;N43.8261;12;
3;USA;South Dakota;Minnehaha;East Sioux Falls;W96.6086;N43.5269;12;
3;USA;South Dakota;Minnehaha;El Rancho Acres;W96.8731;N43.5014;12;
3;USA;South Dakota;Minnehaha;Ellis Corner;W96.8308;N43.6017;12;
3;USA;South Dakota;Minnehaha;Ellis;W96.8306;N43.5625;12;
3;USA;South Dakota;Minnehaha;Erickson Subdivision;W96.7108;N43.6081;12;
3;USA;South Dakota;Minnehaha;Froelich Addition;W96.7164;N43.5839;12;
3;USA;South Dakota;Minnehaha;Garretson;W96.5028;N43.7175;12;
3;USA;South Dakota;Minnehaha;Hartford;W96.9425;N43.6231;12;
3;USA;South Dakota;Minnehaha;Hayward Addition;W96.7933;N43.5381;12;
3;USA;South Dakota;Minnehaha;Hill Ridge Development;W96.6356;N43.5589;12;
3;USA;South Dakota;Minnehaha;Humboldt;W97.0739;N43.6453;12;
3;USA;South Dakota;Minnehaha;Huntimer;W96.93;N43.8342;12;
3;USA;South Dakota;Minnehaha;Indian Hill Division;W96.6217;N43.5714;12;
3;USA;South Dakota;Minnehaha;Ingberg Tracts;W96.6461;N43.5589;12;
3;USA;South Dakota;Minnehaha;Iversons Subdivision;W96.6397;N43.5283;12;
3;USA;South Dakota;Minnehaha;Johnsons Addition;W96.8089;N43.6586;12;
3;USA;South Dakota;Minnehaha;Klein Subdivision;W96.8267;N43.5183;12;
3;USA;South Dakota;Minnehaha;Lyons;W96.8678;N43.7231;12;
3;USA;South Dakota;Minnehaha;Martindale Addition;W96.7656;N43.5886;12;
3;USA;South Dakota;Minnehaha;McCroskey Addition;W96.6917;N43.6489;12;
3;USA;South Dakota;Minnehaha;Meadow View Addition;W96.7111;N43.62;12;
3;USA;South Dakota;Minnehaha;Midway;W96.7114;N43.7033;12;
3;USA;South Dakota;Minnehaha;Norton Acres;W96.7044;N43.5772;12;
3;USA;South Dakota;Minnehaha;Oak Park Estates;W96.4919;N43.7306;12;
3;USA;South Dakota;Minnehaha;Pine Lakes Addition;W96.6356;N43.5519;12;
3;USA;South Dakota;Minnehaha;Pumpkin Center;W97.0886;N43.5433;12;
3;USA;South Dakota;Minnehaha;Renner Corner;W96.7114;N43.6453;12;
3;USA;South Dakota;Minnehaha;Renner;W96.7283;N43.6456;12;
3;USA;South Dakota;Minnehaha;Reppert Addition;W96.7947;N43.5736;12;
3;USA;South Dakota;Minnehaha;Rowena;W96.5558;N43.5203;12;
3;USA;South Dakota;Minnehaha;Sherman;W96.4761;N43.7592;12;
3;USA;South Dakota;Minnehaha;Silver Valley Addition;W96.8075;N43.5336;12;
3;USA;South Dakota;Minnehaha;Sioux Falls;W96.7003;N43.55;12;
3;USA;South Dakota;Minnehaha;Skyline Heights;W96.7617;N43.6069;12;
3;USA;South Dakota;Minnehaha;Sorum Addition;W96.7133;N43.6511;12;
3;USA;South Dakota;Minnehaha;Sorum Heights;W96.7089;N43.6542;12;
3;USA;South Dakota;Minnehaha;Split Rock Heights;W96.6497;N43.5281;12;
3;USA;South Dakota;Minnehaha;Valley Springs;W96.4678;N43.5825;12;
3;USA;South Dakota;Minnehaha;Webster Grove Addition;W96.8114;N43.5489;12;
3;USA;South Dakota;Minnehaha;West Acres Development;W96.8664;N43.5461;12;
3;USA;South Dakota;Moody;Colman;W96.8144;N43.9825;12;
3;USA;South Dakota;Moody;Egan;W96.6489;N43.9992;12;
3;USA;South Dakota;Moody;Flandreau;W96.5953;N44.0494;12;
3;USA;South Dakota;Moody;Lone Tree;W96.7292;N43.9789;12;
3;USA;South Dakota;Moody;Sioux Falls Junction;W96.6894;N43.9792;12;
3;USA;South Dakota;Moody;Trent;W96.6539;N43.9064;12;
3;USA;South Dakota;Moody;Ward;W96.4603;N44.1547;12;
3;USA;South Dakota;Pennington;Ajax;W103.182;N43.8975;12;
3;USA;South Dakota;Pennington;Arrowhead Estates;W103.277;N44.0361;12;
3;USA;South Dakota;Pennington;Ashland Heights;W103.125;N44.1297;12;
3;USA;South Dakota;Pennington;Big Bend;W103.415;N44.0656;12;
3;USA;South Dakota;Pennington;Box Elder;W103.068;N44.1125;12;
3;USA;South Dakota;Pennington;Broadmoor Subdivision;W103.273;N44.0394;12;
3;USA;South Dakota;Pennington;Caputa;W102.982;N43.9939;12;
3;USA;South Dakota;Pennington;Clarkson Addition;W103.327;N44.0086;12;
3;USA;South Dakota;Pennington;Colonial Pine Hills;W103.316;N44.0078;12;
3;USA;South Dakota;Pennington;Conata;W102.189;N43.7286;12;
3;USA;South Dakota;Pennington;Creighton;W102.208;N44.255;12;
3;USA;South Dakota;Pennington;Creston;W102.699;N43.9106;12;
3;USA;South Dakota;Pennington;Deerfield;W103.834;N44.0172;12;
3;USA;South Dakota;Pennington;Farmingdale;W102.884;N43.9592;12;
3;USA;South Dakota;Pennington;Five Points;W103.551;N43.9714;12;
3;USA;South Dakota;Pennington;Gold Mountain Subdivision;W103.597;N43.9564;12;
3;USA;South Dakota;Pennington;Gossage Memorial;W103.251;N44.0708;12;
3;USA;South Dakota;Pennington;Green Valley;W103.111;N44.0356;12;
3;USA;South Dakota;Pennington;Harney;W103.388;N43.8925;12;
3;USA;South Dakota;Pennington;Hill City;W103.575;N43.9325;12;
3;USA;South Dakota;Pennington;Hisega;W103.402;N44.0533;12;
3;USA;South Dakota;Pennington;Imlay;W102.397;N43.7194;12;
3;USA;South Dakota;Pennington;J and E Trailer Court;W103.526;N44.1028;12;
3;USA;South Dakota;Pennington;Johnson Siding;W103.438;N44.0847;12;
3;USA;South Dakota;Pennington;Kennedyville;W103.524;N43.9231;12;
3;USA;South Dakota;Pennington;Keystone;W103.418;N43.8956;12;
3;USA;South Dakota;Pennington;Lakota Homes;W103.219;N44.1083;12;
3;USA;South Dakota;Pennington;Mawl Springs;W102.801;N44.0872;12;
3;USA;South Dakota;Pennington;McGee;W103.384;N44.0381;12;
3;USA;South Dakota;Pennington;Melcore Acres Subdivision;W103.44;N44.0831;12;
3;USA;South Dakota;Pennington;Merritt;W103.569;N44.1408;12;
3;USA;South Dakota;Pennington;Moon;W104.008;N43.9464;12;
3;USA;South Dakota;Pennington;Murphy;W103.127;N44.0444;12;
3;USA;South Dakota;Pennington;Myersville;W103.739;N44.1033;12;
3;USA;South Dakota;Pennington;Mystic;W103.642;N44.0769;12;
3;USA;South Dakota;Pennington;New Underwood;W102.836;N44.0933;12;
3;USA;South Dakota;Pennington;Oreville;W103.623;N43.8675;12;
3;USA;South Dakota;Pennington;Owanka;W102.588;N44.0222;12;
3;USA;South Dakota;Pennington;Pedro;W102.119;N44.42;12;
3;USA;South Dakota;Pennington;Quinn;W102.126;N43.9881;12;
3;USA;South Dakota;Pennington;Rapid City;W103.231;N44.0806;12;
3;USA;South Dakota;Pennington;Rapid Valley;W103.146;N44.0625;12;
3;USA;South Dakota;Pennington;Redfern;W103.645;N44.0025;12;
3;USA;South Dakota;Pennington;Reno;W103.618;N43.9147;12;
3;USA;South Dakota;Pennington;Ridgeland Heights;W103.363;N44.0828;12;
3;USA;South Dakota;Pennington;Rochford;W103.72;N44.1244;12;
3;USA;South Dakota;Pennington;Rockerville;W103.359;N43.9581;12;
3;USA;South Dakota;Pennington;Scenic;W102.555;N43.7797;12;
3;USA;South Dakota;Pennington;Schaeferville;W103.296;N44.1214;12;
3;USA;South Dakota;Pennington;Silver City;W103.564;N44.0844;12;
3;USA;South Dakota;Pennington;Sioux Village;W103.218;N44.1144;12;
3;USA;South Dakota;Pennington;South Canyon Country Estates;W103.363;N44.1019;12;
3;USA;South Dakota;Pennington;Stratosphere Bowl;W103.346;N43.9767;12;
3;USA;South Dakota;Pennington;Thunderbird Homes Addition;W103.471;N44.1222;12;
3;USA;South Dakota;Pennington;Tigerville;W103.64;N43.9767;12;
3;USA;South Dakota;Pennington;Twilight Hills Addition;W103.147;N44.0806;12;
3;USA;South Dakota;Pennington;Wall;W102.242;N43.9925;12;
3;USA;South Dakota;Pennington;Warbonnet;W103.133;N43.9992;12;
3;USA;South Dakota;Pennington;Wasta;W102.446;N44.0686;12;
3;USA;South Dakota;Pennington;Wicksville;W102.589;N44.0961;12;
3;USA;South Dakota;Pennington;Wildwood Addition;W103.275;N44.0353;12;
3;USA;South Dakota;Perkins;Bison;W102.461;N45.5203;12;
3;USA;South Dakota;Perkins;Bixby;W102.562;N45.1483;12;
3;USA;South Dakota;Perkins;Chance;W102.281;N45.41;12;
3;USA;South Dakota;Perkins;Coal Springs;W102.108;N45.4417;12;
3;USA;South Dakota;Perkins;Date;W102.68;N45.3672;12;
3;USA;South Dakota;Perkins;Imogene;W102.713;N45.1406;12;
3;USA;South Dakota;Perkins;Lemmon;W102.159;N45.9408;12;
3;USA;South Dakota;Perkins;Lodgepole;W102.661;N45.8047;12;
3;USA;South Dakota;Perkins;Meadow;W102.216;N45.5292;12;
3;USA;South Dakota;Perkins;Prairie City;W102.804;N45.5297;12;
3;USA;South Dakota;Perkins;Shadehill;W102.179;N45.7656;12;
3;USA;South Dakota;Perkins;Sorum;W102.929;N45.4497;12;
3;USA;South Dakota;Perkins;Strool;W102.805;N45.5006;12;
3;USA;South Dakota;Perkins;Summerville;W102.177;N45.7739;12;
3;USA;South Dakota;Perkins;Usta;W102.163;N45.2203;12;
3;USA;South Dakota;Perkins;White Butte;W102.362;N45.9406;12;
3;USA;South Dakota;Perkins;Zeona;W102.912;N45.1933;12;
3;USA;South Dakota;Potter;Forest City;W100.3;N45.0028;12;
3;USA;South Dakota;Potter;Gettysburg;W99.9556;N45.0117;12;
3;USA;South Dakota;Potter;Gorman;W100.075;N44.9269;12;
3;USA;South Dakota;Potter;Hoven;W99.7769;N45.2436;12;
3;USA;South Dakota;Potter;Lebanon;W99.7697;N45.0697;12;
3;USA;South Dakota;Potter;Tolstoy;W99.6142;N45.2081;12;
3;USA;South Dakota;Roberts;Claire City;W97.1036;N45.8572;12;
3;USA;South Dakota;Roberts;Corona;W96.7631;N45.3339;12;
3;USA;South Dakota;Roberts;Dahlberg;W97.1853;N45.8558;12;
3;USA;South Dakota;Roberts;Diamond;W96.6914;N45.7372;12;
3;USA;South Dakota;Roberts;Goodwill;W97.07;N45.5669;12;
3;USA;South Dakota;Roberts;Hammer;W97.0211;N45.8553;12;
3;USA;South Dakota;Roberts;Hartford Beach;W96.6811;N45.4056;12;
3;USA;South Dakota;Roberts;Hiawatha Beach;W96.7444;N45.47;12;
3;USA;South Dakota;Roberts;Linden Beach;W96.6486;N45.4047;12;
3;USA;South Dakota;Roberts;Long Hollow Housing;W97.1533;N45.6872;12;
3;USA;South Dakota;Roberts;Madsen Beach;W96.7397;N45.4603;12;
3;USA;South Dakota;Roberts;New Effington;W96.9203;N45.8564;12;
3;USA;South Dakota;Roberts;Ortley;W97.1956;N45.3322;12;
3;USA;South Dakota;Roberts;Peever Flats;W96.9358;N45.5239;12;
3;USA;South Dakota;Roberts;Peever;W96.9547;N45.5431;12;
3;USA;South Dakota;Roberts;Rosholt;W96.7314;N45.8667;12;
3;USA;South Dakota;Roberts;Rudebusch Corner;W97.1544;N45.4283;12;
3;USA;South Dakota;Roberts;Schmidt Landing;W96.5608;N45.3797;12;
3;USA;South Dakota;Roberts;Shady Beach;W96.6319;N45.4036;12;
3;USA;South Dakota;Roberts;Sisseton;W97.0497;N45.6647;12;
3;USA;South Dakota;Roberts;South Dakota Park;W96.7008;N45.4175;12;
3;USA;South Dakota;Roberts;Spring Grove;W97.05;N45.4631;12;
3;USA;South Dakota;Roberts;Summit;W97.0364;N45.3044;12;
3;USA;South Dakota;Roberts;Torvik Subdivision;W97.0769;N45.6625;12;
3;USA;South Dakota;Roberts;Valley View Estates;W97.1244;N45.6542;12;
3;USA;South Dakota;Roberts;Victor;W96.8328;N45.8689;12;
3;USA;South Dakota;Roberts;White Rock;W96.5717;N45.9167;12;
3;USA;South Dakota;Roberts;Wilmot;W96.8578;N45.4086;12;
3;USA;South Dakota;Sanborn;Artesian;W97.9208;N44.0092;12;
3;USA;South Dakota;Sanborn;Cuthbert;W98.2239;N43.9678;12;
3;USA;South Dakota;Sanborn;Farwell;W97.9114;N43.8506;12;
3;USA;South Dakota;Sanborn;Forestburg;W98.1081;N44.0222;12;
3;USA;South Dakota;Sanborn;Letcher;W98.1386;N43.8972;12;
3;USA;South Dakota;Sanborn;Ruskin Park;W98.0964;N44.0056;12;
3;USA;South Dakota;Sanborn;Woonsocket;W98.2756;N44.0536;12;
3;USA;South Dakota;Shannon;Batesland;W102.102;N43.1294;12;
3;USA;South Dakota;Shannon;Denby;W102.338;N43.0608;12;
3;USA;South Dakota;Shannon;Kyle;W102.177;N43.425;12;
3;USA;South Dakota;Shannon;Manderson;W102.471;N43.2353;12;
3;USA;South Dakota;Shannon;Oglala;W102.74;N43.1886;12;
3;USA;South Dakota;Shannon;Pine Ridge;W102.556;N43.0256;12;
3;USA;South Dakota;Shannon;Porcupine;W102.331;N43.2397;12;
3;USA;South Dakota;Shannon;Red Shirt;W102.899;N43.6675;12;
3;USA;South Dakota;Shannon;Rockyford;W102.502;N43.4972;12;
3;USA;South Dakota;Shannon;Sharps Corner;W102.399;N43.3897;12;
3;USA;South Dakota;Shannon;Slim Butte;W102.821;N43.0761;12;
3;USA;South Dakota;Shannon;Wakpamani;W102.148;N43.1217;12;
3;USA;South Dakota;Shannon;Wounded Knee;W102.366;N43.1406;12;
3;USA;South Dakota;Spink;Ashton;W98.4978;N44.995;12;
3;USA;South Dakota;Spink;Athol;W98.5964;N45.0089;12;
3;USA;South Dakota;Spink;Bloomfield;W98.0989;N44.6325;12;
3;USA;South Dakota;Spink;Brentford;W98.3228;N45.1603;12;
3;USA;South Dakota;Spink;Clark Colony;W97.9803;N44.7894;12;
3;USA;South Dakota;Spink;Conde;W98.0975;N45.1572;12;
3;USA;South Dakota;Spink;Crandon;W98.4581;N44.7747;12;
3;USA;South Dakota;Spink;Doland;W98.1006;N44.8958;12;
3;USA;South Dakota;Spink;Duxbury;W98.495;N45.2411;12;
3;USA;South Dakota;Spink;Frankfort;W98.3053;N44.8767;12;
3;USA;South Dakota;Spink;Gallup;W98.4953;N45.0706;12;
3;USA;South Dakota;Spink;Glendale Colony;W98.2875;N44.7994;12;
3;USA;South Dakota;Spink;Hillside Colony;W98.0458;N44.7389;12;
3;USA;South Dakota;Spink;LaDelle;W98.1189;N44.6753;12;
3;USA;South Dakota;Spink;Mansfield;W98.5628;N45.2431;12;
3;USA;South Dakota;Spink;Mellette;W98.4975;N45.1544;12;
3;USA;South Dakota;Spink;Northville;W98.5792;N45.1556;12;
3;USA;South Dakota;Spink;Redfield;W98.5186;N44.8758;12;
3;USA;South Dakota;Spink;Spink Colony;W98.2919;N44.7467;12;
3;USA;South Dakota;Spink;Spottswood;W98.5056;N44.6522;12;
3;USA;South Dakota;Spink;Tulare;W98.5097;N44.7381;12;
3;USA;South Dakota;Spink;Turton;W98.0956;N45.0497;12;
3;USA;South Dakota;Stanley;Fort Pierre;W100.374;N44.3536;12;
3;USA;South Dakota;Stanley;Hayes;W101.022;N44.3703;12;
3;USA;South Dakota;Stanley;Lacy;W100.701;N44.4956;12;
3;USA;South Dakota;Stanley;Mission Ridge;W100.796;N44.6919;12;
3;USA;South Dakota;Stanley;Orton;W100.842;N44.7103;12;
3;USA;South Dakota;Stanley;Sansarc;W101.035;N44.5067;12;
3;USA;South Dakota;Stanley;Teton;W100.508;N44.2869;12;
3;USA;South Dakota;Stanley;Verendrye Hill;W100.382;N44.3569;12;
3;USA;South Dakota;Stanley;Wendte;W100.665;N44.2444;12;
3;USA;South Dakota;Sully;Agar;W100.074;N44.8383;12;
3;USA;South Dakota;Sully;Eakin;W100.033;N44.6156;12;
3;USA;South Dakota;Sully;Okobojo;W100.396;N44.6492;12;
3;USA;South Dakota;Sully;Onida;W100.06;N44.7081;12;
3;USA;South Dakota;Todd;Antelope Development Area;W100.634;N43.3022;12;
3;USA;South Dakota;Todd;Antelope;W100.629;N43.3031;12;
3;USA;South Dakota;Todd;Hidden Timber;W100.421;N43.2294;12;
3;USA;South Dakota;Todd;Lakeview;W100.748;N43.1036;12;
3;USA;South Dakota;Todd;Littleburg;W100.452;N43.045;12;
3;USA;South Dakota;Todd;Mission;W100.658;N43.3058;12;
3;USA;South Dakota;Todd;Okreek;W100.386;N43.3622;12;
3;USA;South Dakota;Todd;Olsonville;W100.609;N43.1278;12;
3;USA;South Dakota;Todd;Parmelee;W101.027;N43.3231;12;
3;USA;South Dakota;Todd;Rosebud;W100.854;N43.2328;12;
3;USA;South Dakota;Todd;Saint Francis;W100.905;N43.1444;12;
3;USA;South Dakota;Todd;Soldier Creek;W100.888;N43.3236;12;
3;USA;South Dakota;Todd;Spring Creek;W101.023;N43.1175;12;
3;USA;South Dakota;Todd;Two Strike;W100.876;N43.2131;12;
3;USA;South Dakota;Todd;White Horse;W100.596;N43.3083;12;
3;USA;South Dakota;Tripp;Carter;W100.203;N43.3872;12;
3;USA;South Dakota;Tripp;Clearfield;W100.028;N43.1683;12;
3;USA;South Dakota;Tripp;Colome;W99.715;N43.2606;12;
3;USA;South Dakota;Tripp;Hamill;W99.6814;N43.5947;12;
3;USA;South Dakota;Tripp;Ideal;W99.9214;N43.5433;12;
3;USA;South Dakota;Tripp;Jordan Junction;W100.029;N43.385;12;
3;USA;South Dakota;Tripp;Keyapaha;W100.138;N43.1094;12;
3;USA;South Dakota;Tripp;Millboro;W99.9689;N43.0731;12;
3;USA;South Dakota;Tripp;Wewela;W99.7808;N43.0106;12;
3;USA;South Dakota;Tripp;Winner;W99.8589;N43.3767;12;
3;USA;South Dakota;Tripp;Witten;W100.079;N43.4394;12;
3;USA;South Dakota;Turner;Centerville;W96.9614;N43.1194;12;
3;USA;South Dakota;Turner;Chancellor;W96.9869;N43.3722;12;
3;USA;South Dakota;Turner;Davis;W96.9956;N43.2575;12;
3;USA;South Dakota;Turner;Dolton;W97.3856;N43.4908;12;
3;USA;South Dakota;Turner;Hooker;W97.0247;N43.2;12;
3;USA;South Dakota;Turner;Hurley;W97.0892;N43.2831;12;
3;USA;South Dakota;Turner;Marion;W97.2606;N43.4231;12;
3;USA;South Dakota;Turner;Monroe;W97.215;N43.4864;12;
3;USA;South Dakota;Turner;Parker;W97.1364;N43.3975;12;
3;USA;South Dakota;Turner;Spring Valley;W97.2689;N43.2042;12;
3;USA;South Dakota;Turner;Turkey Ridge;W97.2794;N43.2436;12;
3;USA;South Dakota;Turner;Viborg;W97.0814;N43.1703;12;
3;USA;South Dakota;Union;Alcester;W96.6308;N43.0214;12;
3;USA;South Dakota;Union;Alsen;W96.8056;N42.9611;12;
3;USA;South Dakota;Union;Beresford;W96.7736;N43.0806;12;
3;USA;South Dakota;Union;Big Springs;W96.6075;N42.9381;12;
3;USA;South Dakota;Union;Dakota Dunes;W96.4864;N42.4875;12;
3;USA;South Dakota;Union;Elk Point;W96.6836;N42.6833;12;
3;USA;South Dakota;Union;Emmet;W96.7461;N42.9828;12;
3;USA;South Dakota;Union;Hill Side;W96.7853;N42.9392;12;
3;USA;South Dakota;Union;Hoffmans Trailer Court;W96.6447;N42.6069;12;
3;USA;South Dakota;Union;Jefferson;W96.5592;N42.6025;12;
3;USA;South Dakota;Union;Junction City;W96.7861;N42.7867;12;
3;USA;South Dakota;Union;McCook Lake;W96.5058;N42.5417;12;
3;USA;South Dakota;Union;McKays Trailer Court;W96.6447;N42.6125;12;
3;USA;South Dakota;Union;Midway;W96.7864;N42.8664;12;
3;USA;South Dakota;Union;Nora;W96.7069;N42.9392;12;
3;USA;South Dakota;Union;North Sioux City;W96.4831;N42.5272;12;
3;USA;South Dakota;Union;Richland;W96.6528;N42.7594;12;
3;USA;South Dakota;Union;Spink;W96.7469;N42.8519;12;
3;USA;South Dakota;Walworth;Akaska;W100.121;N45.3325;12;
3;USA;South Dakota;Walworth;Glenham;W100.271;N45.5328;12;
3;USA;South Dakota;Walworth;Java;W99.8864;N45.5033;12;
3;USA;South Dakota;Walworth;Lowry;W99.9825;N45.3161;12;
3;USA;South Dakota;Walworth;Mobridge;W100.428;N45.5372;12;
3;USA;South Dakota;Walworth;Selby;W100.032;N45.5064;12;
3;USA;South Dakota;Walworth;Sitka;W100.186;N45.5169;12;
3;USA;South Dakota;Yankton;Fairview Heights;W97.5253;N42.8672;12;
3;USA;South Dakota;Yankton;Gayville;W97.1722;N42.8881;12;
3;USA;South Dakota;Yankton;Jamesville;W97.4836;N43.1028;12;
3;USA;South Dakota;Yankton;Lakeport;W97.5794;N42.9083;12;
3;USA;South Dakota;Yankton;Lesterville;W97.5956;N43.0394;12;
3;USA;South Dakota;Yankton;Mayfield;W97.3186;N43.0825;12;
3;USA;South Dakota;Yankton;Midway;W97.3992;N43.1258;12;
3;USA;South Dakota;Yankton;Mission Hill;W97.2789;N42.9233;12;
3;USA;South Dakota;Yankton;Napa Junction;W97.4536;N42.9411;12;
3;USA;South Dakota;Yankton;Northshore Development;W97.5281;N42.8667;12;
3;USA;South Dakota;Yankton;Oak Hills Addition;W97.5328;N42.8667;12;
3;USA;South Dakota;Yankton;Pearsons Corner;W97.3183;N43.1694;12;
3;USA;South Dakota;Yankton;Utica;W97.4964;N42.9811;12;
3;USA;South Dakota;Yankton;Valleyview;W97.2789;N42.9672;12;
3;USA;South Dakota;Yankton;Vedin Corner;W97.3989;N43.0825;12;
3;USA;South Dakota;Yankton;Volin;W97.1803;N42.9572;12;
3;USA;South Dakota;Yankton;Yankton;W97.3972;N42.8711;12;
3;USA;South Dakota;Ziebach;Allison Crossing;W101.918;N45.1989;12;
3;USA;South Dakota;Ziebach;Bridger;W101.911;N44.5458;12;
3;USA;South Dakota;Ziebach;Chase;W101.629;N44.9411;12;
3;USA;South Dakota;Ziebach;Cherry Creek;W101.5;N44.6056;12;
3;USA;South Dakota;Ziebach;Dupree;W101.601;N45.0475;12;
3;USA;South Dakota;Ziebach;Glad Valley;W101.778;N45.3992;12;
3;USA;South Dakota;Ziebach;Iron Lightning;W101.846;N45.1797;12;
3;USA;South Dakota;Ziebach;Red Elm;W101.784;N45.0553;12;
3;USA;South Dakota;Ziebach;Red Scaffold;W101.844;N44.7669;12;
3;USA;South Dakota;Ziebach;Thunder Butte;W101.67;N45.2128;12;
